date,close_price
2019-01-01,3717.58
2019-01-02,3885.83
2019-01-03,3791.30
2019-01-04,3831.29
2019-01-05,3835.61
2019-01-06,4055.00
2019-01-07,4009.00
2019-01-08,3995.62
2019-01-09,3999.29
2019-01-10,3627.60
2019-01-11,3649.78
2019-01-12,3628.41
2019-01-13,3517.41
2019-01-14,3662.42
2019-01-15,3568.13
2019-01-16,3602.51
2019-01-17,3624.11
2019-01-18,3611.63
2019-01-19,3702.91
2019-01-20,3518.43
2019-01-21,3520.42
2019-01-22,3573.59
2019-01-23,3544.82
2019-01-24,3570.91
2019-01-25,3556.64
2019-01-26,3557.12
2019-01-27,3550.38
2019-01-28,3416.04
2019-01-29,3402.05
2019-01-30,3431.63
2019-01-31,3416.81
2019-02-01,3441.80
2019-02-02,3431.40
2019-02-03,3417.09
2019-02-04,3416.15
2019-02-05,3422.40
2019-02-06,3366.55
2019-02-07,3357.84
2019-02-08,3595.69
2019-02-09,3716.80
2019-02-10,3606.31
2019-02-11,3682.30
2019-02-12,3577.30
2019-02-13,3572.13
2019-02-14,3571.50
2019-02-15,3562.30
2019-02-16,3595.74
2019-02-17,3574.54
2019-02-18,3851.98
2019-02-19,3984.70
2019-02-20,3910.95
2019-02-21,3899.56
2019-02-22,3941.06
2019-02-23,4105.94
2019-02-24,3861.90
2019-02-25,3804.80
2019-02-26,3786.90
2019-02-27,3748.91
2019-02-28,3798.44
2019-03-01,3827.18
2019-03-02,3909.90
2019-03-03,3893.00
2019-03-04,3702.48
2019-03-05,3937.60
2019-03-06,3945.10
2019-03-07,3871.00
2019-03-08,3868.30
2019-03-09,3889.77
2019-03-10,3882.52
2019-03-11,3942.30
2019-03-12,3961.90
2019-03-13,3851.92
2019-03-14,3949.30
2019-03-15,3895.21
2019-03-16,4081.20
2019-03-17,3959.73
2019-03-18,4075.90
2019-03-19,3992.08
2019-03-20,4107.60
2019-03-21,3976.24
2019-03-22,3984.00
2019-03-23,3973.29
2019-03-24,4049.50
2019-03-25,3886.53
2019-03-26,3911.86
2019-03-27,4080.70
2019-03-28,4010.36
2019-03-29,4071.96
2019-03-30,4076.43
2019-03-31,4165.60
2019-04-01,4127.67
2019-04-02,4801.30
2019-04-03,5280.50
2019-04-04,4894.70
2019-04-05,4997.37
2019-04-06,5081.90
2019-04-07,5119.77
2019-04-08,5255.67
2019-04-09,5221.00
2019-04-10,5300.29
2019-04-11,5052.69
2019-04-12,5042.92
2019-04-13,5081.71
2019-04-14,5108.64
2019-04-15,5026.80
2019-04-16,5184.91
2019-04-17,5214.91
2019-04-18,5308.57
2019-04-19,5268.82
2019-04-20,5314.51
2019-04-21,5244.69
2019-04-22,5371.00
2019-04-23,5610.00
2019-04-24,5435.20
2019-04-25,5495.47
2019-04-26,5146.60
2019-04-27,5229.60
2019-04-28,5215.50
2019-04-29,5130.12
2019-04-30,5236.75
2019-05-01,5307.75
2019-05-02,5403.73
2019-05-03,5696.88
2019-05-04,5685.85
2019-05-05,5709.66
2019-05-06,5693.33
2019-05-07,5844.02
2019-05-08,5898.64
2019-05-09,6079.75
2019-05-10,6289.25
2019-05-11,6944.60
2019-05-12,7071.89
2019-05-13,7801.10
2019-05-14,7719.90
2019-05-15,8172.00
2019-05-16,7667.00
2019-05-17,7098.66
2019-05-18,7295.40
2019-05-19,7978.04
2019-05-20,8000.75
2019-05-21,8064.40
2019-05-22,7822.30
2019-05-23,7875.32
2019-05-24,8113.66
2019-05-25,8047.73
2019-05-26,8016.10
2019-05-27,8753.38
2019-05-28,8680.83
2019-05-29,8674.00
2019-05-30,8463.00
2019-05-31,8498.91
2019-06-01,8685.90
2019-06-02,8498.91
2019-06-03,8525.90
2019-06-04,7650.00
2019-06-05,7730.98
2019-06-06,7682.25
2019-06-07,7887.70
2019-06-08,7874.80
2019-06-09,7712.12
2019-06-10,7937.30
2019-06-11,7915.20
2019-06-12,8120.16
2019-06-13,8259.25
2019-06-14,8454.50
2019-06-15,8799.26
2019-06-16,9035.70
2019-06-17,9267.97
2019-06-18,9141.63
2019-06-19,9162.50
2019-06-20,9557.07
2019-06-21,9940.00
2019-06-22,10611.68
2019-06-23,11129.00
2019-06-24,10850.13
2019-06-25,11359.41
2019-06-26,12706.00
2019-06-27,10668.76
2019-06-28,12218.25
2019-06-29,12167.00
2019-06-30,11383.54
2019-07-01,10509.50
2019-07-02,10698.70
2019-07-03,11380.03
2019-07-04,11710.80
2019-07-05,11027.50
2019-07-06,11457.74
2019-07-07,11500.70
2019-07-08,12206.28
2019-07-09,12405.11
2019-07-10,11775.27
2019-07-11,11138.40
2019-07-12,11900.25
2019-07-13,10908.44
2019-07-14,10640.00
2019-07-15,10847.00
2019-07-16,9598.75
2019-07-17,9691.50
2019-07-18,10576.10
2019-07-19,10522.66
2019-07-20,10933.43
2019-07-21,10492.00
2019-07-22,10297.90
2019-07-23,10143.75
2019-07-24,9675.75
2019-07-25,9880.70
2019-07-26,9831.10
2019-07-27,9452.00
2019-07-28,9504.27
2019-07-29,9495.12
2019-07-30,9538.43
2019-07-31,10028.68
2019-08-01,10411.00
2019-08-02,10403.60
2019-08-03,10888.00
2019-08-04,10926.22
2019-08-05,11718.72
2019-08-06,11663.00
2019-08-07,11887.00
2019-08-08,11658.00
2019-08-09,11857.94
2019-08-10,11336.00
2019-08-11,11411.12
2019-08-12,11419.25
2019-08-13,10865.55
2019-08-14,10154.32
2019-08-15,10365.80
2019-08-16,10392.26
2019-08-17,10088.48
2019-08-18,10358.00
2019-08-19,10670.45
2019-08-20,10734.00
2019-08-21,10165.00
2019-08-22,10180.00
2019-08-23,10359.05
2019-08-24,10109.54
2019-08-25,9995.16
2019-08-26,10261.42
2019-08-27,10141.45
2019-08-28,9678.10
2019-08-29,9524.01
2019-08-30,9621.00
2019-08-31,9487.80
2019-09-01,9652.10
2019-09-02,10408.02
2019-09-03,10720.00
2019-09-04,10622.50
2019-09-05,10517.75
2019-09-06,10340.74
2019-09-07,10518.54
2019-09-08,10361.26
2019-09-09,10243.00
2019-09-10,10052.50
2019-09-11,10125.00
2019-09-12,10349.00
2019-09-13,10279.00
2019-09-14,10275.37
2019-09-15,10450.00
2019-09-16,10209.75
2019-09-17,10251.75
2019-09-18,10213.00
2019-09-19,10285.00
2019-09-20,10131.68
2019-09-21,9962.51
2019-09-22,10002.88
2019-09-23,9785.10
2019-09-24,8575.50
2019-09-25,8500.98
2019-09-26,8088.33
2019-09-27,8055.49
2019-09-28,8165.58
2019-09-29,8035.70
2019-09-30,8260.00
2019-10-01,8383.50
2019-10-02,8260.10
2019-10-03,8161.00
2019-10-04,8174.00
2019-10-05,8107.78
2019-10-06,7904.58
2019-10-07,8213.76
2019-10-08,8155.00
2019-10-09,8587.12
2019-10-10,8578.98
2019-10-11,8336.42
2019-10-12,8358.70
2019-10-13,8264.96
2019-10-14,8335.84
2019-10-15,8167.60
2019-10-16,7990.28
2019-10-17,8044.00
2019-10-18,7972.90
2019-10-19,7843.99
2019-10-20,8246.60
2019-10-21,8200.82
2019-10-22,8122.00
2019-10-23,7490.00
2019-10-24,7453.03
2019-10-25,8568.25
2019-10-26,9125.46
2019-10-27,9623.66
2019-10-28,9433.64
2019-10-29,9444.51
2019-10-30,9201.90
2019-10-31,9190.79
2019-11-01,9206.33
2019-11-02,9151.83
2019-11-03,9309.79
2019-11-04,9460.10
2019-11-05,9345.00
2019-11-06,9304.75
2019-11-07,9215.60
2019-11-08,8868.00
2019-11-09,8789.60
2019-11-10,9030.02
2019-11-11,8729.41
2019-11-12,8762.75
2019-11-13,8768.92
2019-11-14,8645.99
2019-11-15,8450.75
2019-11-16,8445.49
2019-11-17,8560.30
2019-11-18,8217.29
2019-11-19,8105.00
2019-11-20,8131.70
2019-11-21,7591.00
2019-11-22,7335.78
2019-11-23,7186.64
2019-11-24,7052.98
2019-11-25,7247.40
2019-11-26,7108.71
2019-11-27,7546.12
2019-11-28,7593.80
2019-11-29,7711.00
2019-11-30,7544.95
2019-12-01,7372.00
2019-12-02,7318.25
2019-12-03,7299.50
2019-12-04,7179.67
2019-12-05,7385.50
2019-12-06,7468.31
2019-12-07,7512.57
2019-12-08,7468.31
2019-12-09,7349.61
2019-12-10,7257.00
2019-12-11,7194.00
2019-12-12,7194.57
2019-12-13,7273.60
2019-12-14,7069.00
2019-12-15,7115.87
2019-12-16,6879.80
2019-12-17,6613.22
2019-12-18,7168.00
2019-12-19,7190.50
2019-12-20,7201.50
2019-12-21,7163.20
2019-12-22,7405.00
2019-12-23,7313.56
2019-12-24,7241.75
2019-12-25,7212.97
2019-12-26,7181.28
2019-12-27,7221.50
2019-12-28,7311.90
2019-12-29,7377.63
2019-12-30,7240.48
2019-12-31,7157.75
2020-01-01,7258.00
2020-01-02,6959.25
2020-01-03,7270.25
2020-01-04,7324.03
2020-01-05,7429.66
2020-01-06,7571.18
2020-01-07,8027.58
2020-01-08,8006.79
2020-01-09,7778.75
2020-01-10,8037.58
2020-01-11,8088.94
2020-01-12,8095.72
2020-01-13,8127.51
2020-01-14,8709.50
2020-01-15,8823.75
2020-01-16,8679.20
2020-01-17,8904.95
2020-01-18,8908.37
2020-01-19,8717.79
2020-01-20,8671.66
2020-01-21,8713.94
2020-01-22,8634.23
2020-01-23,8271.04
2020-01-24,8513.00
2020-01-25,8362.59
2020-01-26,8577.78
2020-01-27,8947.05
2020-01-28,9036.60
2020-01-29,9353.55
2020-01-30,9545.02
2020-01-31,9383.80
2020-02-01,9355.14
2020-02-02,9424.96
2020-02-03,9271.11
2020-02-04,9131.71
2020-02-05,9686.60
2020-02-06,9740.27
2020-02-07,9748.00
2020-02-08,9917.51
2020-02-09,10074.87
2020-02-10,9861.48
2020-02-11,10236.37
2020-02-12,10387.58
2020-02-13,10180.75
2020-02-14,10316.00
2020-02-15,9921.90
2020-02-16,9765.84
2020-02-17,9655.13
2020-02-18,10149.75
2020-02-19,9620.73
2020-02-20,9604.68
2020-02-21,9663.10
2020-02-22,9635.80
2020-02-23,9879.30
2020-02-24,9595.54
2020-02-25,9377.98
2020-02-26,8772.80
2020-02-27,8750.93
2020-02-28,8668.22
2020-02-29,8634.11
2020-03-01,8514.67
2020-03-02,8943.22
2020-03-03,8771.10
2020-03-04,8726.86
2020-03-05,9111.47
2020-03-06,9130.50
2020-03-07,8883.86
2020-03-08,8251.33
2020-03-09,7855.07
2020-03-10,7994.39
2020-03-11,7859.25
2020-03-12,5768.30
2020-03-13,5431.41
2020-03-14,5288.68
2020-03-15,5918.52
2020-03-16,4926.30
2020-03-17,5464.67
2020-03-18,5341.90
2020-03-19,6253.50
2020-03-20,5991.49
2020-03-21,6334.60
2020-03-22,6020.88
2020-03-23,6419.30
2020-03-24,6751.94
2020-03-25,6595.62
2020-03-26,6745.00
2020-03-27,6682.00
2020-03-28,6245.95
2020-03-29,5953.70
2020-03-30,6464.77
2020-03-31,6474.10
2020-04-01,6350.03
2020-04-02,6739.55
2020-04-03,6706.90
2020-04-04,6837.18
2020-04-05,6759.61
2020-04-06,7227.90
2020-04-07,7113.37
2020-04-08,7316.61
2020-04-09,7302.00
2020-04-10,6917.23
2020-04-11,6794.99
2020-04-12,7120.75
2020-04-13,6825.62
2020-04-14,6870.39
2020-04-15,6755.75
2020-04-16,7057.49
2020-04-17,7054.72
2020-04-18,7226.77
2020-04-19,7141.34
2020-04-20,6864.65
2020-04-21,6890.29
2020-04-22,7118.78
2020-04-23,7540.50
2020-04-24,7531.75
2020-04-25,7548.60
2020-04-26,7644.53
2020-04-27,7706.09
2020-04-28,7735.79
2020-04-29,8929.13
2020-04-30,8822.59
2020-05-01,8730.30
2020-05-02,8668.45
2020-05-03,9648.00
2020-05-04,8918.22
2020-05-05,8957.35
2020-05-06,9253.74
2020-05-07,9801.25
2020-05-08,10000.00
2020-05-09,9648.00
2020-05-10,8668.45
2020-05-11,8633.99
2020-05-12,8817.13
2020-05-13,9295.62
2020-05-14,9663.50
2020-05-15,9237.20
2020-05-16,9379.50
2020-05-17,9739.01
2020-05-18,9673.73
2020-05-19,9694.27
2020-05-20,9590.01
2020-05-21,9060.00
2020-05-22,9183.75
2020-05-23,9233.84
2020-05-24,9001.00
2020-05-25,8916.79
2020-05-26,8857.39
2020-05-27,9172.90
2020-05-28,9451.40
2020-05-29,9415.75
2020-05-30,9439.70
2020-05-31,9507.92
2020-06-01,9681.10
2020-06-02,9519.27
2020-06-03,9580.46
2020-06-04,9785.49
2020-06-05,9713.59
2020-06-06,9700.20
2020-06-07,9729.74
2020-06-08,9701.85
2020-06-09,9747.00
2020-06-10,9865.36
2020-06-11,9337.00
2020-06-12,9461.83
2020-06-13,9397.68
2020-06-14,9381.70
2020-06-15,9488.60
2020-06-16,9491.79
2020-06-17,9373.75
2020-06-18,9338.36
2020-06-19,9314.44
2020-06-20,9316.33
2020-06-21,9328.10
2020-06-22,9645.76
2020-06-23,9628.50
2020-06-24,9289.17
2020-06-25,9275.58
2020-06-26,9185.59
2020-06-27,8943.17
2020-06-28,9104.43
2020-06-29,9178.24
2020-06-30,9144.25
2020-07-01,9239.75
2020-07-02,9077.53
2020-07-03,9088.51
2020-07-04,9132.70
2020-07-05,9010.86
2020-07-06,9274.91
2020-07-07,9253.67
2020-07-08,9432.00
2020-07-09,9233.00
2020-07-10,9233.75
2020-07-11,9233.75
2020-07-12,9240.50
2020-07-13,9245.52
2020-07-14,9272.50
2020-07-15,9210.33
2020-07-16,9102.22
2020-07-17,9164.30
2020-07-18,9192.60
2020-07-19,9174.65
2020-07-20,9170.28
2020-07-21,9368.75
2020-07-22,9390.00
2020-07-23,9595.82
2020-07-24,9627.90
2020-07-25,9736.50
2020-07-26,9897.83
2020-07-27,10892.70
2020-07-28,10976.83
2020-07-29,11218.48
2020-07-30,11146.75
2020-07-31,11340.25
2020-08-01,11839.82
2020-08-02,11096.66
2020-08-03,11382.66
2020-08-04,11212.08
2020-08-05,11692.16
2020-08-06,11858.83
2020-08-07,11545.00
2020-08-08,11714.01
2020-08-09,11545.00
2020-08-10,11854.00
2020-08-11,11210.50
2020-08-12,11582.00
2020-08-13,11609.46
2020-08-14,11769.25
2020-08-15,11883.00
2020-08-16,11849.00
2020-08-17,12321.37
2020-08-18,12046.21
2020-08-19,11713.54
2020-08-20,11858.30
2020-08-21,11613.07
2020-08-22,11613.06
2020-08-23,11666.59
2020-08-24,11735.00
2020-08-25,11266.75
2020-08-26,11510.95
2020-08-27,11266.50
2020-08-28,11510.00
2020-08-29,11517.14
2020-08-30,11510.00
2020-08-31,11680.47
2020-09-01,12024.75
2020-09-02,11372.50
2020-09-03,10782.44
2020-09-04,10602.00
2020-09-05,10091.49
2020-09-06,10239.65
2020-09-07,10151.79
2020-09-08,10017.75
2020-09-09,10264.00
2020-09-10,10301.23
2020-09-11,10327.84
2020-09-12,10441.12
2020-09-13,10256.91
2020-09-14,10695.98
2020-09-15,10867.69
2020-09-16,10999.54
2020-09-17,10938.97
2020-09-18,10887.70
2020-09-19,11088.12
2020-09-20,10894.91
2020-09-21,10483.00
2020-09-22,10516.26
2020-09-23,10219.73
2020-09-24,10633.25
2020-09-25,10722.73
2020-09-26,10717.81
2020-09-27,10722.73
2020-09-28,10874.25
2020-09-29,10753.84
2020-09-30,10711.50
2020-10-01,10602.25
2020-10-02,10544.55
2020-10-03,10580.46
2020-10-04,10544.72
2020-10-05,10737.95
2020-10-06,10545.17
2020-10-07,10656.19
2020-10-08,10899.75
2020-10-09,11036.99
2020-10-10,11364.07
2020-10-11,11036.99
2020-10-12,11568.69
2020-10-13,11429.81
2020-10-14,11394.80
2020-10-15,11544.36
2020-10-16,11312.75
2020-10-17,11357.57
2020-10-18,11312.75
2020-10-19,11740.00
2020-10-20,11901.26
2020-10-21,12857.50
2020-10-22,13130.50
2020-10-23,12948.99
2020-10-24,13112.20
2020-10-25,12948.99
2020-10-26,13016.36
2020-10-27,13613.17
2020-10-28,13204.90
2020-10-29,13484.25
2020-10-30,13636.00
2020-10-31,13840.00
2020-11-01,13636.00
2020-11-02,13618.00
2020-11-03,13742.00
2020-11-04,14006.83
2020-11-05,15245.12
2020-11-06,15561.25
2020-11-07,14837.59
2020-11-08,15561.25
2020-11-09,15382.50
2020-11-10,15398.69
2020-11-11,15831.87
2020-11-12,16157.25
2020-11-13,16304.30
2020-11-14,16007.06
2020-11-15,16304.30
2020-11-16,16705.75
2020-11-17,17642.89
2020-11-18,17789.75
2020-11-19,17944.40
2020-11-20,18596.42
2020-11-21,18643.79
2020-11-22,18493.45
2020-11-23,18423.19
2020-11-24,18949.04
2020-11-25,18870.47
2020-11-26,17058.13
2020-11-27,17008.42
2020-11-28,17760.00
2020-11-29,17008.42
2020-11-30,19376.24
2020-12-01,19042.97
2020-12-02,19159.50
2020-12-03,19461.00
2020-12-04,18822.61
2020-12-05,19007.59
2020-12-06,19134.58
2020-12-07,19080.75
2020-12-08,18765.05
2020-12-09,18512.17
2020-12-10,18344.21
2020-12-11,18109.46
2020-12-12,18805.15
2020-12-13,18109.46
2020-12-14,19195.75
2020-12-15,19424.94
2020-12-16,21214.51
2020-12-17,22787.21
2020-12-18,22900.50
2020-12-19,23987.87
2020-12-20,23361.43
2020-12-21,23144.47
2020-12-22,23439.64
2020-12-23,23290.58
2020-12-24,23397.91
2020-12-25,24405.52
2020-12-26,26662.16
2020-12-27,26748.79
2020-12-28,26584.87
2020-12-29,26893.11
2020-12-30,28911.00
2020-12-31,28987.60
2021-01-01,29260.25
2021-01-02,31696.74
2021-01-03,29260.25
2021-01-04,31031.51
2021-01-05,33813.69
2021-01-06,35930.60
2021-01-07,39772.25
2021-01-08,40063.15
2021-01-09,40857.39
2021-01-10,38594.90
2021-01-11,33951.50
2021-01-12,34678.66
2021-01-13,37267.57
2021-01-14,38720.86
2021-01-15,36250.18
2021-01-16,35920.05
2021-01-17,36250.18
2021-01-18,36228.07
2021-01-19,36476.00
2021-01-20,34903.15
2021-01-21,31182.37
2021-01-22,33311.02
2021-01-23,32370.67
2021-01-24,31889.44
2021-01-25,32695.53
2021-01-26,32005.74
2021-01-27,31011.80
2021-01-28,33257.54
2021-01-29,34641.50
2021-01-30,34684.99
2021-01-31,32321.40
2021-02-01,33655.37
2021-02-02,35676.21
2021-02-03,37303.72
2021-02-04,37680.95
2021-02-05,37860.26
2021-02-06,40074.99
2021-02-07,37902.77
2021-02-08,44666.51
2021-02-09,47355.82
2021-02-10,45020.08
2021-02-11,46937.99
2021-02-12,47942.34
2021-02-13,47188.37
2021-02-14,48644.68
2021-02-15,48217.97
2021-02-16,48585.07
2021-02-17,52400.44
2021-02-18,52044.10
2021-02-19,55608.59
2021-02-20,56513.16
2021-02-21,57529.76
2021-02-22,54950.58
2021-02-23,47945.75
2021-02-24,48726.36
2021-02-25,48037.40
2021-02-26,45638.60
2021-02-27,46856.06
2021-02-28,43177.77
2021-03-01,48858.83
2021-03-02,47444.18
2021-03-03,50924.19
2021-03-04,47895.14
2021-03-05,49048.01
2021-03-06,48593.80
2021-03-07,51057.91
2021-03-08,51888.64
2021-03-09,54305.50
2021-03-10,56898.50
2021-03-11,57620.52
2021-03-12,56969.00
2021-03-13,61606.06
2021-03-14,59690.28
2021-03-15,56411.75
2021-03-16,56425.72
2021-03-17,57725.64
2021-03-18,57485.33
2021-03-19,58385.24
2021-03-20,58525.64
2021-03-21,57276.32
2021-03-22,54580.00
2021-03-23,54433.56
2021-03-24,54048.50
2021-03-25,51990.48
2021-03-26,54000.00
2021-03-27,55879.05
2021-03-28,55971.01
2021-03-29,57241.15
2021-03-30,58672.03
2021-03-31,58950.02
2021-04-01,58854.18
2021-04-02,58669.50
2021-04-03,58062.40
2021-04-04,58103.68
2021-04-05,58776.77
2021-04-06,58252.26
2021-04-07,56224.08
2021-04-08,57661.74
2021-04-09,58312.42
2021-04-10,58572.56
2021-04-11,59821.38
2021-04-12,59935.00
2021-04-13,63194.82
2021-04-14,62382.45
2021-04-15,63398.46
2021-04-16,62006.92
2021-04-17,60863.58
2021-04-18,55550.00
2021-04-19,56209.12
2021-04-20,56780.90
2021-04-21,55002.25
2021-04-22,51592.12
2021-04-23,50543.35
2021-04-24,50964.05
2021-04-25,49968.49
2021-04-26,53272.50
2021-04-27,55194.32
2021-04-28,54427.56
2021-04-29,52987.84
2021-04-30,56802.90
2021-05-01,57719.89
2021-05-02,56818.68
2021-05-03,56818.58
2021-05-04,54792.75
2021-05-05,56860.77
2021-05-06,55961.00
2021-05-07,57694.35
2021-05-08,59009.02
2021-05-09,57958.91
2021-05-10,55302.97
2021-05-11,56902.40
2021-05-12,54469.39
2021-05-13,49305.39
2021-05-14,49182.03
2021-05-15,48227.45
2021-05-16,44055.36
2021-05-17,44818.31
2021-05-18,43260.45
2021-05-19,38309.23
2021-05-20,40066.37
2021-05-21,35208.50
2021-05-22,38072.34
2021-05-23,32562.03
2021-05-24,39020.64
2021-05-25,37635.68
2021-05-26,38767.74
2021-05-27,38409.81
2021-05-28,35208.54
2021-05-29,34318.24
2021-05-30,36056.79
2021-05-31,36685.94
2021-06-01,36317.38
2021-06-02,37739.05
2021-06-03,38701.82
2021-06-04,37040.80
2021-06-05,35845.63
2021-06-06,35969.57
2021-06-07,34441.65
2021-06-08,33620.38
2021-06-09,36420.00
2021-06-10,36476.84
2021-06-11,37132.84
2021-06-12,36002.13
2021-06-13,39258.47
2021-06-14,39847.49
2021-06-15,39947.50
2021-06-16,38518.13
2021-06-17,37744.61
2021-06-18,35505.82
2021-06-19,36104.30
2021-06-20,35822.21
2021-06-21,32568.17
2021-06-22,32885.52
2021-06-23,33061.20
2021-06-24,34847.63
2021-06-25,32194.89
2021-06-26,31298.31
2021-06-27,32614.41
2021-06-28,34650.05
2021-06-29,36152.31
2021-06-30,34576.96
2021-07-01,33414.00
2021-07-02,33146.54
2021-07-03,34718.47
2021-07-04,35539.34
2021-07-05,33853.41
2021-07-06,33945.25
2021-07-07,34534.60
2021-07-08,32812.08
2021-07-09,33517.17
2021-07-10,33327.63
2021-07-11,33849.10
2021-07-12,32842.02
2021-07-13,32506.87
2021-07-14,32793.78
2021-07-15,31754.71
2021-07-16,31833.25
2021-07-17,31722.08
2021-07-18,31651.52
2021-07-19,30765.45
2021-07-20,29856.77
2021-07-21,31791.17
2021-07-22,32230.00
2021-07-23,32491.82
2021-07-24,33933.98
2021-07-25,34479.10
2021-07-26,37731.56
2021-07-27,38043.44
2021-07-28,39943.23
2021-07-29,39718.50
2021-07-30,40668.15
2021-07-31,41537.42
2021-08-01,41258.17
2021-08-02,38865.00
2021-08-03,38079.00
2021-08-04,39733.44
2021-08-05,40889.42
2021-08-06,42734.82
2021-08-07,43971.67
2021-08-08,43860.23
2021-08-09,45472.75
2021-08-10,45640.12
2021-08-11,46337.78
2021-08-12,44485.50
2021-08-13,47614.16
2021-08-14,46662.92
2021-08-15,46714.03
2021-08-16,46080.77
2021-08-17,44975.26
2021-08-18,44536.35
2021-08-19,46583.75
2021-08-20,48653.93
2021-08-21,49005.34
2021-08-22,48395.73
2021-08-23,49517.94
2021-08-24,48331.77
2021-08-25,48681.80
2021-08-26,47024.56
2021-08-27,48915.88
2021-08-28,48741.79
2021-08-29,48924.93
2021-08-30,48659.25
2021-08-31,47003.10
2021-09-01,48267.16
2021-09-02,49548.39
2021-09-03,50134.99
2021-09-04,50180.57
2021-09-05,50381.57
2021-09-06,51915.11
2021-09-07,46799.55
2021-09-08,46053.24
2021-09-09,46240.73
2021-09-10,45052.00
2021-09-11,45316.86
2021-09-12,45895.65
2021-09-13,45167.00
2021-09-14,46818.89
2021-09-15,47926.16
2021-09-16,47141.87
2021-09-17,46968.30
2021-09-18,47967.67
2021-09-19,47645.37
2021-09-20,43546.25
2021-09-21,40893.82
2021-09-22,43457.00
2021-09-23,44701.77
2021-09-24,42997.00
2021-09-25,42662.10
2021-09-26,43154.45
2021-09-27,42691.25
2021-09-28,41780.01
2021-09-29,41112.22
2021-09-30,43438.50
2021-10-01,48124.18
2021-10-02,48013.52
2021-10-03,48915.95
2021-10-04,49000.75
2021-10-05,51470.86
2021-10-06,54924.79
2021-10-07,54197.75
2021-10-08,53988.23
2021-10-09,54589.99
2021-10-10,55345.64
2021-10-11,57320.06
2021-10-12,55345.68
2021-10-13,56969.57
2021-10-14,57445.95
2021-10-15,62512.35
2021-10-16,60991.36
2021-10-17,61011.41
2021-10-18,61378.35
2021-10-19,64128.64
2021-10-20,65992.78
2021-10-21,62668.50
2021-10-22,60719.58
2021-10-23,61120.13
2021-10-24,60307.79
2021-10-25,62539.22
2021-10-26,62088.98
2021-10-27,58908.09
2021-10-28,61393.96
2021-10-29,62379.71
2021-10-30,61669.21
2021-10-31,60655.85
2021-11-01,60715.33
2021-11-02,63114.11
2021-11-03,62764.38
2021-11-04,61349.28
2021-11-05,60974.00
2021-11-06,61192.30
2021-11-07,62485.40
2021-11-08,66122.63
2021-11-09,67707.33
2021-11-10,64268.40
2021-11-11,65065.86
2021-11-12,64128.75
2021-11-13,64365.43
2021-11-14,64222.58
2021-11-15,63917.25
2021-11-16,60465.96
2021-11-17,60115.67
2021-11-18,57592.09
2021-11-19,57866.87
2021-11-20,59638.24
2021-11-21,59505.06
2021-11-22,56261.32
2021-11-23,57713.50
2021-11-24,57328.67
2021-11-25,58839.71
2021-11-26,54003.18
2021-11-27,54612.21
2021-11-28,53922.43
2021-11-29,58314.00
2021-11-30,57135.91
2021-12-01,56994.79
2021-12-02,56893.76
2021-12-03,53593.00
2021-12-04,48753.67
2021-12-05,49322.54
2021-12-06,50104.33
2021-12-07,50524.90
2021-12-08,50630.26
2021-12-09,47981.04
2021-12-10,47986.75
2021-12-11,48771.92
2021-12-12,50267.89
2021-12-13,46809.43
2021-12-14,48294.03
2021-12-15,49196.48
2021-12-16,48115.46
2021-12-17,46860.81
2021-12-18,46962.27
2021-12-19,47147.50
2021-12-20,46969.58
2021-12-21,49106.39
2021-12-22,49056.39
2021-12-23,50847.25
2021-12-24,50892.42
2021-12-25,50972.06
2021-12-26,50797.16
2021-12-27,50976.75
2021-12-28,47550.46
2021-12-29,47228.25
2021-12-30,47298.00
2021-12-31,46309.68
2022-01-01,46309.68
2022-01-02,46309.68
2022-01-03,45974.41
2022-01-04,46197.43
2022-01-05,43609.00
2022-01-06,43126.75
2022-01-07,41887.36
2022-01-08,41770.08
2022-01-09,42085.18
2022-01-10,41718.17
2022-01-11,42684.75
2022-01-12,43789.07
2022-01-13,42829.75
2022-01-14,43307.27
2022-01-15,43315.44
2022-01-16,43086.82
2022-01-17,41740.64
2022-01-18,42386.93
2022-01-19,41723.67
2022-01-20,41314.31
2022-01-21,36684.13
2022-01-22,35377.32
2022-01-23,35336.92
2022-01-24,36814.44
2022-01-25,36585.53
2022-01-26,36335.29
2022-01-27,36190.72
2022-01-28,37807.76
2022-01-29,38373.89
2022-01-30,37744.13
2022-01-31,38429.82
2022-02-01,38805.11
2022-02-02,36905.14
2022-02-03,36963.75
2022-02-04,40645.75
2022-02-05,41666.99
2022-02-06,41668.04
2022-02-07,44104.75
2022-02-08,44225.82
2022-02-09,44480.56
2022-02-10,43761.28
2022-02-11,42556.98
2022-02-12,41883.62
2022-02-13,42275.81
2022-02-14,42239.90
2022-02-15,43984.49
2022-02-16,44085.75
2022-02-17,40687.77
2022-02-18,39978.10
2022-02-19,39928.77
2022-02-20,38278.61
2022-02-21,37064.70
2022-02-22,37884.94
2022-02-23,37526.39
2022-02-24,38399.91
2022-02-25,38998.74
2022-02-26,39460.43
2022-02-27,38971.99
2022-02-28,41642.64
2022-03-01,43891.25
2022-03-02,44079.43
2022-03-03,42092.83
2022-03-04,39395.75
2022-03-05,39361.64
2022-03-06,38993.55
2022-03-07,37822.36
2022-03-08,38492.87
2022-03-09,41887.34
2022-03-10,39331.75
2022-03-11,38849.26
2022-03-12,39093.53
2022-03-13,38944.81
2022-03-14,38711.31
2022-03-15,39448.75
2022-03-16,41255.19
2022-03-17,40717.87
2022-03-18,41760.50
2022-03-19,42204.48
2022-03-20,41042.68
2022-03-21,41153.25
2022-03-22,42597.82
2022-03-23,42376.83
2022-03-24,43906.00
2022-03-25,44569.91
2022-03-26,44602.16
2022-03-27,44932.60
2022-03-28,47971.25
2022-03-29,47465.50
2022-03-30,47289.19
2022-03-31,45769.00
2022-04-01,46163.67
2022-04-02,46185.61
2022-04-03,46584.75
2022-04-04,46311.81
2022-04-05,45876.42
2022-04-06,43878.13
2022-04-07,43562.95
2022-04-08,42791.21
2022-04-09,42436.91
2022-04-10,43110.75
2022-04-11,39827.75
2022-04-12,39530.25
2022-04-13,41241.37
2022-04-14,39913.75
2022-04-15,40375.12
2022-04-16,40338.30
2022-04-17,40283.40
2022-04-18,40669.43
2022-04-19,41297.34
2022-04-20,41428.84
2022-04-21,40653.17
2022-04-22,39588.59
2022-04-23,39801.60
2022-04-24,39654.34
2022-04-25,40171.04
2022-04-26,38120.75
2022-04-27,39103.80
2022-04-28,39872.33
2022-04-29,38551.58
2022-04-30,38319.31
2022-05-01,37930.02
2022-05-02,38312.69
2022-05-03,37762.55
2022-05-04,39809.25
2022-05-05,36449.55
2022-05-06,36062.57
2022-05-07,35785.09
2022-05-08,34211.43
2022-05-09,30939.23
2022-05-10,30999.25
2022-05-11,28403.85
2022-05-12,28542.19
2022-05-13,29749.17
2022-05-14,29342.37
2022-05-15,30982.26
2022-05-16,29902.25
2022-05-17,30071.00
2022-05-18,29200.96
2022-05-19,30196.33
2022-05-20,29090.94
2022-05-21,29386.95
2022-05-22,29898.77
2022-05-23,29298.91
2022-05-24,29437.18
2022-05-25,29763.15
2022-05-26,29430.45
2022-05-27,28737.43
2022-05-28,28996.08
2022-05-29,29157.58
2022-05-30,31231.87
2022-05-31,31786.20
2022-06-01,29607.37
2022-06-02,30212.22
2022-06-03,29638.00
2022-06-04,29720.03
2022-06-05,29977.68
2022-06-06,31442.50
2022-06-07,31327.75
2022-06-08,30188.00
2022-06-09,30160.00
2022-06-10,29189.75
2022-06-11,28364.40
2022-06-12,27904.02
2022-06-13,23205.75
2022-06-14,21956.13
2022-06-15,21629.36
2022-06-16,20664.32
2022-06-17,20632.75
2022-06-18,17776.75
2022-06-19,20603.01
2022-06-20,20416.54
2022-06-21,20830.31
2022-06-22,19857.25
2022-06-23,20798.21
2022-06-24,21171.25
2022-06-25,21192.20
2022-06-26,21369.38
2022-06-27,20898.51
2022-06-28,20254.50
2022-06-29,20189.65
2022-06-30,18734.00
2022-07-01,19407.00
2022-07-02,19231.69
2022-07-03,19204.68
2022-07-04,19750.75
2022-07-05,20441.75
2022-07-06,20377.74
2022-07-07,21613.10
2022-07-08,21836.44
2022-07-09,21667.32
2022-07-10,20996.39
2022-07-11,20404.02
2022-07-12,19431.04
2022-07-13,19656.84
2022-07-14,20659.29
2022-07-15,20921.18
2022-07-16,21211.79
2022-07-17,20924.23
2022-07-18,21482.89
2022-07-19,23292.03
2022-07-20,23251.94
2022-07-21,23128.25
2022-07-22,22602.54
2022-07-23,22324.18
2022-07-24,22755.58
2022-07-25,22169.75
2022-07-26,20978.19
2022-07-27,22779.31
2022-07-28,24029.84
2022-07-29,23948.97
2022-07-30,23964.95
2022-07-31,23674.27
2022-08-01,23121.93
2022-08-02,23020.25
2022-08-03,23332.25
2022-08-04,22508.08
2022-08-05,22962.23
2022-08-06,22962.23
2022-08-07,23170.75
2022-08-08,24068.84
2022-08-09,23141.76
2022-08-10,23902.09
2022-08-11,24211.00
2022-08-12,24247.25
2022-08-13,24488.00
2022-08-14,24320.00
2022-08-15,24068.89
2022-08-16,23964.26
2022-08-17,23405.00
2022-08-18,23413.80
2022-08-19,21198.24
2022-08-20,20812.00
2022-08-21,21468.00
2022-08-22,21120.00
2022-08-23,21475.47
2022-08-24,21692.45
2022-08-25,21642.31
2022-08-26,20646.00
2022-08-27,19986.58
2022-08-28,19979.71
2022-08-29,20175.14
2022-08-30,19972.00
2022-08-31,20203.25
2022-09-01,20074.25
2022-09-02,19976.25
2022-09-03,19739.00
2022-09-04,19897.39
2022-09-05,19737.00
2022-09-06,18983.75
2022-09-07,19383.00
2022-09-08,19378.00
2022-09-09,21296.53
2022-09-10,21432.00
2022-09-11,21499.40
2022-09-12,22403.93
2022-09-13,20234.00
2022-09-14,19942.00
2022-09-15,19846.00
2022-09-16,19750.00
2022-09-17,20078.00
2022-09-18,19631.00
2022-09-19,19527.50
2022-09-20,18973.25
2022-09-21,18921.00
2022-09-22,19246.14
2022-09-23,18849.00
2022-09-24,19137.05
2022-09-25,18903.00
2022-09-26,19114.75
2022-09-27,19058.98
2022-09-28,19569.25
2022-09-29,19499.37
2022-09-30,19424.00
2022-10-01,19249.00
2022-10-02,19236.18
2022-10-03,19596.00
2022-10-04,20342.00
2022-10-05,19990.00
2022-10-06,20039.48
2022-10-07,19551.00
2022-10-08,19459.61
2022-10-09,19483.14
2022-10-10,19239.00
2022-10-11,19019.00
2022-10-12,19171.40
2022-10-13,19392.50
2022-10-14,19175.00
2022-10-15,19096.00
2022-10-16,19330.00
2022-10-17,19527.00
2022-10-18,19351.59
2022-10-19,19195.00
2022-10-20,19031.75
2022-10-21,19179.00
2022-10-22,19218.11
2022-10-23,19499.46
2022-10-24,19383.00
2022-10-25,20186.50
2022-10-26,20750.31
2022-10-27,20398.00
2022-10-28,20633.50
2022-10-29,20827.00
2022-10-30,20660.00
2022-10-31,20417.00
2022-11-01,20482.50
2022-11-02,20172.01
2022-11-03,20239.49
2022-11-04,21134.00
2022-11-05,21355.30
2022-11-06,21201.70
2022-11-07,20670.02
2022-11-08,18705.25
2022-11-09,15720.25
2022-11-10,17808.00
2022-11-11,16754.00
2022-11-12,16788.87
2022-11-13,16367.00
2022-11-14,16381.34
2022-11-15,16878.23
2022-11-16,16529.00
2022-11-17,16676.34
2022-11-18,16626.98
2022-11-19,16660.46
2022-11-20,16248.00
2022-11-21,15622.00
2022-11-22,16133.50
2022-11-23,16467.75
2022-11-24,16541.56
2022-11-25,16502.82
2022-11-26,16508.11
2022-11-27,16577.72
2022-11-28,16195.00
2022-11-29,16460.13
2022-11-30,17095.05
2022-12-01,16928.00
2022-12-02,17017.44
2022-12-03,16948.20
2022-12-04,17113.00
2022-12-05,16969.25
2022-12-06,16996.75
2022-12-07,16835.97
2022-12-08,17185.25
2022-12-09,17107.52
2022-12-10,17130.46
2022-12-11,17112.00
2022-12-12,17170.24
2022-12-13,17756.25
2022-12-14,17831.00
2022-12-15,17396.00
2022-12-16,16836.50
2022-12-17,16677.00
2022-12-18,16712.60
2022-12-19,16591.00
2022-12-20,16895.57
2022-12-21,16791.00
2022-12-22,16792.25
2022-12-23,16813.32
2022-12-24,16831.00
2022-12-25,16822.00
2022-12-26,16830.23
2022-12-27,16687.75
2022-12-28,16517.00
2022-12-29,16593.00
2022-12-30,16576.25
2022-12-31,16539.61
2023-01-01,16601.73
2023-01-02,16766.58
2023-01-03,16658.00
2023-01-04,16817.25
2023-01-05,16850.48
2023-01-06,16932.11
2023-01-07,16941.41
2023-01-08,16954.35
2023-01-09,17179.00
2023-01-10,17474.88
2023-01-11,17563.36
2023-01-12,18831.00
2023-01-13,19811.00
2023-01-14,20902.00
2023-01-15,20904.00
2023-01-16,21135.00
2023-01-17,21322.25
2023-01-18,20777.00
2023-01-19,20939.74
2023-01-20,22318.00
2023-01-21,23204.00
2023-01-22,22591.00
2023-01-23,23000.00
2023-01-24,22902.75
2023-01-25,23599.25
2023-01-26,23080.00
2023-01-27,23090.00
2023-01-28,23004.89
2023-01-29,23795.00
2023-01-30,22745.00
2023-01-31,22951.00
2023-02-01,23683.00
2023-02-02,23451.00
2023-02-03,23381.51
2023-02-04,23415.50
2023-02-05,22904.00
2023-02-06,22915.00
2023-02-07,23197.00
2023-02-08,22956.03
2023-02-09,21857.00
2023-02-10,21537.00
2023-02-11,21826.00
2023-02-12,21740.00
2023-02-13,21630.00
2023-02-14,22254.50
2023-02-15,24176.06
2023-02-16,24538.00
2023-02-17,24482.00
2023-02-18,24621.00
2023-02-19,24542.11
2023-02-20,24760.53
2023-02-21,24201.00
2023-02-22,23805.00
2023-02-23,23879.00
2023-02-24,23115.50
2023-02-25,22940.85
2023-02-26,23562.00
2023-02-27,23386.25
2023-02-28,23148.00
2023-03-01,23560.50
2023-03-02,23411.51
2023-03-03,22244.00
2023-03-04,22208.81
2023-03-05,22485.00
2023-03-06,22412.00
2023-03-07,22054.79
2023-03-08,22001.75
2023-03-09,20229.75
2023-03-10,20095.00
2023-03-11,20501.72
2023-03-12,21490.00
2023-03-13,24233.00
2023-03-14,24631.56
2023-03-15,24397.00
2023-03-16,24747.76
2023-03-17,26825.00
2023-03-18,27407.00
2023-03-19,27973.00
2023-03-20,28078.00
2023-03-21,28153.00
2023-03-22,27389.00
2023-03-23,28333.00
2023-03-24,27619.00
2023-03-25,27383.05
2023-03-26,27807.00
2023-03-27,27046.00
2023-03-28,27310.00
2023-03-29,28392.00
2023-03-30,28149.00
2023-03-31,28391.00
2023-04-01,28462.00
2023-04-02,28074.00
2023-04-03,27591.00
2023-04-04,28263.00
2023-04-05,28159.50
2023-04-06,27994.00
2023-04-07,27889.00
2023-04-08,27931.63
2023-04-09,28138.00
2023-04-10,29136.75
2023-04-11,30194.00
2023-04-12,29969.00
2023-04-13,30297.25
2023-04-14,30470.00
2023-04-15,30313.00
2023-04-16,30370.54
2023-04-17,29457.19
2023-04-18,30428.00
2023-04-19,29244.75
2023-04-20,28209.00
2023-04-21,27260.00
2023-04-22,27638.00
2023-04-23,27508.00
2023-04-24,27464.07
2023-04-25,27979.00
2023-04-26,28413.00
2023-04-27,29632.00
2023-04-28,29355.00
2023-04-29,29246.85
2023-04-30,29348.00
2023-05-01,27667.00
2023-05-02,28694.46
2023-05-03,28528.00
2023-05-04,28882.00
2023-05-05,29525.00
2023-05-06,28851.00
2023-05-07,28951.00
2023-05-08,27556.00
2023-05-09,27657.26
2023-05-10,27877.86
2023-05-11,27006.52
2023-05-12,26446.00
2023-05-13,26919.92
2023-05-14,26947.09
2023-05-15,27355.00
2023-05-16,26957.00
2023-05-17,27336.00
2023-05-18,26723.00
2023-05-19,26836.00
2023-05-20,27040.00
2023-05-21,26880.08
2023-05-22,26896.00
2023-05-23,27216.88
2023-05-24,26400.00
2023-05-25,26486.74
2023-05-26,26760.23
2023-05-27,26762.00
2023-05-28,27563.00
2023-05-29,27693.18
2023-05-30,27773.54
2023-05-31,27117.63
2023-06-01,26871.00
2023-06-02,27177.00
2023-06-03,27200.30
2023-06-04,27271.00
2023-06-05,25643.39
2023-06-06,26948.00
2023-06-07,26365.09
2023-06-08,26644.00
2023-06-09,26445.37
2023-06-10,25984.00
2023-06-11,26030.00
2023-06-12,25895.00
2023-06-13,25847.00
2023-06-14,24916.00
2023-06-15,25539.00
2023-06-16,26391.00
2023-06-17,26533.00
2023-06-18,26470.00
2023-06-19,26717.00
2023-06-20,28163.46
2023-06-21,29985.83
2023-06-22,30159.00
2023-06-23,30923.00
2023-06-24,30466.00
2023-06-25,30451.00
2023-06-26,30159.00
2023-06-27,30658.00
2023-06-28,30108.00
2023-06-29,30395.00
2023-06-30,30389.00
2023-07-01,30584.00
2023-07-02,30591.00
2023-07-03,31124.00
2023-07-04,30811.37
2023-07-05,30467.00
2023-07-06,30310.00
2023-07-07,30266.00
2023-07-08,30266.00
2023-07-09,30091.00
2023-07-10,30774.00
2023-07-11,30574.55
2023-07-12,30352.31
2023-07-13,31359.57
2023-07-14,30201.00
2023-07-15,30290.00
2023-07-16,30312.00
2023-07-17,29935.00
2023-07-18,29777.78
2023-07-19,29962.00
2023-07-20,29749.73
2023-07-21,29881.00
2023-07-22,29831.00
2023-07-23,30137.00
2023-07-24,29139.00
2023-07-25,29229.32
2023-07-26,29576.00
2023-07-27,29139.00
2023-07-28,29341.00
2023-07-29,29352.00
2023-07-30,29269.00
2023-07-31,29206.00
2023-08-01,29214.12
2023-08-02,29117.00
2023-08-03,29279.00
2023-08-04,28937.39
2023-08-05,29029.00
2023-08-06,29091.00
2023-08-07,29158.00
2023-08-08,29984.43
2023-08-09,29481.00
2023-08-10,29421.30
2023-08-11,29385.75
2023-08-12,29406.00
2023-08-13,29399.24
2023-08-14,29366.00
2023-08-15,29169.56
2023-08-16,28938.00
2023-08-17,27643.00
2023-08-18,26066.00
2023-08-19,26052.00
2023-08-20,26233.00
2023-08-21,26119.75
2023-08-22,25850.00
2023-08-23,26587.00
2023-08-24,26014.00
2023-08-25,26041.00
2023-08-26,26016.00
2023-08-27,26076.87
2023-08-28,25979.37
2023-08-29,27581.50
2023-08-30,27254.00
2023-08-31,26019.40
2023-09-01,25752.70
2023-09-02,25851.71
2023-09-03,26040.00
2023-09-04,25853.00
2023-09-05,25705.04
2023-09-06,25664.00
2023-09-07,25993.00
2023-09-08,25895.90
2023-09-09,25856.00
2023-09-10,25812.00
2023-09-11,25087.00
2023-09-12,26075.50
2023-09-13,26228.00
2023-09-14,26572.00
2023-09-15,26417.25
2023-09-16,26543.35
2023-09-17,26444.00
2023-09-18,26775.75
2023-09-19,27187.50
2023-09-20,27092.74
2023-09-21,26598.75
2023-09-22,26542.13
2023-09-23,26626.48
2023-09-24,26504.22
2023-09-25,26295.58
2023-09-26,26149.25
2023-09-27,26239.00
2023-09-28,27096.00
2023-09-29,26905.00
2023-09-30,27075.30
2023-10-01,27115.48
2023-10-02,27840.00
2023-10-03,27395.09
2023-10-04,27651.00
2023-10-05,27477.82
2023-10-06,27994.00
2023-10-07,27933.14
2023-10-08,27921.43
2023-10-09,27574.18
2023-10-10,27404.00
2023-10-11,26710.00
2023-10-12,26734.90
2023-10-13,26972.00
2023-10-14,26845.00
2023-10-15,27204.00
2023-10-16,28414.00
2023-10-17,28462.38
2023-10-18,28258.55
2023-10-19,28724.92
2023-10-20,29599.00
2023-10-21,30030.00
2023-10-22,29855.59
2023-10-23,31540.00
2023-10-24,33650.00
2023-10-25,34678.00
2023-10-26,34192.83
2023-10-27,33840.44
2023-10-28,34133.00
2023-10-29,34589.96
2023-10-30,34434.00
2023-10-31,34648.00
2023-11-01,35434.00
2023-11-02,34918.46
2023-11-03,34611.00
2023-11-04,34776.00
2023-11-05,34677.00
2023-11-06,35038.19
2023-11-07,35499.00
2023-11-08,35589.00
2023-11-09,36535.00
2023-11-10,37290.00
2023-11-11,36986.00
2023-11-12,37176.42
2023-11-13,36496.95
2023-11-14,35595.15
2023-11-15,37643.00
2023-11-16,35958.00
2023-11-17,36411.00
2023-11-18,36565.46
2023-11-19,37020.08
2023-11-20,37442.00
2023-11-21,36844.00
2023-11-22,37623.00
2023-11-23,37256.00
2023-11-24,37865.70
2023-11-25,37787.19
2023-11-26,37615.20
2023-11-27,37032.00
2023-11-28,37968.00
2023-11-29,37740.00
2023-11-30,37746.00
2023-12-01,38794.00
2023-12-02,39581.00
2023-12-03,39726.00
2023-12-04,42050.25
2023-12-05,43896.00
2023-12-06,43826.00
2023-12-07,43400.81
2023-12-08,44553.00
2023-12-09,43983.47
2023-12-10,43802.67
2023-12-11,41108.02
2023-12-12,41086.00
2023-12-13,42989.00
2023-12-14,42988.00
2023-12-15,42235.00
2023-12-16,42241.03
2023-12-17,41876.00
2023-12-18,42611.00
2023-12-19,42496.00
2023-12-20,43445.00
2023-12-21,44016.00
2023-12-22,43739.00
2023-12-23,43709.02
2023-12-24,43526.00
2023-12-25,43527.00
2023-12-26,42327.00
2023-12-27,43394.00
2023-12-28,42471.00
2023-12-29,41927.00
2023-12-30,42299.54
2023-12-31,42505.00
2024-01-01,43622.00
2024-01-02,45124.00
2024-01-03,42939.00
2024-01-04,44488.00
2024-01-05,43960.11
2024-01-06,43919.00
2024-01-07,44257.00
2024-01-08,47111.00
2024-01-09,45406.00
2024-01-10,45947.00
2024-01-11,46153.00
2024-01-12,43415.72
2024-01-13,42951.00
2024-01-14,42516.00
2024-01-15,42680.00
2024-01-16,43430.00
2024-01-17,42635.00
2024-01-18,41063.00
2024-01-19,41592.00
2024-01-20,41704.00
2024-01-21,41754.00
2024-01-22,39811.00
2024-01-23,39179.00
2024-01-24,39767.00
2024-01-25,39900.00
2024-01-26,41997.00
2024-01-27,42014.23
2024-01-28,41967.00
2024-01-29,43180.00
2024-01-30,43547.00
2024-01-31,42457.09
2024-02-01,43104.64
2024-02-02,42970.50
2024-02-03,43034.84
2024-02-04,42758.00
2024-02-05,42334.01
2024-02-06,43153.00
2024-02-07,44188.82
2024-02-08,45329.38
2024-02-09,47542.00
2024-02-10,47953.00
2024-02-11,48112.34
2024-02-12,49833.62
2024-02-13,49563.00
2024-02-14,51773.00
2024-02-15,51368.00
2024-02-16,52005.00
2024-02-17,51806.00
2024-02-18,51875.00
2024-02-19,51901.86
2024-02-20,52034.00
2024-02-21,51396.38
2024-02-22,51645.00
2024-02-23,50993.34
2024-02-24,51556.00
2024-02-25,51768.00
2024-02-26,54662.00
2024-02-27,56731.00
2024-02-28,60562.00
2024-02-29,61445.00
2024-03-01,62604.82
2024-03-02,61974.00
2024-03-03,62853.07
2024-03-04,67496.00
2024-03-05,63317.00
2024-03-06,66469.00
2024-03-07,67342.00
2024-03-08,68419.00
2024-03-09,68530.00
2024-03-10,69429.00
2024-03-11,72150.00
2024-03-12,71064.30
2024-03-13,73157.00
2024-03-14,70674.00
2024-03-15,67864.00
2024-03-16,67073.00
2024-03-17,68248.00
2024-03-18,67365.00
2024-03-19,63736.00
2024-03-20,67059.00
2024-03-21,65467.00
2024-03-22,63501.00
2024-03-23,65006.73
2024-03-24,66144.00
2024-03-25,70957.21
2024-03-26,69816.00
2024-03-27,68862.00
2024-03-28,70702.00
2024-03-29,69653.00
2024-03-30,69857.00
2024-03-31,70841.00
2024-04-01,69763.00
2024-04-02,65659.00
2024-04-03,65728.00
2024-04-04,67952.00
2024-04-05,67638.37
2024-04-06,68404.00
2024-04-07,69319.59
2024-04-08,71703.00
2024-04-09,69139.00
2024-04-10,69802.00
2024-04-11,70511.00
2024-04-12,67138.00
2024-04-13,61935.00
2024-04-14,63863.00
2024-04-15,63140.00
2024-04-16,63039.00
2024-04-17,60833.00
2024-04-18,63523.55
2024-04-19,64045.70
2024-04-20,64773.12
2024-04-21,64655.00
2024-04-22,66540.42
2024-04-23,66351.00
2024-04-24,64036.00
2024-04-25,64788.00
2024-04-26,63935.25
2024-04-27,63235.00
2024-04-28,63664.00
2024-04-29,62944.00
2024-04-30,59866.00
2024-05-01,57280.00
2024-05-02,58718.00
2024-05-03,62933.00
2024-05-04,63927.30
2024-05-05,63739.00
2024-05-06,63294.00
2024-05-07,62969.00
2024-05-08,61564.00
2024-05-09,62611.00
2024-05-10,60479.02
2024-05-11,61051.58
2024-05-12,61254.00
2024-05-13,63086.00
2024-05-14,61624.55
2024-05-15,65976.72
2024-05-16,65282.00
2024-05-17,66921.00
2024-05-18,66984.00
2024-05-19,66160.00
2024-05-20,69524.00
2024-05-21,69711.00
2024-05-22,69406.00
2024-05-23,67735.00
2024-05-24,68866.00
2024-05-25,69139.48
2024-05-26,68684.00
2024-05-27,69585.00
2024-05-28,68241.00
2024-05-29,67404.00
2024-05-30,68469.00
2024-05-31,67628.00
2024-06-01,67741.00
2024-06-02,67791.00
2024-06-03,69106.00
2024-06-04,70404.00
2024-06-05,71196.00
2024-06-06,70684.00
2024-06-07,69278.00
2024-06-08,69358.00
2024-06-09,69680.00
2024-06-10,69620.36
2024-06-11,67282.00
2024-06-12,68079.00
2024-06-13,66681.00
2024-06-14,65731.00
2024-06-15,66013.00
2024-06-16,66456.00
2024-06-17,66371.00
2024-06-18,64885.00
2024-06-19,64853.00
2024-06-20,65061.00
2024-06-21,64168.00
2024-06-22,64261.23
2024-06-23,63705.25
2024-06-24,59470.00
2024-06-25,61907.97
