date,ER00_USA
2015-09-04,88.60
2015-09-07,88.60
2015-09-08,89.20
2015-09-09,88.20
2015-09-10,89.00
2015-09-11,89.10
2015-09-14,88.70
2015-09-15,88.50
2015-09-16,89.50
2015-09-17,89.30
2015-09-18,87.80
2015-09-21,88.40
2015-09-22,87.60
2015-09-23,87.20
2015-09-24,87.80
2015-09-25,88.40
2015-09-28,87.40
2015-09-29,87.40
2015-09-30,87.90
2015-10-01,87.20
2015-10-02,87.80
2015-10-05,88.80
2015-10-06,90.10
2015-10-07,90.00
2015-10-08,90.40
2015-10-09,90.90
2015-10-12,89.90
2015-10-13,89.80
2015-10-14,90.20
2015-10-15,89.90
2015-10-16,89.90
2015-10-19,88.60
2015-10-20,88.70
2015-10-21,88.30
2015-10-22,88.10
2015-10-23,87.50
2015-10-26,87.00
2015-10-27,86.50
2015-10-28,87.30
2015-10-29,86.80
2015-10-30,87.40
2015-11-02,86.90
2015-11-03,87.80
2015-11-04,86.60
2015-11-05,85.90
2015-11-06,85.30
2015-11-09,84.10
2015-11-10,84.00
2015-11-11,83.60
2015-11-12,82.80
2015-11-13,82.30
2015-11-16,82.50
2015-11-17,81.80
2015-11-18,81.50
2015-11-19,81.70
2015-11-20,81.30
2015-11-23,81.30
2015-11-24,82.20
2015-11-25,82.20
2015-11-26,82.20
2015-11-27,81.10
2015-11-30,81.20
2015-12-01,81.90
2015-12-02,80.50
2015-12-03,81.30
2015-12-04,81.80
2015-12-07,79.40
2015-12-08,79.10
2015-12-09,79.20
2015-12-10,79.10
2015-12-11,78.50
2015-12-14,78.10
2015-12-15,77.70
2015-12-16,77.00
2015-12-17,76.70
2015-12-18,77.30
2015-12-21,77.60
2015-12-22,77.20
2015-12-23,78.10
2015-12-24,78.40
2015-12-25,78.40
2015-12-28,77.90
2015-12-29,79.10
2015-12-30,78.10
2015-12-31,78.70
2016-01-01,78.70
2016-01-04,78.10
2016-01-05,77.70
2016-01-06,76.70
2016-01-07,76.60
2016-01-08,76.60
2016-01-11,75.00
2016-01-12,74.30
2016-01-13,74.60
2016-01-14,74.50
2016-01-15,73.50
2016-01-18,73.50
2016-01-19,73.60
2016-01-20,72.90
2016-01-21,73.80
2016-01-22,75.30
2016-01-25,74.60
2016-01-26,75.60
2016-01-27,76.20
2016-01-28,76.10
2016-01-29,77.20
2016-02-01,76.00
2016-02-02,74.80
2016-02-03,76.20
2016-02-04,76.10
2016-02-05,75.50
2016-02-08,75.60
2016-02-09,74.00
2016-02-10,73.90
2016-02-11,73.90
2016-02-12,75.30
2016-02-15,75.30
2016-02-16,74.70
2016-02-17,76.10
2016-02-18,75.80
2016-02-19,75.30
2016-02-22,75.90
2016-02-23,75.00
2016-02-24,75.80
2016-02-25,75.90
2016-02-26,75.50
2016-02-29,76.10
2016-03-01,76.10
2016-03-02,76.40
2016-03-03,77.00
2016-03-04,78.20
2016-03-07,79.40
2016-03-08,78.50
2016-03-09,79.30
2016-03-10,79.30
2016-03-11,80.00
2016-03-14,79.40
2016-03-15,78.90
2016-03-16,79.90
2016-03-17,81.20
2016-03-18,80.80
2016-03-21,80.80
2016-03-22,81.30
2016-03-23,79.70
2016-03-24,79.20
2016-03-25,79.20
2016-03-28,79.40
2016-03-29,79.40
2016-03-30,79.10
2016-03-31,78.90
2016-04-01,77.80
2016-04-04,77.30
2016-04-05,77.00
2016-04-06,77.70
2016-04-07,77.40
2016-04-08,78.90
2016-04-11,79.20
2016-04-12,81.00
2016-04-13,81.30
2016-04-14,80.70
2016-04-15,80.40
2016-04-18,80.60
2016-04-19,82.50
2016-04-20,84.20
2016-04-21,83.60
2016-04-22,83.10
2016-04-25,82.90
2016-04-26,83.90
2016-04-27,84.20
2016-04-28,84.90
2016-04-29,85.60
2016-05-02,84.60
2016-05-03,83.50
2016-05-04,83.30
2016-05-05,82.70
2016-05-06,83.50
2016-05-09,81.80
2016-05-10,83.40
2016-05-11,84.60
2016-05-12,84.70
2016-05-13,84.50
2016-05-16,85.20
2016-05-17,85.80
2016-05-18,85.30
2016-05-19,84.70
2016-05-20,84.80
2016-05-23,84.30
2016-05-24,84.20
2016-05-25,85.10
2016-05-26,85.50
2016-05-27,85.50
2016-05-30,85.50
2016-05-31,85.40
2016-06-01,85.90
2016-06-02,86.70
2016-06-03,87.20
2016-06-06,88.10
2016-06-07,88.40
2016-06-08,89.90
2016-06-09,89.80
2016-06-10,88.90
2016-06-13,89.20
2016-06-14,88.70
2016-06-15,88.70
2016-06-16,87.30
2016-06-17,88.80
2016-06-20,89.40
2016-06-21,88.70
2016-06-22,87.80
2016-06-23,88.30
2016-06-24,87.10
2016-06-27,86.70
2016-06-28,88.20
2016-06-29,89.30
2016-06-30,89.10
2016-07-01,89.60
2016-07-04,89.60
2016-07-05,87.30
2016-07-06,87.70
2016-07-07,85.40
2016-07-08,86.40
2016-07-11,86.00
2016-07-12,87.60
2016-07-13,87.10
2016-07-14,87.20
2016-07-15,86.70
2016-07-18,86.50
2016-07-19,85.90
2016-07-20,85.10
2016-07-21,84.90
2016-07-22,84.70
2016-07-25,84.00
2016-07-26,83.70
2016-07-27,83.10
2016-07-28,83.50
2016-07-29,84.20
2016-08-01,82.80
2016-08-02,82.80
2016-08-03,83.60
2016-08-04,83.90
2016-08-05,83.80
2016-08-08,84.20
2016-08-09,83.80
2016-08-10,83.20
2016-08-11,83.80
2016-08-12,84.00
2016-08-15,85.20
2016-08-16,85.70
2016-08-17,85.90
2016-08-18,86.90
2016-08-19,86.30
2016-08-22,85.60
2016-08-23,86.10
2016-08-24,85.20
2016-08-25,85.00
2016-08-26,84.90
2016-08-29,84.60
2016-08-30,83.70
2016-08-31,82.70
2016-09-01,82.10
2016-09-02,83.00
2016-09-05,83.00
2016-09-06,83.30
2016-09-07,83.90
2016-09-08,85.20
2016-09-09,83.90
2016-09-12,84.10
2016-09-13,83.10
2016-09-14,82.80
2016-09-15,83.20
2016-09-16,83.20
2016-09-19,83.60
2016-09-20,84.20
2016-09-21,84.90
2016-09-22,85.40
2016-09-23,84.10
2016-09-26,84.90
2016-09-27,84.20
2016-09-28,85.10
2016-09-29,85.10
2016-09-30,85.30
2016-10-03,85.50
2016-10-04,85.10
2016-10-05,85.80
2016-10-06,85.50
2016-10-07,85.80
2016-10-10,86.70
2016-10-11,86.20
2016-10-12,85.60
2016-10-13,86.40
2016-10-14,86.40
2016-10-17,86.50
2016-10-18,86.60
2016-10-19,86.90
2016-10-20,86.00
2016-10-21,86.20
2016-10-24,86.10
2016-10-25,86.10
2016-10-26,85.50
2016-10-27,86.30
2016-10-28,85.80
2016-10-31,84.80
2016-11-01,84.60
2016-11-02,83.90
2016-11-03,83.50
2016-11-04,83.20
2016-11-07,83.80
2016-11-08,83.70
2016-11-09,84.00
2016-11-10,83.70
2016-11-11,82.20
2016-11-14,82.30
2016-11-15,83.20
2016-11-16,82.70
2016-11-17,82.70
2016-11-18,83.20
2016-11-21,84.90
2016-11-22,85.20
2016-11-23,85.50
2016-11-24,85.50
2016-11-25,85.30
2016-11-28,86.10
2016-11-29,84.20
2016-11-30,85.80
2016-12-01,87.20
2016-12-02,87.10
2016-12-05,88.20
2016-12-06,88.10
2016-12-07,87.40
2016-12-08,87.50
2016-12-09,88.10
2016-12-12,88.20
2016-12-13,87.80
2016-12-14,87.50
2016-12-15,86.80
2016-12-16,87.10
2016-12-19,86.60
2016-12-20,86.20
2016-12-21,86.50
2016-12-22,86.30
2016-12-23,86.20
2016-12-26,86.20
2016-12-27,87.60
2016-12-28,87.80
2016-12-29,87.60
2016-12-30,87.50
2017-01-02,87.50
2017-01-03,86.20
2017-01-04,87.30
2017-01-05,87.50
2017-01-06,87.50
2017-01-09,86.40
2017-01-10,86.80
2017-01-11,87.20
2017-01-12,88.60
2017-01-13,88.50
2017-01-16,88.50
2017-01-17,89.00
2017-01-18,88.30
2017-01-19,88.20
2017-01-20,88.40
2017-01-23,88.60
2017-01-24,89.00
2017-01-25,88.50
2017-01-26,88.30
2017-01-27,88.00
2017-01-30,87.10
2017-01-31,87.70
2017-02-01,88.60
2017-02-02,88.30
2017-02-03,88.00
2017-02-06,87.80
2017-02-07,87.80
2017-02-08,88.50
2017-02-09,88.40
2017-02-10,89.30
2017-02-13,88.60
2017-02-14,88.70
2017-02-15,89.10
2017-02-16,88.40
2017-02-17,88.10
2017-02-20,88.10
2017-02-21,87.80
2017-02-22,87.60
2017-02-23,87.50
2017-02-24,87.50
2017-02-27,87.20
2017-02-28,87.80
2017-03-01,88.30
2017-03-02,87.00
2017-03-03,87.30
2017-03-06,87.10
2017-03-07,86.40
2017-03-08,85.30
2017-03-09,84.70
2017-03-10,84.20
2017-03-13,84.60
2017-03-14,84.00
2017-03-15,84.60
2017-03-16,84.90
2017-03-17,85.30
2017-03-20,85.20
2017-03-21,84.80
2017-03-22,84.60
2017-03-23,84.50
2017-03-24,84.50
2017-03-27,84.50
2017-03-28,84.80
2017-03-29,85.40
2017-03-30,85.30
2017-03-31,85.30
2017-04-03,84.70
2017-04-04,85.40
2017-04-05,85.70
2017-04-06,85.80
2017-04-07,85.70
2017-04-10,85.90
2017-04-11,86.10
2017-04-12,85.80
2017-04-13,86.20
2017-04-14,86.20
2017-04-17,86.20
2017-04-18,85.30
2017-04-19,84.80
2017-04-20,84.40
2017-04-21,83.80
2017-04-24,83.80
2017-04-25,84.10
2017-04-26,83.90
2017-04-27,83.60
2017-04-28,83.90
2017-05-01,84.20
2017-05-02,83.80
2017-05-03,83.80
2017-05-04,82.30
2017-05-05,82.60
2017-05-08,82.30
2017-05-09,81.90
2017-05-10,82.80
2017-05-11,83.20
2017-05-12,83.60
2017-05-15,83.60
2017-05-16,83.60
2017-05-17,84.00
2017-05-18,83.30
2017-05-19,84.70
2017-05-22,85.30
2017-05-23,84.70
2017-05-24,84.40
2017-05-25,83.80
2017-05-26,84.10
2017-05-29,84.10
2017-05-30,83.30
2017-05-31,82.80
2017-06-01,82.50
2017-06-02,82.30
2017-06-05,82.10
2017-06-06,82.50
2017-06-07,82.00
2017-06-08,82.20
2017-06-09,82.40
2017-06-12,81.50
2017-06-13,81.60
2017-06-14,80.90
2017-06-15,81.00
2017-06-16,81.30
2017-06-19,80.80
2017-06-20,80.20
2017-06-21,79.70
2017-06-22,79.40
2017-06-23,79.70
2017-06-26,79.80
2017-06-27,80.40
2017-06-28,80.80
2017-06-29,81.30
2017-06-30,82.60
2017-07-03,83.10
2017-07-04,83.10
2017-07-05,82.20
2017-07-06,82.40
2017-07-07,81.70
2017-07-10,82.30
2017-07-11,82.90
2017-07-12,82.80
2017-07-13,82.00
2017-07-14,82.70
2017-07-17,82.70
2017-07-18,83.10
2017-07-19,83.70
2017-07-20,83.70
2017-07-21,83.10
2017-07-24,82.60
2017-07-25,83.20
2017-07-26,83.70
2017-07-27,84.30
2017-07-28,84.60
2017-07-31,84.50
2017-08-01,83.50
2017-08-02,83.90
2017-08-03,83.30
2017-08-04,83.30
2017-08-07,83.60
2017-08-08,84.00
2017-08-09,84.40
2017-08-10,83.50
2017-08-11,83.60
2017-08-14,83.10
2017-08-15,82.50
2017-08-16,82.60
2017-08-17,82.70
2017-08-18,83.30
2017-08-21,83.00
2017-08-22,82.90
2017-08-23,83.40
2017-08-24,83.50
2017-08-25,83.20
2017-08-28,83.40
2017-08-29,83.40
2017-08-30,83.00
2017-08-31,84.60
2017-09-01,85.00
2017-09-04,85.00
2017-09-05,85.40
2017-09-06,85.80
2017-09-07,85.80
2017-09-08,84.80
2017-09-11,84.90
2017-09-12,84.70
2017-09-13,84.90
2017-09-14,85.10
2017-09-15,85.10
2017-09-18,85.10
2017-09-19,84.90
2017-09-20,85.60
2017-09-21,84.70
2017-09-22,84.90
2017-09-25,85.40
2017-09-26,84.80
2017-09-27,84.80
2017-09-28,84.70
2017-09-29,84.60
2017-10-02,83.70
2017-10-03,83.80
2017-10-04,83.80
2017-10-05,84.70
2017-10-06,83.80
2017-10-09,84.00
2017-10-10,84.90
2017-10-11,84.70
2017-10-12,85.10
2017-10-13,85.80
2017-10-16,86.00
2017-10-17,85.50
2017-10-18,85.20
2017-10-19,85.30
2017-10-20,85.30
2017-10-23,85.60
2017-10-24,86.10
2017-10-25,86.00
2017-10-26,85.90
2017-10-27,85.90
2017-10-30,86.10
2017-10-31,86.30
2017-11-01,86.50
2017-11-02,86.70
2017-11-03,87.00
2017-11-06,88.20
2017-11-07,87.70
2017-11-08,87.50
2017-11-09,87.50
2017-11-10,87.20
2017-11-13,87.30
2017-11-14,86.10
2017-11-15,86.10
2017-11-16,85.70
2017-11-17,86.80
2017-11-20,86.30
2017-11-21,86.50
2017-11-22,86.90
2017-11-23,86.90
2017-11-24,87.00
2017-11-27,86.80
2017-11-28,86.80
2017-11-29,86.40
2017-11-30,85.70
2017-12-01,86.40
2017-12-04,85.70
2017-12-05,85.00
2017-12-06,84.10
2017-12-07,83.80
2017-12-08,84.00
2017-12-11,84.10
2017-12-12,83.60
2017-12-13,83.50
2017-12-14,83.80
2017-12-15,84.10
2017-12-18,84.40
2017-12-19,84.60
2017-12-20,85.00
2017-12-21,85.20
2017-12-22,85.60
2017-12-25,85.60
2017-12-26,86.70
2017-12-27,87.00
2017-12-28,87.70
2017-12-29,88.20
2018-01-01,88.20
2018-01-02,88.50
2018-01-03,88.50
2018-01-04,88.50
2018-01-05,87.90
2018-01-08,87.80
2018-01-09,88.20
2018-01-10,88.20
2018-01-11,88.30
2018-01-12,88.90
2018-01-15,88.90
2018-01-16,88.40
2018-01-17,88.80
2018-01-18,88.60
2018-01-19,88.50
2018-01-22,88.70
2018-01-23,89.10
2018-01-24,90.60
2018-01-25,90.30
2018-01-26,90.80
2018-01-29,90.70
2018-01-30,90.40
2018-01-31,89.70
2018-02-01,89.90
2018-02-02,89.00
2018-02-05,88.30
2018-02-06,88.20
2018-02-07,87.20
2018-02-08,87.00
2018-02-09,85.80
2018-02-12,86.20
2018-02-13,86.70
2018-02-14,87.90
2018-02-15,88.20
2018-02-16,88.00
2018-02-19,88.00
2018-02-20,88.00
2018-02-21,88.20
2018-02-22,88.60
2018-02-23,88.70
2018-02-26,89.10
2018-02-27,88.60
2018-02-28,88.10
2018-03-01,88.20
2018-03-02,88.20
2018-03-05,88.80
2018-03-06,89.10
2018-03-07,88.00
2018-03-08,87.60
2018-03-09,87.90
2018-03-12,87.70
2018-03-13,87.80
2018-03-14,87.60
2018-03-15,87.40
2018-03-16,87.40
2018-03-19,86.60
2018-03-20,86.70
2018-03-21,87.40
2018-03-22,87.00
2018-03-23,87.50
2018-03-26,87.40
2018-03-27,87.20
2018-03-28,86.60
2018-03-29,87.40
2018-03-30,87.40
2018-04-02,86.90
2018-04-03,87.00
2018-04-04,86.50
2018-04-05,87.10
2018-04-06,86.90
2018-04-09,88.00
2018-04-10,88.90
2018-04-11,89.20
2018-04-12,89.00
2018-04-13,89.40
2018-04-16,89.00
2018-04-17,89.20
2018-04-18,90.60
2018-04-19,89.90
2018-04-20,89.90
2018-04-23,89.20
2018-04-24,89.10
2018-04-25,89.10
2018-04-26,89.50
2018-04-27,89.40
2018-04-30,89.50
2018-05-01,89.40
2018-05-02,89.60
2018-05-03,89.70
2018-05-04,90.00
2018-05-07,90.20
2018-05-08,89.40
2018-05-09,90.10
2018-05-10,90.40
2018-05-11,89.90
2018-05-14,90.40
2018-05-15,90.20
2018-05-16,90.10
2018-05-17,90.30
2018-05-18,90.40
2018-05-21,90.90
2018-05-22,91.30
2018-05-23,91.60
2018-05-24,91.50
2018-05-25,91.00
2018-05-28,91.00
2018-05-29,90.30
2018-05-30,90.70
2018-05-31,90.70
2018-06-01,90.40
2018-06-04,89.40
2018-06-05,89.70
2018-06-06,89.80
2018-06-07,90.00
2018-06-08,90.10
2018-06-11,89.60
2018-06-12,89.90
2018-06-13,89.80
2018-06-14,89.20
2018-06-15,87.70
2018-06-18,87.60
2018-06-19,86.60
2018-06-20,86.78
2018-06-21,86.40
2018-06-22,87.20
2018-06-25,86.00
2018-06-26,86.50
2018-06-27,87.00
2018-06-28,86.80
2018-06-29,87.60
2018-07-02,85.70
2018-07-03,85.90
2018-07-04,85.90
2018-07-05,85.50
2018-07-06,86.20
2018-07-09,86.20
2018-07-10,85.70
2018-07-11,83.50
2018-07-12,84.00
2018-07-13,83.70
2018-07-16,82.90
2018-07-17,82.80
2018-07-18,83.10
2018-07-19,83.00
2018-07-20,83.60
2018-07-23,83.60
2018-07-24,83.90
2018-07-25,84.90
2018-07-26,84.90
2018-07-27,84.70
2018-07-30,85.30
2018-07-31,85.50
2018-08-01,84.20
2018-08-02,84.40
2018-08-03,84.80
2018-08-06,85.00
2018-08-07,85.60
2018-08-08,85.10
2018-08-09,84.80
2018-08-10,84.10
2018-08-13,83.40
2018-08-14,83.70
2018-08-15,82.10
2018-08-16,82.90
2018-08-17,83.50
2018-08-20,83.40
2018-08-21,83.40
2018-08-22,83.50
2018-08-23,83.20
2018-08-24,83.70
2018-08-27,83.70
2018-08-28,83.20
2018-08-29,83.80
2018-08-30,83.50
2018-08-31,83.80
2018-09-03,83.80
2018-09-04,83.10
2018-09-05,82.60
2018-09-06,82.40
2018-09-07,82.60
2018-09-10,82.90
2018-09-11,83.00
2018-09-12,83.50
2018-09-13,82.60
2018-09-14,82.40
2018-09-17,82.30
2018-09-18,82.80
2018-09-19,83.30
2018-09-20,83.90
2018-09-21,84.30
2018-09-24,84.80
2018-09-25,85.10
2018-09-26,84.70
2018-09-27,84.70
2018-09-28,85.20
2018-10-01,86.20
2018-10-02,87.00
2018-10-03,87.70
2018-10-04,86.70
2018-10-05,87.00
2018-10-08,87.00
2018-10-09,87.30
2018-10-10,86.40
2018-10-11,86.00
2018-10-12,86.30
2018-10-15,87.10
2018-10-16,87.10
2018-10-17,86.70
2018-10-18,85.60
2018-10-19,85.80
2018-10-22,85.70
2018-10-23,85.10
2018-10-24,84.90
2018-10-25,84.50
2018-10-26,85.10
2018-10-29,84.40
2018-10-30,83.60
2018-10-31,83.10
2018-11-01,83.60
2018-11-02,84.00
2018-11-05,84.20
2018-11-06,83.70
2018-11-07,83.70
2018-11-08,83.30
2018-11-09,83.00
2018-11-12,82.90
2018-11-13,82.50
2018-11-14,84.60
2018-11-15,82.80
2018-11-16,84.00
2018-11-19,84.80
2018-11-20,83.10
2018-11-21,83.50
2018-11-22,83.50
2018-11-23,82.00
2018-11-26,81.50
2018-11-27,81.00
2018-11-28,82.50
2018-11-29,82.60
2018-11-30,82.40
2018-12-03,82.80
2018-12-04,83.40
2018-12-05,83.50
2018-12-06,82.20
2018-12-07,83.60
2018-12-10,82.70
2018-12-11,82.70
2018-12-12,82.20
2018-12-13,82.50
2018-12-14,81.20
2018-12-17,80.10
2018-12-18,79.60
2018-12-19,79.60
2018-12-20,78.80
2018-12-21,78.50
2018-12-24,77.70
2018-12-25,77.70
2018-12-26,78.00
2018-12-27,77.70
2018-12-28,77.50
2018-12-31,76.60
2019-01-01,76.60
2019-01-02,76.90
2019-01-03,77.40
2019-01-04,78.30
2019-01-07,78.40
2019-01-08,78.80
2019-01-09,79.80
2019-01-10,79.30
2019-01-11,79.50
2019-01-14,79.70
2019-01-15,80.30
2019-01-16,80.10
2019-01-17,80.30
2019-01-18,81.50
2019-01-21,81.50
2019-01-22,80.20
2019-01-23,80.20
2019-01-24,80.20
2019-01-25,81.00
2019-01-28,79.90
2019-01-29,80.60
2019-01-30,81.10
2019-01-31,80.80
2019-02-01,81.00
2019-02-04,81.20
2019-02-05,81.00
2019-02-06,80.90
2019-02-07,79.90
2019-02-08,79.90
2019-02-11,79.50
2019-02-12,80.20
2019-02-13,80.00
2019-02-14,79.90
2019-02-15,81.00
2019-02-18,81.00
2019-02-19,81.10
2019-02-20,81.40
2019-02-21,81.80
2019-02-22,82.10
2019-02-25,81.40
2019-02-26,81.20
2019-02-27,81.60
2019-02-28,81.20
2019-03-01,81.00
2019-03-04,80.70
2019-03-05,81.00
2019-03-06,80.80
2019-03-07,80.60
2019-03-08,80.20
2019-03-11,80.20
2019-03-12,80.70
2019-03-13,81.40
2019-03-14,81.40
2019-03-15,81.60
2019-03-18,82.10
2019-03-19,82.10
2019-03-20,82.80
2019-03-21,82.60
2019-03-22,81.70
2019-03-25,82.00
2019-03-26,82.10
2019-03-27,81.40
2019-03-28,81.20
2019-03-29,81.20
2019-04-01,81.80
2019-04-02,81.80
2019-04-03,82.30
2019-04-04,82.50
2019-04-05,82.30
2019-04-08,82.70
2019-04-09,82.50
2019-04-10,83.20
2019-04-11,82.20
2019-04-12,82.50
2019-04-15,82.30
2019-04-16,82.10
2019-04-17,81.60
2019-04-18,81.60
2019-04-19,81.60
2019-04-22,81.90
2019-04-23,81.80
2019-04-24,81.50
2019-04-25,81.40
2019-04-26,80.80
2019-04-29,80.50
2019-04-30,80.60
2019-05-01,80.50
2019-05-02,79.90
2019-05-03,79.70
2019-05-06,79.30
2019-05-07,78.70
2019-05-08,79.00
2019-05-09,78.50
2019-05-10,78.80
2019-05-13,78.40
2019-05-14,79.20
2019-05-15,79.50
2019-05-16,80.20
2019-05-17,79.80
2019-05-20,80.00
2019-05-21,79.80
2019-05-22,79.00
2019-05-23,78.00
2019-05-24,78.30
2019-05-27,78.30
2019-05-28,79.30
2019-05-29,79.40
2019-05-30,79.00
2019-05-31,77.50
2019-06-03,77.50
2019-06-04,77.70
2019-06-05,76.40
2019-06-06,77.20
2019-06-07,77.20
2019-06-10,77.10
2019-06-11,77.30
2019-06-12,76.90
2019-06-13,77.50
2019-06-14,77.90
2019-06-17,77.80
2019-06-18,78.20
2019-06-19,77.77
2019-06-20,79.10
2019-06-21,78.90
2019-06-24,79.30
2019-06-25,79.70
2019-06-26,80.00
2019-06-27,80.20
2019-06-28,79.50
2019-07-01,78.90
2019-07-02,78.00
2019-07-03,79.00
2019-07-04,79.00
2019-07-05,79.30
2019-07-08,78.90
2019-07-09,79.30
2019-07-10,80.70
2019-07-11,80.60
2019-07-12,81.00
2019-07-15,80.60
2019-07-16,79.60
2019-07-17,79.70
2019-07-18,78.90
2019-07-19,79.20
2019-07-22,79.20
2019-07-23,79.30
2019-07-24,79.10
2019-07-25,79.00
2019-07-26,78.70
2019-07-29,78.90
2019-07-30,79.10
2019-07-31,79.00
2019-08-01,76.80
2019-08-02,77.20
2019-08-05,76.90
2019-08-06,76.60
2019-08-07,76.30
2019-08-08,77.20
2019-08-09,77.30
2019-08-12,75.60
2019-08-13,77.60
2019-08-14,76.70
2019-08-15,76.70
2019-08-16,76.50
2019-08-19,76.60
2019-08-20,76.60
2019-08-21,76.80
2019-08-22,76.40
2019-08-23,75.90
2019-08-26,76.90
2019-08-27,76.50
2019-08-28,77.30
2019-08-29,77.50
2019-08-30,77.10
2019-09-02,77.10
2019-09-03,77.00
2019-09-04,78.30
2019-09-05,78.10
2019-09-06,77.80
2019-09-09,78.30
2019-09-10,78.80
2019-09-11,78.20
2019-09-12,78.40
2019-09-13,78.90
2019-09-16,81.30
2019-09-17,80.00
2019-09-18,79.30
2019-09-19,79.50
2019-09-20,79.40
2019-09-23,79.60
2019-09-24,79.20
2019-09-25,78.80
2019-09-26,78.50
2019-09-27,78.10
2019-09-30,77.60
2019-10-01,77.90
2019-10-02,77.70
2019-10-03,77.60
2019-10-04,77.90
2019-10-07,77.70
2019-10-08,77.70
2019-10-09,77.70
2019-10-10,78.00
2019-10-11,78.60
2019-10-14,78.70
2019-10-15,78.50
2019-10-16,78.30
2019-10-17,78.60
2019-10-18,78.50
2019-10-21,78.20
2019-10-22,78.30
2019-10-23,79.10
2019-10-24,79.30
2019-10-25,79.70
2019-10-28,79.30
2019-10-29,79.70
2019-10-30,79.50
2019-10-31,79.20
2019-11-01,80.20
2019-11-04,80.70
2019-11-05,80.60
2019-11-06,80.20
2019-11-07,79.90
2019-11-08,79.80
2019-11-11,78.90
2019-11-12,79.10
2019-11-13,78.80
2019-11-14,78.90
2019-11-15,79.20
2019-11-18,78.20
2019-11-19,77.90
2019-11-20,77.90
2019-11-21,78.50
2019-11-22,78.80
2019-11-25,78.70
2019-11-26,78.50
2019-11-27,78.30
2019-11-28,78.30
2019-11-29,77.40
2019-12-02,77.10
2019-12-03,77.20
2019-12-04,78.00
2019-12-05,78.30
2019-12-06,78.40
2019-12-09,78.10
2019-12-10,78.70
2019-12-11,78.40
2019-12-12,79.30
2019-12-13,79.20
2019-12-16,79.90
2019-12-17,80.30
2019-12-18,79.90
2019-12-19,80.50
2019-12-20,80.30
2019-12-23,80.30
2019-12-24,80.80
2019-12-25,80.80
2019-12-26,82.50
2019-12-27,81.30
2019-12-30,81.30
2019-12-31,80.90
2020-01-01,80.90
2020-01-02,81.10
2020-01-03,81.50
2020-01-06,81.80
2020-01-07,81.40
2020-01-08,80.40
2020-01-09,80.40
2020-01-10,80.80
2020-01-13,80.40
2020-01-14,80.30
2020-01-15,80.20
2020-01-16,79.70
2020-01-17,79.60
2020-01-20,79.60
2020-01-21,79.30
2020-01-22,78.70
2020-01-23,78.10
2020-01-24,77.40
2020-01-27,76.20
2020-01-28,76.20
2020-01-29,75.90
2020-01-30,74.90
2020-01-31,75.00
2020-02-03,74.30
2020-02-04,74.30
2020-02-05,74.90
2020-02-06,74.90
2020-02-07,74.70
2020-02-10,74.10
2020-02-11,74.30
2020-02-12,75.30
2020-02-13,75.20
2020-02-14,75.40
2020-02-17,75.40
2020-02-18,76.00
2020-02-19,76.70
2020-02-20,76.10
2020-02-21,76.10
2020-02-24,74.60
2020-02-25,74.00
2020-02-26,73.80
2020-02-27,72.60
2020-02-28,71.20
2020-03-02,72.40
2020-03-03,73.10
2020-03-04,73.00
2020-03-05,72.80
2020-03-06,70.90
2020-03-09,67.60
2020-03-10,69.10
2020-03-11,68.40
2020-03-12,64.20
2020-03-13,64.60
2020-03-16,62.70
2020-03-17,62.50
2020-03-18,59.20
2020-03-19,61.80
2020-03-20,62.00
2020-03-23,61.10
2020-03-24,63.80
2020-03-25,64.30
2020-03-26,63.40
2020-03-27,59.20
2020-03-30,61.60
2020-03-31,62.00
2020-04-01,59.90
2020-04-02,61.70
2020-04-03,63.60
2020-04-06,63.20
2020-04-07,64.00
2020-04-08,63.60
2020-04-09,64.10
2020-04-10,64.10
2020-04-13,62.90
2020-04-14,63.30
2020-04-15,62.40
2020-04-16,62.00
2020-04-17,62.40
2020-04-20,62.30
2020-04-21,59.50
2020-04-22,60.60
2020-04-23,60.60
2020-04-24,60.20
2020-04-27,59.40
2020-04-28,59.50
2020-04-29,60.40
2020-04-30,60.50
2020-05-01,60.30
2020-05-04,60.90
2020-05-05,62.40
2020-05-06,61.70
2020-05-07,62.10
2020-05-08,62.20
2020-05-11,61.60
2020-05-12,61.40
2020-05-13,60.20
2020-05-14,61.10
2020-05-15,61.40
2020-05-18,63.00
2020-05-19,63.20
2020-05-20,63.50
2020-05-21,62.90
2020-05-22,62.60
2020-05-25,62.60
2020-05-26,63.10
2020-05-27,62.50
2020-05-28,62.60
2020-05-29,62.80
2020-06-01,63.40
2020-06-02,63.70
2020-06-03,63.70
2020-06-04,64.30
2020-06-05,64.90
2020-06-08,64.70
2020-06-09,64.70
2020-06-10,65.00
2020-06-11,64.00
2020-06-12,63.70
2020-06-15,63.70
2020-06-16,63.80
2020-06-17,64.10
2020-06-18,64.20
2020-06-19,64.30
2020-06-22,64.60
2020-06-23,64.70
2020-06-24,63.90
2020-06-25,63.40
2020-06-26,63.00
2020-06-29,64.20
2020-06-30,64.70
2020-07-01,65.40
2020-07-02,65.50
2020-07-03,65.50
2020-07-06,66.10
2020-07-07,66.40
2020-07-08,66.90
2020-07-09,66.30
2020-07-10,66.50
2020-07-13,66.20
2020-07-14,66.00
2020-07-15,66.50
2020-07-16,66.30
2020-07-17,66.30
2020-07-20,66.50
2020-07-21,67.30
2020-07-22,67.60
2020-07-23,68.00
2020-07-24,68.10
2020-07-27,68.50
2020-07-28,68.50
2020-07-29,68.90
2020-07-30,68.20
2020-07-31,68.60
2020-08-03,69.90
2020-08-04,70.40
2020-08-05,71.10
2020-08-06,71.20
2020-08-07,70.50
2020-08-10,70.70
2020-08-11,69.80
2020-08-12,70.10
2020-08-13,70.40
2020-08-14,70.70
2020-08-17,71.80
2020-08-18,72.60
2020-08-19,72.00
2020-08-20,71.70
2020-08-21,71.30
2020-08-24,71.70
2020-08-25,72.00
2020-08-26,72.30
2020-08-27,72.60
2020-08-28,73.00
2020-08-31,73.20
2020-09-01,73.30
2020-09-02,72.80
2020-09-03,72.30
2020-09-04,72.40
2020-09-07,72.40
2020-09-08,71.30
2020-09-09,71.90
2020-09-10,71.50
2020-09-11,71.50
2020-09-14,71.80
2020-09-15,71.80
2020-09-16,72.10
2020-09-17,72.30
2020-09-18,73.00
2020-09-21,71.00
2020-09-22,70.90
2020-09-23,70.60
2020-09-24,70.80
2020-09-25,70.70
2020-09-28,70.90
2020-09-29,70.10
2020-09-30,70.80
2020-10-01,70.30
2020-10-02,69.60
2020-10-05,71.10
2020-10-06,71.50
2020-10-07,71.70
2020-10-08,72.10
2020-10-09,73.30
2020-10-12,72.90
2020-10-13,72.40
2020-10-14,72.90
2020-10-15,73.40
2020-10-16,73.40
2020-10-19,73.40
2020-10-20,74.10
2020-10-21,74.00
2020-10-22,73.70
2020-10-23,73.60
2020-10-26,73.10
2020-10-27,73.50
2020-10-28,72.00
2020-10-29,71.80
2020-10-30,71.70
2020-11-02,72.10
2020-11-03,72.00
2020-11-04,72.80
2020-11-05,73.10
2020-11-06,72.70
2020-11-09,72.80
2020-11-10,73.80
2020-11-11,73.90
2020-11-12,73.50
2020-11-13,73.60
2020-11-16,73.80
2020-11-17,73.80
2020-11-18,74.00
2020-11-19,73.50
2020-11-20,74.10
2020-11-23,74.20
2020-11-24,74.70
2020-11-25,74.90
2020-11-26,74.90
2020-11-27,74.80
2020-11-30,74.30
2020-12-01,74.50
2020-12-02,74.50
2020-12-03,73.90
2020-12-04,74.20
2020-12-07,73.80
2020-12-08,73.70
2020-12-09,73.80
2020-12-10,75.00
2020-12-11,75.00
2020-12-14,75.10
2020-12-15,75.80
2020-12-16,75.70
2020-12-17,76.90
2020-12-18,77.30
2020-12-21,77.00
2020-12-22,76.70
2020-12-23,77.00
2020-12-24,77.10
2020-12-25,77.10
2020-12-28,76.50
2020-12-29,77.00
2020-12-30,77.70
2020-12-31,77.90
2021-01-01,77.90
2021-01-04,78.60
2021-01-05,80.40
2021-01-06,80.30
2021-01-07,80.30
2021-01-08,79.60
2021-01-11,79.40
2021-01-12,81.00
2021-01-13,80.50
2021-01-14,81.30
2021-01-15,80.40
2021-01-18,80.40
2021-01-19,80.10
2021-01-20,80.20
2021-01-21,80.40
2021-01-22,79.00
2021-01-25,80.00
2021-01-26,80.50
2021-01-27,80.40
2021-01-28,80.10
2021-01-29,80.00
2021-02-01,81.50
2021-02-02,81.40
2021-02-03,81.80
2021-02-04,81.90
2021-02-05,82.40
2021-02-08,83.50
2021-02-09,83.70
2021-02-10,83.40
2021-02-11,83.40
2021-02-12,84.20
2021-02-15,84.20
2021-02-16,85.20
2021-02-17,85.10
2021-02-18,85.20
2021-02-19,85.20
2021-02-22,86.90
2021-02-23,86.60
2021-02-24,87.50
2021-02-25,87.20
2021-02-26,85.40
2021-03-01,84.60
2021-03-02,85.30
2021-03-03,84.90
2021-03-04,84.40
2021-03-05,85.70
2021-03-08,85.40
2021-03-09,85.50
2021-03-10,85.30
2021-03-11,86.40
2021-03-12,86.10
2021-03-15,85.90
2021-03-16,85.90
2021-03-17,85.70
2021-03-18,83.50
2021-03-19,84.60
2021-03-22,84.70
2021-03-23,83.00
2021-03-24,84.20
2021-03-25,82.90
2021-03-26,84.00
2021-03-29,83.90
2021-03-30,82.70
2021-03-31,83.80
2021-04-01,84.00
2021-04-02,84.00
2021-04-05,83.00
2021-04-06,83.50
2021-04-07,83.70
2021-04-08,84.40
2021-04-09,84.20
2021-04-12,83.70
2021-04-13,84.30
2021-04-14,85.70
2021-04-15,86.50
2021-04-16,86.60
2021-04-19,86.70
2021-04-20,87.10
2021-04-21,87.20
2021-04-22,88.00
2021-04-23,88.30
2021-04-26,89.60
2021-04-27,89.90
2021-04-28,90.10
2021-04-29,90.00
2021-04-30,90.30
2021-05-03,91.10
2021-05-04,91.80
2021-05-05,92.10
2021-05-06,93.00
2021-05-07,93.80
2021-05-10,93.30
2021-05-11,93.90
2021-05-12,93.90
2021-05-13,91.80
2021-05-14,91.90
2021-05-17,93.30
2021-05-18,93.20
2021-05-19,91.40
2021-05-20,90.70
2021-05-21,91.00
2021-05-24,91.60
2021-05-25,91.40
2021-05-26,91.60
2021-05-27,92.80
2021-05-28,92.70
2021-05-31,92.70
2021-06-01,94.30
2021-06-02,94.60
2021-06-03,93.20
2021-06-04,94.50
2021-06-07,94.30
2021-06-08,94.80
2021-06-09,94.70
2021-06-10,95.00
2021-06-11,95.10
2021-06-14,94.30
2021-06-15,93.60
2021-06-16,93.41
2021-06-17,90.10
2021-06-18,91.10
2021-06-21,91.70
2021-06-22,91.70
2021-06-23,92.30
2021-06-24,92.40
2021-06-25,92.40
2021-06-28,93.20
2021-06-29,93.30
2021-06-30,94.40
2021-07-01,94.50
2021-07-02,95.20
2021-07-05,95.20
2021-07-06,92.90
2021-07-07,92.60
2021-07-08,92.70
2021-07-09,93.50
2021-07-12,94.00
2021-07-13,94.60
2021-07-14,94.50
2021-07-15,94.10
2021-07-16,94.40
2021-07-19,92.00
2021-07-20,93.30
2021-07-21,94.70
2021-07-22,95.50
2021-07-23,95.80
2021-07-26,96.70
2021-07-27,96.00
2021-07-28,96.20
2021-07-29,97.60
2021-07-30,96.40
2021-08-02,95.70
2021-08-03,95.50
2021-08-04,94.70
2021-08-05,95.30
2021-08-06,94.60
2021-08-09,93.10
2021-08-10,94.40
2021-08-11,95.00
2021-08-12,95.00
2021-08-13,95.10
2021-08-16,95.10
2021-08-17,93.80
2021-08-18,93.40
2021-08-19,91.70
2021-08-20,91.00
2021-08-23,93.10
2021-08-24,94.40
2021-08-25,94.70
2021-08-26,95.00
2021-08-27,96.30
2021-08-30,96.20
2021-08-31,96.00
2021-09-01,96.00
2021-09-02,96.60
2021-09-03,97.00
2021-09-06,97.00
2021-09-07,95.70
2021-09-08,96.80
2021-09-09,96.40
2021-09-10,97.20
2021-09-13,97.70
2021-09-14,97.90
2021-09-15,99.60
2021-09-16,98.50
2021-09-17,97.50
2021-09-20,95.90
2021-09-21,95.60
2021-09-22,97.40
2021-09-23,98.20
2021-09-24,99.00
2021-09-27,100.90
2021-09-28,100.70
2021-09-29,99.60
2021-09-30,100.70
2021-10-01,100.90
2021-10-04,102.20
2021-10-05,103.80
2021-10-06,101.70
2021-10-07,102.20
2021-10-08,102.70
2021-10-11,102.60
2021-10-12,102.60
2021-10-13,103.10
2021-10-14,104.40
2021-10-15,104.80
2021-10-18,103.70
2021-10-19,103.90
2021-10-20,105.30
2021-10-21,103.10
2021-10-22,103.60
2021-10-25,105.80
2021-10-26,105.60
2021-10-27,105.10
2021-10-28,104.10
2021-10-29,103.40
2021-11-01,103.70
2021-11-02,104.30
2021-11-03,103.30
2021-11-04,102.40
2021-11-05,102.80
2021-11-08,102.70
2021-11-09,102.60
2021-11-10,102.00
2021-11-11,103.50
2021-11-12,102.80
2021-11-15,103.10
2021-11-16,103.20
2021-11-17,102.20
2021-11-18,102.80
2021-11-19,102.20
2021-11-22,102.10
2021-11-23,103.40
2021-11-24,103.60
2021-11-25,103.60
2021-11-26,99.90
2021-11-29,98.60
2021-11-30,95.70
2021-12-01,94.80
2021-12-02,95.40
2021-12-03,95.80
2021-12-06,95.70
2021-12-07,96.69
2021-12-08,97.25
2021-12-09,96.55
2021-12-10,96.90
2021-12-13,96.50
2021-12-14,95.98
2021-12-15,95.52
2021-12-16,97.04
2021-12-17,96.42
2021-12-20,95.38
2021-12-21,97.15
2021-12-22,98.73
2021-12-23,98.90
2021-12-24,98.90
2021-12-27,100.38
2021-12-28,100.06
2021-12-29,100.19
2021-12-30,99.43
2021-12-31,99.17
2022-01-03,99.46
2022-01-04,100.58
2022-01-05,101.16
2022-01-06,100.78
2022-01-07,101.29
2022-01-10,100.86
2022-01-11,102.77
2022-01-12,104.42
2022-01-13,103.05
2022-01-14,103.54
2022-01-17,103.54
2022-01-18,104.12
2022-01-19,105.44
2022-01-20,105.73
2022-01-21,105.36
2022-01-24,104.62
2022-01-25,105.62
2022-01-26,106.63
2022-01-27,106.19
2022-01-28,107.15
2022-01-31,107.86
2022-02-01,108.57
2022-02-02,110.27
2022-02-03,109.34
2022-02-04,109.57
2022-02-07,109.40
2022-02-08,108.91
2022-02-09,109.74
2022-02-10,109.49
2022-02-11,109.90
2022-02-14,111.10
2022-02-15,109.89
2022-02-16,111.67
2022-02-17,111.54
2022-02-18,111.63
2022-02-21,111.63
2022-02-22,113.54
2022-02-23,114.34
2022-02-24,115.27
2022-02-25,112.40
2022-02-28,114.55
2022-03-01,119.30
2022-03-02,122.10
2022-03-03,122.93
2022-03-04,127.03
2022-03-07,130.87
2022-03-08,132.63
2022-03-09,125.84
2022-03-10,125.13
2022-03-11,126.39
2022-03-14,123.80
2022-03-15,121.90
2022-03-16,120.67
2022-03-17,124.35
2022-03-18,123.36
2022-03-21,125.67
2022-03-22,125.55
2022-03-23,128.85
2022-03-24,129.16
2022-03-25,129.85
2022-03-28,126.21
2022-03-29,123.62
2022-03-30,126.45
2022-03-31,124.41
2022-04-01,123.88
2022-04-04,125.57
2022-04-05,126.21
2022-04-06,124.51
2022-04-07,124.93
2022-04-08,126.41
2022-04-11,125.94
2022-04-12,128.81
2022-04-13,131.01
2022-04-14,132.43
2022-04-15,132.43
2022-04-18,134.99
2022-04-19,131.32
2022-04-20,131.03
2022-04-21,131.30
2022-04-22,129.03
2022-04-25,126.83
2022-04-26,128.30
2022-04-27,129.66
2022-04-28,129.17
2022-04-29,129.48
2022-05-02,128.97
2022-05-03,128.62
2022-05-04,131.44
2022-05-05,132.40
2022-05-06,130.34
2022-05-09,124.76
2022-05-10,124.62
2022-05-11,127.41
2022-05-12,127.15
2022-05-13,128.31
2022-05-16,130.84
2022-05-17,131.63
2022-05-18,129.63
2022-05-19,131.11
2022-05-20,130.55
2022-05-23,132.35
2022-05-24,131.93
2022-05-25,132.11
2022-05-26,133.26
2022-05-27,133.87
2022-05-30,133.87
2022-05-31,131.34
2022-06-01,132.80
2022-06-02,133.83
2022-06-03,133.82
2022-06-06,136.31
2022-06-07,136.41
2022-06-08,136.04
2022-06-09,136.61
2022-06-10,135.43
2022-06-13,133.24
2022-06-14,129.06
2022-06-15,129.44
2022-06-16,130.32
2022-06-17,126.78
2022-06-20,126.78
2022-06-21,126.33
2022-06-22,124.73
2022-06-23,120.91
2022-06-24,121.31
2022-06-27,121.84
2022-06-28,122.70
2022-06-29,122.28
2022-06-30,117.05
2022-07-01,117.13
2022-07-04,117.13
2022-07-05,111.87
2022-07-06,110.75
2022-07-07,115.14
2022-07-08,115.91
2022-07-11,116.38
2022-07-12,111.96
2022-07-13,113.67
2022-07-14,111.72
2022-07-15,113.47
2022-07-18,117.14
2022-07-19,116.05
2022-07-20,117.55
2022-07-21,115.86
2022-07-22,116.52
2022-07-25,118.07
2022-07-26,119.34
2022-07-27,119.94
2022-07-28,120.29
2022-07-29,121.83
2022-08-01,119.80
2022-08-02,117.78
2022-08-03,117.87
2022-08-04,118.04
2022-08-05,117.85
2022-08-08,117.30
2022-08-09,118.66
2022-08-10,120.71
2022-08-11,123.64
2022-08-12,123.20
2022-08-15,121.38
2022-08-16,121.54
2022-08-17,121.36
2022-08-18,121.48
2022-08-19,122.32
2022-08-22,123.38
2022-08-23,123.92
2022-08-24,124.75
2022-08-25,124.15
2022-08-26,124.60
2022-08-29,125.61
2022-08-30,122.56
2022-08-31,121.64
2022-09-01,119.46
2022-09-02,119.10
2022-09-05,119.10
2022-09-06,117.47
2022-09-07,115.72
2022-09-08,116.17
2022-09-09,118.52
2022-09-12,120.78
2022-09-13,120.11
2022-09-14,121.39
2022-09-15,117.76
2022-09-16,116.74
2022-09-19,116.87
2022-09-20,117.32
2022-09-21,117.00
2022-09-22,116.01
2022-09-23,112.40
2022-09-26,110.60
2022-09-27,110.45
2022-09-28,112.75
2022-09-29,112.57
2022-09-30,111.49
2022-10-03,112.75
2022-10-04,115.71
2022-10-05,116.48
2022-10-06,116.72
2022-10-07,117.14
2022-10-10,116.01
2022-10-11,115.45
2022-10-12,114.62
2022-10-13,116.00
2022-10-14,113.67
2022-10-17,113.12
2022-10-18,111.80
2022-10-19,111.20
2022-10-20,111.45
2022-10-21,111.27
2022-10-24,111.63
2022-10-25,112.83
2022-10-26,113.89
2022-10-27,113.25
2022-10-28,111.76
2022-10-31,113.35
2022-11-01,113.52
2022-11-02,115.09
2022-11-03,113.60
2022-11-04,117.49
2022-11-07,118.14
2022-11-08,116.34
2022-11-09,114.56
2022-11-10,116.00
2022-11-11,116.88
2022-11-14,116.63
2022-11-15,117.53
2022-11-16,116.84
2022-11-17,115.12
2022-11-18,114.79
2022-11-21,115.33
2022-11-22,116.37
2022-11-23,116.51
2022-11-24,116.51
2022-11-25,114.92
2022-11-28,114.39
2022-11-29,115.19
2022-11-30,116.05
2022-12-01,116.08
2022-12-02,114.47
2022-12-05,111.13
2022-12-06,109.98
2022-12-07,110.72
2022-12-08,111.19
2022-12-09,111.73
2022-12-12,112.74
2022-12-13,114.96
2022-12-14,114.55
2022-12-15,113.79
2022-12-16,112.71
2022-12-19,111.64
2022-12-20,111.91
2022-12-21,113.13
2022-12-22,111.28
2022-12-23,112.56
2022-12-26,112.56
2022-12-27,113.36
2022-12-28,112.66
2022-12-29,112.39
2022-12-30,112.81
2023-01-02,112.81
2023-01-03,110.32
2023-01-04,108.56
2023-01-05,107.36
2023-01-06,108.11
2023-01-09,109.24
2023-01-10,108.65
2023-01-11,109.67
2023-01-12,110.94
2023-01-13,111.58
2023-01-16,111.58
2023-01-17,112.02
2023-01-18,111.59
2023-01-19,111.85
2023-01-20,112.13
2023-01-23,112.52
2023-01-24,111.91
2023-01-25,111.74
2023-01-26,112.39
2023-01-27,111.61
2023-01-30,110.80
2023-01-31,111.80
2023-02-01,109.53
2023-02-02,109.41
2023-02-03,107.07
2023-02-06,106.68
2023-02-07,108.11
2023-02-08,108.09
2023-02-09,107.90
2023-02-10,108.68
2023-02-13,108.56
2023-02-14,108.76
2023-02-15,107.40
2023-02-16,107.44
2023-02-17,106.53
2023-02-20,106.53
2023-02-21,107.04
2023-02-22,106.13
2023-02-23,105.98
2023-02-24,105.55
2023-02-27,105.97
2023-02-28,106.16
2023-03-01,107.29
2023-03-02,106.94
2023-03-03,108.31
2023-03-06,107.33
2023-03-07,105.77
2023-03-08,105.05
2023-03-09,104.20
2023-03-10,104.55
2023-03-13,105.13
2023-03-14,104.21
2023-03-15,102.15
2023-03-16,102.76
2023-03-17,102.59
2023-03-20,102.57
2023-03-21,102.71
2023-03-22,102.57
2023-03-23,102.55
2023-03-24,103.02
2023-03-27,103.75
2023-03-28,104.36
2023-03-29,104.16
2023-03-30,104.39
2023-03-31,105.51
2023-04-03,106.53
2023-04-04,106.52
2023-04-05,106.63
2023-04-06,106.24
2023-04-07,106.24
2023-04-10,106.25
2023-04-11,107.14
2023-04-12,107.62
2023-04-13,107.72
2023-04-14,107.82
2023-04-17,108.03
2023-04-18,108.75
2023-04-19,107.33
2023-04-20,106.39
2023-04-21,105.58
2023-04-24,106.00
2023-04-25,104.61
2023-04-26,103.45
2023-04-27,103.34
2023-04-28,104.31
2023-05-01,103.67
2023-05-02,102.33
2023-05-03,101.54
2023-05-04,101.65
2023-05-05,102.96
2023-05-08,103.70
2023-05-09,103.55
2023-05-10,102.73
2023-05-11,101.12
2023-05-12,101.18
2023-05-15,102.32
2023-05-16,101.17
2023-05-17,101.42
2023-05-18,100.97
2023-05-19,101.07
2023-05-22,100.87
2023-05-23,100.49
2023-05-24,100.58
2023-05-25,99.29
2023-05-26,100.08
2023-05-29,100.08
2023-05-30,98.33
2023-05-31,97.96
2023-06-01,99.19
2023-06-02,99.82
2023-06-05,100.06
2023-06-06,100.43
2023-06-07,100.68
2023-06-08,101.39
2023-06-09,100.96
2023-06-12,99.93
2023-06-13,101.11
2023-06-14,101.28
2023-06-15,103.51
2023-06-16,105.14
2023-06-19,105.14
2023-06-20,103.62
2023-06-21,104.77
2023-06-22,103.22
2023-06-23,102.35
2023-06-26,102.48
2023-06-27,101.22
2023-06-28,100.33
2023-06-29,100.25
2023-06-30,101.48
2023-07-03,101.25
2023-07-04,101.25
2023-07-05,102.03
2023-07-06,101.39
2023-07-07,101.91
2023-07-10,102.15
2023-07-11,103.10
2023-07-12,103.39
2023-07-13,104.52
2023-07-14,104.60
2023-07-17,103.59
2023-07-18,104.91
2023-07-19,105.52
2023-07-20,106.04
2023-07-21,106.20
2023-07-24,107.65
2023-07-25,108.24
2023-07-26,107.53
2023-07-27,106.93
2023-07-28,107.23
2023-07-31,107.34
2023-08-01,106.66
2023-08-02,105.02
2023-08-03,105.55
2023-08-04,105.93
2023-08-07,105.76
2023-08-08,105.71
2023-08-09,106.54
2023-08-10,105.87
2023-08-11,105.59
2023-08-14,105.10
2023-08-15,103.80
2023-08-16,103.43
2023-08-17,103.76
2023-08-18,104.24
2023-08-21,104.26
2023-08-22,103.94
2023-08-23,104.64
2023-08-24,104.89
2023-08-25,105.48
2023-08-28,105.65
2023-08-29,105.78
2023-08-30,106.12
2023-08-31,106.03
2023-09-01,106.72
2023-09-04,106.72
2023-09-05,106.64
2023-09-06,106.39
2023-09-07,106.01
2023-09-08,106.08
2023-09-11,106.68
2023-09-12,106.82
2023-09-13,106.95
2023-09-14,107.71
2023-09-15,107.47
2023-09-18,107.40
2023-09-19,107.46
2023-09-20,107.25
2023-09-21,106.07
2023-09-22,106.22
2023-09-25,105.75
2023-09-26,105.41
2023-09-27,105.77
2023-09-28,105.89
2023-09-29,104.84
2023-10-02,103.75
2023-10-03,103.46
2023-10-04,101.63
2023-10-05,101.65
2023-10-06,102.57
2023-10-09,103.76
2023-10-10,103.61
2023-10-11,103.04
2023-10-12,103.36
2023-10-13,105.29
2023-10-16,104.71
2023-10-17,104.83
2023-10-18,105.90
2023-10-19,106.08
2023-10-20,105.82
2023-10-23,104.86
2023-10-24,104.58
2023-10-25,105.06
2023-10-26,104.60
2023-10-27,105.63
2023-10-30,104.47
2023-10-31,104.62
2023-11-01,104.16
2023-11-02,105.05
2023-11-03,105.23
2023-11-06,105.00
2023-11-07,103.02
2023-11-08,102.35
2023-11-09,102.16
2023-11-10,101.61
2023-11-13,103.13
2023-11-14,103.39
2023-11-15,103.37
2023-11-16,101.78
2023-11-17,101.92
2023-11-20,102.69
2023-11-21,102.94
2023-11-22,102.18
2023-11-23,102.18
2023-11-24,101.42
2023-11-27,100.97
2023-11-28,101.97
2023-11-29,102.33
2023-11-30,101.81
2023-12-01,101.47
2023-12-04,99.99
2023-12-05,99.57
2023-12-06,97.55
2023-12-07,97.82
2023-12-08,97.86
2023-12-11,97.30
2023-12-12,96.37
2023-12-13,96.40
2023-12-14,98.59
2023-12-15,98.90
2023-12-18,99.11
2023-12-19,99.58
2023-12-20,99.13
2023-12-21,99.02
2023-12-22,99.35
2023-12-25,99.35
2023-12-26,99.91
2023-12-27,100.13
2023-12-28,99.57
2023-12-29,98.65
2024-01-01,98.65
2024-01-02,98.10
2024-01-03,98.32
2024-01-04,98.31
2024-01-05,98.63
2024-01-08,97.40
2024-01-09,98.28
2024-01-10,97.49
2024-01-11,97.67
2024-01-12,97.96
2024-01-15,97.96
2024-01-16,97.43
2024-01-17,96.64
2024-01-18,97.20
2024-01-19,96.80
2024-01-22,96.90
2024-01-23,97.60
2024-01-24,98.49
2024-01-25,98.72
2024-01-26,98.78
2024-01-29,97.91
2024-01-30,98.86
2024-01-31,98.56
2024-02-01,97.59
2024-02-02,96.67
2024-02-05,96.47
2024-02-06,96.63
2024-02-07,96.65
2024-02-08,96.99
2024-02-09,96.95
2024-02-12,96.72
2024-02-13,96.28
2024-02-14,95.40
2024-02-15,95.62
2024-02-16,96.25
2024-02-19,96.25
2024-02-20,95.83
2024-02-21,96.55
2024-02-22,96.42
2024-02-23,95.41
2024-02-26,95.80
2024-02-27,96.66
2024-02-28,96.66
2024-02-29,96.70
2024-03-01,97.22
2024-03-04,97.65
2024-03-05,97.30
2024-03-06,97.87
2024-03-07,98.29
2024-03-08,98.00
2024-03-11,98.30
2024-03-12,98.18
2024-03-13,98.99
2024-03-14,99.08
2024-03-15,99.19
2024-03-18,99.68
2024-03-19,99.59
2024-03-20,99.25
2024-03-21,99.44
2024-03-22,98.70
2024-03-25,99.28
2024-03-26,98.68
2024-03-27,98.31
2024-03-28,99.49
2024-03-29,99.49
2024-04-01,99.90
2024-04-02,100.70
2024-04-03,101.91
2024-04-04,102.26
2024-04-05,102.90
2024-04-08,102.92
2024-04-09,102.80
2024-04-10,102.87
2024-04-11,102.35
2024-04-12,102.93
2024-04-15,102.81
2024-04-16,102.83
2024-04-17,102.22
2024-04-18,102.09
2024-04-19,103.06
2024-04-22,102.78
2024-04-23,102.95
2024-04-24,102.69
2024-04-25,103.02
2024-04-26,102.92
2024-04-29,103.38
2024-04-30,101.67
2024-05-01,100.53
2024-05-02,100.84
2024-05-03,101.34
2024-05-06,102.54
2024-05-07,102.55
2024-05-08,102.06
2024-05-09,102.47
2024-05-10,102.79
2024-05-13,103.27
2024-05-14,103.13
2024-05-15,103.90
2024-05-16,104.11
2024-05-17,105.74
2024-05-20,107.24
2024-05-21,106.99
2024-05-22,106.41
2024-05-23,105.12
2024-05-24,105.03
2024-05-27,105.03
2024-05-28,106.65
2024-05-29,105.51
2024-05-30,104.05
2024-05-31,102.99
2024-06-03,102.74
2024-06-04,101.28
2024-06-05,101.87
2024-06-06,103.46
2024-06-07,101.82
2024-06-10,102.39
2024-06-11,102.71
2024-06-12,103.33
2024-06-13,102.78
2024-06-14,102.44
2024-06-17,101.91
2024-06-18,102.73
2024-06-19,102.73
2024-06-20,102.75
2024-06-21,101.73
2024-06-24,102.56
2024-06-25,101.42
2024-06-26,101.09
2024-06-27,101.33
2024-06-28,100.99
2024-07-01,101.33
2024-07-02,101.24
2024-07-03,102.18
2024-07-04,102.18
2024-07-05,102.50
2024-07-08,101.34
2024-07-09,100.69
2024-07-10,100.44
2024-07-11,100.76
2024-07-12,100.75
2024-07-15,99.61
2024-07-16,99.59
2024-07-17,99.21
2024-07-18,98.98
2024-07-19,97.49
2024-07-22,98.09
2024-07-23,97.49
2024-07-24,97.30
2024-07-25,96.78
2024-07-26,95.96
2024-07-29,95.41
2024-07-30,95.43
2024-07-31,96.45
2024-08-01,95.55
2024-08-02,94.73
2024-08-05,93.91
2024-08-06,94.15
2024-08-07,94.79
2024-08-08,95.25
2024-08-09,95.51
2024-08-12,96.63
2024-08-13,95.53
2024-08-14,95.39
2024-08-15,96.11
2024-08-16,95.71
2024-08-19,96.25
2024-08-20,96.21
2024-08-21,95.96
2024-08-22,95.24
2024-08-23,96.46
2024-08-26,97.20
2024-08-27,97.17
2024-08-28,96.29
2024-08-29,97.00
2024-08-30,96.09
2024-09-02,96.09
2024-09-03,95.21
2024-09-04,94.87
2024-09-05,95.16
2024-09-06,93.72
2024-09-09,94.22
2024-09-10,93.33
2024-09-11,94.16
2024-09-12,95.66
2024-09-13,96.18
2024-09-16,96.75
2024-09-17,97.02
2024-09-18,97.12
2024-09-19,97.86
2024-09-20,98.16
2024-09-23,99.06
2024-09-24,100.23
2024-09-25,100.18
2024-09-26,99.92
2024-09-27,100.26
2024-09-30,100.34
2024-10-01,101.29
2024-10-02,101.54
2024-10-03,102.31
2024-10-04,102.08
2024-10-07,102.16
2024-10-08,100.13
2024-10-09,99.41
2024-10-10,100.55
2024-10-11,100.81
2024-10-14,99.47
2024-10-15,98.41
2024-10-16,98.27
2024-10-17,98.33
2024-10-18,98.24
2024-10-21,98.75
2024-10-22,100.07
2024-10-23,99.60
2024-10-24,99.83
2024-10-25,100.24
2024-10-28,98.26
2024-10-29,98.45
2024-10-30,98.89
2024-10-31,98.10
2024-11-01,98.07
2024-11-04,98.91
2024-11-05,99.09
2024-11-06,98.13
2024-11-07,99.32
2024-11-08,98.13
2024-11-11,97.20
2024-11-12,96.81
2024-11-13,96.72
2024-11-14,95.97
2024-11-15,96.10
2024-11-18,97.68
2024-11-19,97.91
2024-11-20,98.50
2024-11-21,98.91
2024-11-22,98.97
2024-11-25,98.17
2024-11-26,98.37
2024-11-27,97.75
2024-11-28,97.75
2024-11-29,98.14
2024-12-02,97.04
2024-12-03,97.48
2024-12-04,97.33
2024-12-05,97.38
2024-12-06,97.48
2024-12-09,98.50
2024-12-10,98.83
2024-12-11,99.72
2024-12-12,99.04
2024-12-13,98.67
2024-12-16,98.17
2024-12-17,97.49
2024-12-18,97.20
2024-12-19,96.55
2024-12-20,97.57
2024-12-23,97.49
2024-12-24,98.21
2024-12-25,98.21
2024-12-26,98.05
2024-12-27,98.21
2024-12-30,98.87
2024-12-31,98.76
2025-01-01,98.76
2025-01-02,99.61
2025-01-03,98.49
2025-01-06,99.26
2025-01-07,99.49
2025-01-08,99.46
2025-01-09,99.46
2025-01-10,102.49
2025-01-13,103.04
2025-01-14,102.73
2025-01-15,104.13
2025-01-16,104.22
2025-01-17,103.70
2025-01-20,103.70
2025-01-21,103.43
2025-01-22,103.60
2025-01-23,103.47
2025-01-24,103.43
2025-01-27,101.82
2025-01-28,101.98
2025-01-29,102.69
2025-01-30,102.73
2025-01-31,102.29
2025-02-03,103.78
2025-02-04,104.21
2025-02-05,104.16
2025-02-06,104.33
2025-02-07,104.22
2025-02-10,105.57
2025-02-11,105.66
2025-02-12,105.51
2025-02-13,105.89
2025-02-14,105.88
2025-02-17,105.88
2025-02-18,107.29
2025-02-19,107.55
2025-02-20,107.71
2025-02-21,106.83
2025-02-24,105.88
2025-02-25,105.18
2025-02-26,104.63
2025-02-27,104.28
2025-02-28,102.75
2025-03-03,103.38
2025-03-04,103.62
2025-03-05,104.42
2025-03-06,104.45
2025-03-07,104.80
2025-03-10,104.59
2025-03-11,104.86
2025-03-12,104.45
2025-03-13,104.94
2025-03-14,104.91
2025-03-17,105.40
2025-03-18,105.48
2025-03-19,106.07
2025-03-20,105.78
2025-03-21,105.32
2025-03-24,105.07
2025-03-25,105.16
2025-03-26,105.19
2025-03-27,105.53
2025-03-28,105.79
2025-03-31,106.40
2025-04-01,106.51
2025-04-02,106.99
2025-04-03,104.29
2025-04-04,99.68
2025-04-07,98.10
2025-04-08,97.32
2025-04-09,99.70
2025-04-10,99.80
2025-04-11,101.48
2025-04-14,101.04
2025-04-15,101.16
2025-04-16,102.45
2025-04-17,102.91
2025-04-18,102.91
2025-04-21,102.16
2025-04-22,102.74
2025-04-23,102.13
2025-04-24,102.92
2025-04-25,102.62
2025-04-28,103.11
2025-04-29,102.38
2025-04-30,100.93
2025-05-01,100.83
2025-05-02,101.45
2025-05-05,101.18
2025-05-06,102.29
2025-05-07,101.51
2025-05-08,101.62
2025-05-09,102.76
2025-05-12,102.29
2025-05-13,103.23
2025-05-14,102.39
2025-05-15,101.65
2025-05-16,100.96
2025-05-19,100.83
2025-05-20,102.20
2025-05-21,102.56
2025-05-22,101.89
2025-05-23,102.70
2025-05-26,102.70
2025-05-27,101.93
2025-05-28,101.07
2025-05-29,100.84
2025-05-30,99.99
2025-06-02,102.03
2025-06-03,102.27
2025-06-04,102.39
2025-06-05,102.80
2025-06-06,103.31
2025-06-09,103.22
2025-06-10,102.77
2025-06-11,103.19
2025-06-12,103.26
2025-06-13,105.31
2025-06-16,105.70
2025-06-17,106.78
2025-06-18,107.38
2025-06-19,107.38
2025-06-20,106.75
2025-06-23,105.07
2025-06-24,102.48
2025-06-25,102.21
2025-06-26,102.54
2025-06-27,102.89
2025-06-30,102.02
2025-07-01,102.17
2025-07-02,103.71
2025-07-03,103.39
2025-07-04,103.39
2025-07-07,102.65
2025-07-08,103.38
2025-07-09,102.78
2025-07-10,103.11
2025-07-11,103.83
2025-07-14,103.77
2025-07-15,103.66
2025-07-16,104.04
2025-07-17,104.45
2025-07-18,105.12
2025-07-21,104.72
2025-07-22,104.69
2025-07-23,104.17
2025-07-24,104.23
2025-07-25,103.47
2025-07-28,103.16
2025-07-29,103.83
2025-07-30,103.25
2025-07-31,101.18
2025-08-01,100.62
2025-08-04,100.43
2025-08-05,100.30
2025-08-06,100.45
2025-08-07,100.74
2025-08-08,100.79
2025-08-11,100.54
2025-08-12,100.24
2025-08-13,100.35
2025-08-14,100.01
2025-08-15,100.38
2025-08-18,100.30
2025-08-19,99.50
2025-08-20,100.18
2025-08-21,101.03
2025-08-22,101.63
2025-08-25,101.71
2025-08-26,101.22
2025-08-27,101.50
2025-08-28,101.96
2025-08-29,102.79
2025-09-01,102.79
2025-09-02,103.65
2025-09-03,103.43
2025-09-04,102.83
2025-09-05,102.43
