date,France_CAC40,Germany_DAX,UK_FTSE
2008-05-23,-0.0189,-0.0179,-0.0181
2008-05-27,-0.0055,0.0021,-0.0054
2008-05-28,0.0132,0.0108,0.0107
2008-05-29,0.0010,0.0030,0.0036
2008-05-30,0.0077,0.0059,-0.0032
2008-06-02,-0.0158,-0.0124,-0.0134
2008-06-03,0.0098,0.0015,0.0140
2008-06-04,-0.0138,-0.0077,-0.0198
2008-06-05,-0.0016,-0.0034,-0.0009
2008-06-06,-0.0228,-0.0199,-0.0201
2008-06-09,0.0008,0.0017,-0.0015
2008-06-10,-0.0080,-0.0065,-0.0052
2008-06-11,-0.0210,-0.0178,-0.0164
2008-06-12,0.0024,0.0097,0.0104
2008-06-13,0.0021,0.0076,0.0073
2008-06-16,-0.0052,-0.0052,0.0003
2008-06-17,0.0061,0.0098,0.0027
2008-06-18,-0.0144,-0.0099,-0.0159
2008-06-19,-0.0059,-0.0012,-0.0008
2008-06-20,-0.0179,-0.0212,-0.0222
2008-06-23,0.0005,0.0017,0.0091
2008-06-24,-0.0083,-0.0081,-0.0067
2008-06-25,0.0140,0.0125,0.0062
2008-06-26,-0.0243,-0.0239,-0.0272
2008-06-27,-0.0065,-0.0058,0.0028
2008-06-30,0.0085,-0.0006,0.0160
2008-07-01,-0.0211,-0.0160,-0.0250
2008-07-02,-0.0103,-0.0017,-0.0168
2008-07-03,0.0111,0.0077,0.0140
2008-07-07,-0.0003,0.0066,0.0023
2008-07-08,-0.0154,-0.0143,-0.0129
2008-07-09,0.0150,0.0130,0.0171
2008-07-10,-0.0249,-0.0128,-0.0264
2008-07-11,-0.0309,-0.0241,-0.0293
2008-07-14,0.0102,0.0076,0.0102
2008-07-15,-0.0196,-0.0191,-0.0227
2008-07-16,0.0126,0.0121,0.0020
2008-07-17,0.0276,0.0188,0.0291
2008-07-18,0.0174,0.0178,0.0149
2008-07-21,0.0065,0.0066,0.0046
2008-07-22,0.0000,0.0028,-0.0062
2008-07-23,0.0188,0.0145,0.0258
2008-07-24,-0.0138,-0.0146,-0.0209
2008-07-25,0.0067,-0.0006,0.0001
2008-07-28,-0.0120,-0.0133,-0.0105
2008-07-29,-0.0009,0.0075,0.0049
2008-07-30,0.0185,0.0096,0.0204
2008-07-31,-0.0019,0.0030,-0.0042
2008-08-01,-0.0178,-0.0128,-0.0112
2008-08-04,-0.0078,-0.0073,-0.0129
2008-08-05,0.0247,0.0266,0.0291
2008-08-06,0.0141,0.0065,0.0076
2008-08-07,0.0020,-0.0027,-0.0024
2008-08-08,0.0077,0.0028,0.0108
2008-08-11,0.0104,0.0073,0.0140
2008-08-12,-0.0044,-0.0036,-0.0036
2008-08-13,-0.0256,-0.0249,-0.0325
2008-08-14,0.0041,0.0031,0.0122
2008-08-15,0.0074,0.0006,0.0005
2008-08-18,-0.0011,-0.0020,-0.0008
2008-08-19,-0.0261,-0.0234,-0.0263
2008-08-20,0.0076,0.0056,0.0055
2008-08-21,-0.0140,-0.0128,-0.0016
2008-08-22,0.0223,0.0169,0.0206
2008-08-25,-0.0101,-0.0072,-0.0004
2008-08-26,0.0029,0.0069,-0.0053
2008-08-27,0.0010,-0.0031,0.0057
2008-08-28,0.0202,0.0157,0.0077
2008-08-29,0.0047,0.0003,0.0033
2008-09-02,0.0126,0.0150,-0.0085
2008-09-03,-0.0203,-0.0078,-0.0225
2008-09-04,-0.0322,-0.0291,-0.0223
2008-09-05,-0.0249,-0.0242,-0.0175
2008-09-08,0.0342,0.0222,0.0423
2008-09-09,-0.0108,-0.0048,-0.0001
2008-09-10,-0.0023,-0.0037,-0.0092
2008-09-11,-0.0081,-0.0051,-0.0026
2008-09-12,0.0197,0.0091,0.0200
2008-09-15,-0.0378,-0.0274,-0.0361
2008-09-16,-0.0196,-0.0163,-0.0395
2008-09-17,-0.0214,-0.0175,-0.0158
2008-09-18,-0.0106,0.0004,-0.0059
2008-09-19,0.0927,0.0556,0.0941
2008-09-22,-0.0234,-0.0132,-0.0240
2008-09-23,-0.0198,-0.0064,-0.0198
2008-09-24,-0.0061,-0.0026,-0.0052
2008-09-25,0.0273,0.0199,0.0171
2008-09-26,-0.0150,-0.0177,-0.0187
2008-09-29,-0.0504,-0.0423,-0.0594
2008-09-30,0.0199,0.0041,0.0297
2008-10-01,0.0056,-0.0042,0.0080
2008-10-02,-0.0225,-0.0251,-0.0101
2008-10-03,0.0296,0.0241,0.0325
2008-10-06,-0.0904,-0.0707,-0.0787
2008-10-07,0.0055,-0.0112,0.0075
2008-10-08,-0.0631,-0.0588,-0.0660
2008-10-09,-0.0155,-0.0253,-0.0180
2008-10-10,-0.0773,-0.0701,-0.0900
2008-10-13,0.1118,0.1140,0.1005
2008-10-14,0.0275,0.0270,0.0355
2008-10-15,-0.0682,-0.0649,-0.0724
2008-10-16,-0.0592,-0.0491,-0.0536
2008-10-17,0.0468,0.0343,0.0488
2008-10-20,0.0356,0.0112,0.0577
2008-10-21,0.0078,-0.0105,-0.0135
2008-10-22,-0.0510,-0.0446,-0.0594
2008-10-23,0.0038,-0.0112,0.0044
2008-10-24,-0.0354,-0.0496,-0.0613
2008-10-27,-0.0396,0.0091,-0.0075
2008-10-28,0.0155,0.1128,0.0242
2008-10-29,0.0923,-0.0031,0.0967
2008-10-30,0.0015,0.0126,0.0100
2008-10-31,0.0233,0.0244,0.0263
2008-11-03,0.0117,0.0078,-0.0102
2008-11-04,0.0462,0.0500,0.0420
2008-11-05,-0.0198,-0.0211,-0.0244
2008-11-06,-0.0638,-0.0684,-0.0526
2008-11-07,0.0242,0.0259,0.0130
2008-11-10,0.0106,0.0176,0.0019
2008-11-11,-0.0483,-0.0525,-0.0325
2008-11-12,-0.0307,-0.0296,-0.0372
2008-11-13,0.0110,0.0062,-0.0228
2008-11-14,0.0067,0.0131,0.0072
2008-11-17,-0.0332,-0.0325,-0.0110
2008-11-18,0.0111,0.0049,0.0197
2008-11-19,-0.0403,-0.0492,-0.0424
2008-11-20,-0.0348,-0.0308,-0.0441
2008-11-21,-0.0333,-0.0220,-0.0226
2008-11-24,0.1009,0.1034,0.0921
2008-11-25,0.0118,0.0013,0.0062
2008-11-26,-0.0124,0.0000,0.0099
2008-11-28,0.0293,0.0239,0.0456
2008-12-01,-0.0559,-0.0588,-0.0760
2008-12-02,0.0235,0.0312,0.0106
2008-12-03,0.0044,0.0078,0.0060
2008-12-04,-0.0017,-0.0007,-0.0142
2008-12-05,-0.0548,-0.0400,-0.0299
2008-12-08,0.0868,0.0763,0.0621
2008-12-09,0.0155,0.0134,0.0178
2008-12-10,0.0068,0.0054,-0.0089
2008-12-11,-0.0043,-0.0078,-0.0057
2008-12-12,-0.0280,-0.0218,-0.0363
2008-12-15,-0.0087,-0.0018,0.0063
2008-12-16,0.0207,0.0161,-0.0037
2008-12-17,-0.0030,-0.0046,-0.0272
2008-12-18,-0.0024,0.0102,-0.0145
2008-12-19,-0.0026,-0.0126,0.0004
2008-12-22,-0.0231,-0.0123,-0.0116
2008-12-23,-0.0073,-0.0021,-0.0110
2008-12-24,-0.0039,0.0000,-0.0106
2008-12-26,0.0000,0.0000,-0.0056
2008-12-29,0.0047,0.0163,0.0013
2008-12-30,0.0276,0.0224,0.0144
2008-12-31,0.0003,0.0000,0.0232
2009-01-02,0.0409,0.0339,0.0361
2009-01-05,0.0031,0.0022,0.0310
2009-01-06,0.0108,0.0085,0.0406
2009-01-07,-0.0148,-0.0177,-0.0167
2009-01-08,-0.0065,-0.0117,-0.0038
2009-01-09,-0.0075,-0.0197,0.0049
2009-01-12,-0.0162,-0.0134,-0.0185
2009-01-13,-0.0149,-0.0175,-0.0125
2009-01-14,-0.0456,-0.0463,-0.0498
2009-01-15,-0.0184,-0.0194,-0.0057
2009-01-16,0.0070,0.0068,0.0102
2009-01-20,-0.0303,-0.0290,-0.0472
2009-01-21,-0.0067,0.0050,-0.0214
2009-01-22,-0.0124,-0.0098,-0.0075
2009-01-23,-0.0071,-0.0096,0.0073
2009-01-26,0.0373,0.0354,0.0323
2009-01-27,-0.0003,-0.0008,0.0101
2009-01-28,0.0411,0.0452,0.0302
2009-01-29,-0.0215,-0.0201,-0.0130
2009-01-30,-0.0119,-0.0203,0.0173
2009-02-02,-0.0148,-0.0155,-0.0341
2009-02-03,0.0179,0.0243,0.0224
2009-02-04,0.0290,0.0269,0.0361
2009-02-05,-0.0009,0.0039,0.0093
2009-02-06,0.0184,0.0297,0.0214
2009-02-09,0.0039,0.0048,-0.0012
2009-02-10,-0.0364,-0.0346,-0.0345
2009-02-11,0.0023,0.0054,-0.0077
2009-02-12,-0.0209,-0.0270,-0.0048
2009-02-13,0.0113,0.0013,-0.0012
2009-02-17,-0.0409,-0.0446,-0.0239
2009-02-18,-0.0004,-0.0028,-0.0081
2009-02-19,-0.0005,0.0024,-0.0013
2009-02-20,-0.0425,-0.0476,-0.0259
2009-02-23,-0.0082,-0.0195,-0.0034
2009-02-24,-0.0073,-0.0103,-0.0192
2009-02-25,-0.0041,-0.0127,0.0003
2009-02-26,0.0178,0.0251,0.0224
2009-02-27,-0.0154,-0.0251,-0.0259
2009-03-02,-0.0448,-0.0348,-0.0619
2009-03-03,-0.0104,-0.0052,-0.0264
2009-03-04,0.0474,0.0542,0.0432
2009-03-05,-0.0396,-0.0502,-0.0302
2009-03-06,-0.0137,-0.0079,-0.0069
2009-03-09,-0.0060,0.0070,-0.0226
2009-03-10,0.0573,0.0528,0.0464
2009-03-11,0.0039,0.0070,-0.0121
2009-03-12,0.0075,0.0108,0.0053
2009-03-13,0.0042,-0.0007,0.0160
2009-03-16,0.0318,0.0230,0.0297
2009-03-17,-0.0087,-0.0140,-0.0049
2009-03-18,-0.0025,0.0021,-0.0270
2009-03-19,0.0060,0.0118,0.0003
2009-03-20,0.0051,0.0063,0.0077
2009-03-23,0.0281,0.0265,0.0331
2009-03-24,0.0017,0.0026,0.0087
2009-03-25,0.0066,0.0086,-0.0139
2009-03-26,-0.0005,0.0085,-0.0012
2009-03-27,-0.0178,-0.0131,0.0003
2009-03-30,-0.0427,-0.0510,-0.0339
2009-03-31,0.0324,0.0239,0.0453
2009-04-01,0.0115,0.0113,0.0149
2009-04-02,0.0537,0.0607,0.0527
2009-04-03,-0.0111,0.0007,-0.0162
2009-04-06,-0.0098,-0.0080,-0.0080
2009-04-07,-0.0094,-0.0063,-0.0096
2009-04-08,0.0065,0.0082,-0.0057
2009-04-09,0.0182,0.0306,0.0186
2009-04-13,0.0000,0.0000,0.0009
2009-04-14,0.0088,0.0147,0.0140
2009-04-15,-0.0048,-0.0016,0.0067
2009-04-16,0.0176,0.0131,0.0158
2009-04-17,0.0177,0.0146,0.0143
2009-04-20,-0.0396,-0.0407,-0.0337
2009-04-21,0.0015,0.0034,0.0018
2009-04-22,0.0172,0.0206,0.0011
2009-04-23,-0.0055,-0.0122,-0.0011
2009-04-24,0.0313,0.0300,0.0258
2009-04-27,-0.0001,0.0042,0.0080
2009-04-28,-0.0166,-0.0185,-0.0137
2009-04-29,0.0216,0.0211,0.0159
2009-04-30,0.0138,0.0138,0.0189
2009-05-01,0.0000,0.0000,0.0024
2009-05-04,0.0247,0.0279,0.0007
2009-05-05,-0.0040,-0.0101,0.0298
2009-05-06,0.0181,0.0057,0.0157
2009-05-07,-0.0097,-0.0157,-0.0089
2009-05-08,0.0188,0.0229,0.0100
2009-05-11,-0.0193,-0.0096,-0.0133
2009-05-12,-0.0054,-0.0026,0.0059
2009-05-13,-0.0242,-0.0261,-0.0259
2009-05-14,0.0011,0.0023,0.0070
2009-05-15,0.0040,-0.0002,0.0038
2009-05-18,0.0241,0.0242,0.0339
2009-05-19,0.0091,0.0222,0.0123
2009-05-20,0.0087,0.0160,-0.0064
2009-05-21,-0.0260,-0.0274,-0.0226
2009-05-22,0.0033,0.0037,-0.0013
2009-05-26,0.0130,0.0136,0.0148
2009-05-27,0.0076,0.0030,0.0111
2009-05-28,-0.0095,-0.0136,-0.0122
2009-05-29,0.0043,0.0016,0.0019
2009-06-01,0.0311,0.0408,0.0393
2009-06-02,-0.0004,0.0003,-0.0082
2009-06-03,-0.0202,-0.0174,-0.0240
2009-06-04,0.0007,0.0020,-0.0101
2009-06-05,0.0082,0.0024,0.0129
2009-06-08,-0.0148,-0.0142,0.0017
2009-06-09,0.0021,-0.0014,0.0072
2009-06-10,0.0056,0.0107,0.0128
2009-06-11,0.0059,0.0111,0.0109
2009-06-12,-0.0026,-0.0074,-0.0024
2009-06-15,-0.0320,-0.0354,-0.0223
2009-06-16,-0.0017,0.0002,0.0025
2009-06-17,-0.0164,-0.0186,-0.0192
2009-06-18,0.0104,0.0078,-0.0031
2009-06-19,0.0085,0.0004,0.0235
2009-06-22,-0.0304,-0.0302,-0.0246
2009-06-23,-0.0021,0.0029,-0.0153
2009-06-24,0.0218,0.0274,0.0213
2009-06-25,-0.0068,-0.0073,-0.0095
2009-06-26,-0.0105,-0.0050,-0.0009
2009-06-29,0.0204,0.0227,0.0155
2009-06-30,-0.0167,-0.0156,-0.0129
2009-07-01,0.0244,0.0201,0.0147
2009-07-02,-0.0313,-0.0381,-0.0234
2009-07-06,-0.0110,-0.0141,-0.0128
2009-07-07,-0.0109,-0.0115,-0.0083
2009-07-08,-0.0127,-0.0056,-0.0099
2009-07-09,0.0054,0.0126,0.0079
2009-07-10,-0.0142,-0.0116,-0.0067
2009-07-13,0.0231,0.0319,0.0114
2009-07-14,0.0098,0.0126,0.0191
2009-07-15,0.0290,0.0307,0.0245
2009-07-16,0.0090,0.0058,0.0024
2009-07-17,0.0059,0.0043,-0.0001
2009-07-20,0.0163,0.0104,0.0144
2009-07-21,0.0098,0.0127,0.0066
2009-07-22,0.0007,0.0054,0.0029
2009-07-23,0.0208,0.0245,0.0178
2009-07-24,-0.0022,-0.0034,0.0004
2009-07-27,0.0018,0.0042,0.0056
2009-07-28,-0.0123,-0.0146,-0.0111
2009-07-29,0.0104,0.0185,0.0092
2009-07-30,0.0208,0.0171,0.0237
2009-07-31,-0.0027,-0.0053,-0.0071
2009-08-03,0.0150,0.0178,0.0199
2009-08-04,-0.0004,-0.0018,-0.0023
2009-08-05,-0.0051,-0.0118,-0.0005
2009-08-06,0.0056,0.0032,0.0014
2009-08-07,0.0125,0.0166,0.0127
2009-08-10,-0.0047,-0.0075,-0.0075
2009-08-11,-0.0138,-0.0244,-0.0114
2009-08-12,0.0148,0.0122,0.0068
2009-08-13,0.0049,0.0095,0.0062
2009-08-14,-0.0083,-0.0170,-0.0082
2009-08-17,-0.0216,-0.0202,-0.0166
2009-08-18,0.0091,0.0094,0.0201
2009-08-19,-0.0001,-0.0036,-0.0090
2009-08-20,0.0159,0.0151,0.0122
2009-08-21,0.0315,0.0286,0.0167
2009-08-24,0.0101,0.0104,0.0022
2009-08-25,0.0078,0.0068,0.0013
2009-08-26,-0.0033,-0.0063,-0.0084
2009-08-27,-0.0054,-0.0094,-0.0067
2009-08-28,0.0122,0.0086,0.0066
2009-08-31,-0.0107,-0.0096,0.0008
2009-09-01,-0.0192,-0.0251,-0.0196
2009-09-02,-0.0029,-0.0014,0.0053
2009-09-03,-0.0055,-0.0035,-0.0006
2009-09-04,0.0127,0.0157,0.0138
2009-09-08,0.0173,0.0181,0.0140
2009-09-09,0.0128,0.0169,0.0070
2009-09-10,-0.0005,0.0037,0.0040
2009-09-11,0.0078,0.0052,0.0034
2009-09-14,-0.0011,-0.0007,-0.0054
2009-09-15,0.0058,0.0016,-0.0044
2009-09-16,0.0164,0.0127,0.0141
2009-09-17,0.0056,0.0054,0.0057
2009-09-18,-0.0019,-0.0048,-0.0114
2009-09-21,-0.0041,-0.0062,-0.0097
2009-09-22,0.0030,0.0072,0.0043
2009-09-23,-0.0005,-0.0013,0.0030
2009-09-24,-0.0166,-0.0170,-0.0280
2009-09-25,-0.0051,-0.0042,-0.0061
2009-09-28,0.0230,0.0278,0.0166
2009-09-29,-0.0028,-0.0040,0.0083
2009-09-30,-0.0049,-0.0067,-0.0065
2009-10-01,-0.0197,-0.0213,-0.0132
2009-10-02,-0.0190,-0.0156,-0.0207
2009-10-05,0.0069,0.0075,0.0088
2009-10-06,0.0259,0.0270,0.0134
2009-10-07,-0.0037,-0.0030,-0.0023
2009-10-08,0.0134,0.0134,0.0150
2009-10-09,-0.0019,-0.0008,-0.0086
2009-10-12,0.0122,0.0125,-0.0032
2009-10-13,-0.0115,-0.0119,-0.0077
2009-10-14,0.0214,0.0245,0.0211
2009-10-15,0.0003,-0.0040,0.0104
2009-10-16,-0.0145,-0.0150,0.0030
2009-10-19,0.0169,0.0190,0.0156
2009-10-20,-0.0054,-0.0070,-0.0037
2009-10-21,0.0005,0.0037,0.0094
2009-10-22,-0.0135,-0.0121,-0.0130
2009-10-23,-0.0033,-0.0039,-0.0082
2009-10-26,-0.0168,-0.0171,-0.0041
2009-10-27,-0.0001,-0.0013,0.0092
2009-10-28,-0.0214,-0.0246,-0.0174
2009-10-29,0.0137,0.0166,0.0189
2009-10-30,-0.0286,-0.0309,-0.0183
2009-11-02,0.0088,0.0029,0.0010
2009-11-03,-0.0152,-0.0143,-0.0029
2009-11-04,0.0240,0.0170,0.0147
2009-11-05,0.0105,0.0067,0.0015
2009-11-06,-0.0004,0.0013,0.0049
2009-11-09,0.0211,0.0240,0.0170
2009-11-10,0.0000,-0.0012,0.0003
2009-11-11,0.0076,0.0098,-0.0032
2009-11-12,-0.0017,-0.0008,0.0070
2009-11-13,-0.0005,0.0040,0.0114
2009-11-16,0.0150,0.0207,0.0160
2009-11-17,-0.0088,-0.0045,0.0038
2009-11-18,-0.0002,0.0016,-0.0112
2009-11-19,-0.0177,-0.0148,-0.0151
2009-11-20,-0.0082,-0.0068,-0.0088
2009-11-23,0.0225,0.0244,0.0170
2009-11-24,-0.0075,-0.0055,-0.0058
2009-11-25,0.0065,0.0058,0.0047
2009-11-27,-0.0230,-0.0202,-0.0267
2009-11-30,-0.0111,-0.0105,-0.0176
2009-12-01,0.0260,0.0268,0.0313
2009-12-02,0.0053,0.0009,0.0059
2009-12-03,0.0008,-0.0020,-0.0081
2009-12-04,0.0125,0.0082,0.0124
2009-12-07,-0.0017,-0.0057,-0.0045
2009-12-08,-0.0143,-0.0166,-0.0178
2009-12-09,-0.0074,-0.0072,-0.0096
2009-12-10,0.0109,0.0108,0.0116
2009-12-11,0.0014,0.0083,0.0089
2009-12-14,0.0070,0.0080,0.0099
2009-12-15,0.0010,0.0016,0.0012
2009-12-16,0.0109,0.0158,0.0134
2009-12-17,-0.0116,-0.0100,-0.0197
2009-12-18,-0.0095,-0.0023,-0.0020
2009-12-21,0.0205,0.0170,0.0154
2009-12-22,0.0068,0.0026,0.0038
2009-12-23,0.0032,0.0020,0.0032
2009-12-24,0.0005,0.0000,0.0012
2009-12-28,0.0088,0.0076,0.0022
2009-12-29,0.0033,0.0014,0.0031
2009-12-30,-0.0062,-0.0090,0.0029
2009-12-31,0.0002,0.0000,0.0080
2010-01-04,0.0197,0.0153,0.0081
2010-01-05,-0.0003,-0.0027,0.0002
2010-01-06,0.0012,0.0004,0.0013
2010-01-07,0.0018,-0.0025,-0.0003
2010-01-08,0.0051,0.0030,0.0031
2010-01-11,-0.0005,0.0005,-0.0016
2010-01-12,-0.0106,-0.0161,-0.0055
2010-01-13,0.0002,0.0034,0.0022
2010-01-14,0.0037,0.0043,0.0101
2010-01-15,-0.0153,-0.0189,-0.0042
2010-01-19,0.0140,0.0171,0.0241
2010-01-20,-0.0201,-0.0209,-0.0108
2010-01-21,-0.0170,-0.0179,-0.0177
2010-01-22,-0.0107,-0.0090,-0.0143
2010-01-25,-0.0102,-0.0112,-0.0047
2010-01-26,0.0067,0.0067,0.0065
2010-01-27,-0.0124,-0.0045,-0.0074
2010-01-28,-0.0189,-0.0182,-0.0113
2010-01-29,0.0137,0.0124,0.0056
2010-02-01,0.0060,0.0081,0.0039
2010-02-02,0.0133,0.0098,0.0070
2010-02-03,-0.0049,-0.0066,-0.0052
2010-02-04,-0.0275,-0.0245,-0.0215
2010-02-05,-0.0340,-0.0179,-0.0161
2010-02-08,0.0122,0.0093,0.0037
2010-02-09,0.0015,0.0024,-0.0011
2010-02-10,0.0063,0.0069,0.0055
2010-02-11,-0.0052,-0.0059,0.0138
2010-02-12,-0.0049,-0.0006,-0.0018
2010-02-16,0.0194,0.0167,0.0152
2010-02-17,0.0153,0.0101,0.0128
2010-02-18,0.0061,0.0057,0.0059
2010-02-19,0.0058,0.0073,0.0002
2010-02-22,-0.0034,-0.0059,-0.0020
2010-02-23,-0.0132,-0.0148,-0.0083
2010-02-24,0.0023,0.0020,0.0024
2010-02-25,-0.0202,-0.0148,-0.0186
2010-02-26,0.0187,0.0120,0.0032
2010-03-01,0.0164,0.0206,0.0031
2010-03-02,0.0112,0.0110,0.0072
2010-03-03,0.0080,0.0072,0.0085
2010-03-04,-0.0037,-0.0039,0.0041
2010-03-05,0.0214,0.0142,0.0162
2010-03-08,-0.0018,-0.0002,-0.0041
2010-03-09,0.0017,0.0017,-0.0012
2010-03-10,0.0086,0.0086,-0.0004
2010-03-11,-0.0037,-0.0014,0.0000
2010-03-12,-0.0004,0.0028,0.0044
2010-03-15,-0.0093,-0.0070,-0.0069
2010-03-16,0.0123,0.0114,0.0069
2010-03-17,0.0048,0.0089,0.0124
2010-03-18,-0.0050,-0.0020,0.0064
2010-03-19,-0.0032,-0.0050,-0.0085
2010-03-22,0.0007,0.0008,0.0024
2010-03-23,0.0063,0.0050,0.0048
2010-03-24,-0.0007,0.0036,0.0043
2010-03-25,0.0128,0.0156,0.0074
2010-03-26,-0.0029,-0.0021,-0.0069
2010-03-29,0.0029,0.0060,0.0012
2010-03-30,-0.0033,-0.0023,0.0054
2010-03-31,-0.0034,0.0018,-0.0026
2010-04-01,0.0152,0.0133,0.0186
2010-04-05,0.0000,0.0000,0.0030
2010-04-06,0.0049,0.0027,0.0092
2010-04-07,-0.0067,-0.0048,0.0000
2010-04-08,-0.0120,-0.0081,-0.0066
2010-04-09,0.0181,0.0126,0.0106
2010-04-12,0.0000,0.0002,-0.0082
2010-04-13,-0.0046,-0.0032,-0.0011
2010-04-14,0.0064,0.0076,0.0075
2010-04-15,0.0020,0.0021,0.0119
2010-04-16,-0.0194,-0.0176,-0.0155
2010-04-19,-0.0041,-0.0030,-0.0065
2010-04-20,0.0141,0.0165,0.0135
2010-04-21,-0.0122,-0.0054,-0.0022
2010-04-22,-0.0133,-0.0099,-0.0045
2010-04-23,0.0068,0.0147,0.0038
2010-04-26,0.0117,0.0116,0.0152
2010-04-27,-0.0382,-0.0273,-0.0332
2010-04-28,-0.0150,-0.0122,-0.0038
2010-04-29,0.0142,0.0100,0.0072
2010-04-30,-0.0062,-0.0015,-0.0133
2010-05-03,0.0030,0.0051,0.0040
2010-05-04,-0.0364,-0.0260,-0.0224
2010-05-05,-0.0144,-0.0081,0.0002
2010-05-06,-0.0220,-0.0084,-0.0126
2010-05-07,-0.0460,-0.0327,-0.0406
2010-05-10,0.0966,0.0530,0.0574
2010-05-11,-0.0073,0.0033,-0.0060
2010-05-12,0.0110,0.0241,0.0093
2010-05-13,-0.0006,0.0111,0.0061
2010-05-14,-0.0459,-0.0312,-0.0285
2010-05-17,-0.0047,0.0017,-0.0015
2010-05-18,0.0208,0.0147,0.0058
2010-05-19,-0.0292,-0.0272,-0.0300
2010-05-20,-0.0225,-0.0202,-0.0208
2010-05-21,-0.0005,-0.0066,-0.0104
2010-05-24,0.0001,-0.0040,0.0137
2010-05-25,-0.0290,-0.0234,-0.0198
2010-05-26,0.0232,0.0155,0.0277
2010-05-27,0.0342,0.0311,0.0309
2010-05-28,-0.0029,0.0015,-0.0078
2010-06-01,-0.0034,0.0059,0.0154
2010-06-02,-0.0005,0.0000,-0.0042
2010-06-03,0.0159,0.0123,0.0149
2010-06-04,-0.0286,-0.0191,-0.0068
2010-06-07,-0.0121,-0.0057,-0.0069
2010-06-08,-0.0098,-0.0062,-0.0183
2010-06-09,0.0196,0.0198,0.0178
2010-06-10,0.0203,0.0120,0.0099
2010-06-11,0.0111,-0.0014,-0.0005
2010-06-14,0.0198,0.0128,0.0084
2010-06-15,0.0098,0.0082,0.0025
2010-06-16,0.0039,0.0026,0.0046
2010-06-17,0.0019,0.0053,-0.0032
2010-06-18,0.0011,-0.0011,-0.0019
2010-06-21,0.0133,0.0122,0.0104
2010-06-22,-0.0083,-0.0038,-0.0038
2010-06-23,-0.0171,-0.0103,-0.0026
2010-06-24,-0.0237,-0.0144,-0.0167
2010-06-25,-0.0100,-0.0073,-0.0080
2010-06-28,0.0161,0.0143,0.0102
2010-06-29,-0.0401,-0.0333,-0.0221
2010-06-30,0.0029,0.0023,-0.0116
2010-07-01,-0.0299,-0.0181,-0.0287
2010-07-02,0.0025,-0.0040,0.0001
2010-07-06,0.0224,0.0183,0.0245
2010-07-07,0.0175,0.0087,0.0100
2010-07-08,0.0157,0.0071,0.0112
2010-07-09,0.0046,0.0049,0.0059
2010-07-12,0.0037,0.0020,0.0080
2010-07-13,0.0196,0.0187,0.0195
2010-07-14,-0.0013,0.0030,-0.0018
2010-07-15,-0.0141,-0.0097,-0.0137
2010-07-16,-0.0228,-0.0177,-0.0165
2010-07-19,-0.0040,-0.0052,-0.0115
2010-07-20,-0.0053,-0.0069,0.0066
2010-07-21,0.0075,0.0038,0.0177
2010-07-22,0.0305,0.0253,0.0149
2010-07-23,0.0018,0.0039,0.0161
2010-07-26,0.0081,0.0045,0.0025
2010-07-27,0.0083,0.0021,0.0045
2010-07-28,0.0011,-0.0046,-0.0065
2010-07-29,-0.0050,-0.0072,-0.0066
2010-07-30,-0.0024,0.0022,-0.0032
2010-08-02,0.0299,0.0234,0.0293
2010-08-03,-0.0012,0.0025,0.0010
2010-08-04,0.0035,0.0037,-0.0009
2010-08-05,0.0009,0.0004,-0.0073
2010-08-06,-0.0128,-0.0117,-0.0075
2010-08-09,0.0165,0.0147,0.0172
2010-08-10,-0.0124,-0.0103,-0.0083
2010-08-11,-0.0274,-0.0210,-0.0150
2010-08-12,-0.0020,-0.0031,0.0030
2010-08-13,-0.0028,-0.0040,0.0086
2010-08-16,-0.0037,0.0000,-0.0008
2010-08-17,0.0182,0.0157,0.0061
2010-08-18,-0.0041,-0.0032,-0.0068
2010-08-19,-0.0207,-0.0180,-0.0157
2010-08-20,-0.0130,-0.0115,0.0029
2010-08-23,0.0077,0.0010,0.0098
2010-08-24,-0.0175,-0.0126,-0.0204
2010-08-25,-0.0117,-0.0061,-0.0063
2010-08-26,0.0072,0.0022,0.0101
2010-08-27,0.0093,0.0065,0.0033
2010-08-30,-0.0058,-0.0065,0.0026
2010-08-31,0.0011,0.0022,-0.0043
2010-09-01,0.0381,0.0268,0.0242
2010-09-02,0.0021,0.0000,-0.0033
2010-09-03,0.0112,0.0083,0.0102
2010-09-07,-0.0077,-0.0027,-0.0018
2010-09-08,0.0092,0.0076,0.0143
2010-09-09,0.0122,0.0093,0.0116
2010-09-10,0.0010,-0.0011,-0.0035
2010-09-13,0.0111,0.0075,0.0036
2010-09-14,0.0019,0.0022,-0.0037
2010-09-15,-0.0050,-0.0022,0.0027
2010-09-16,-0.0051,-0.0020,-0.0081
2010-09-17,-0.0038,-0.0064,-0.0018
2010-09-20,0.0177,0.0137,0.0100
2010-09-21,-0.0010,-0.0030,-0.0104
2010-09-22,-0.0130,-0.0108,-0.0176
2010-09-23,-0.0065,-0.0038,0.0084
2010-09-24,0.0194,0.0184,0.0047
2010-09-27,-0.0043,-0.0031,-0.0027
2010-09-28,-0.0010,-0.0004,-0.0067
2010-09-29,-0.0067,-0.0046,-0.0061
2010-09-30,-0.0059,-0.0029,-0.0102
2010-10-01,-0.0062,-0.0028,0.0043
2010-10-04,-0.0115,-0.0124,0.0001
2010-10-05,0.0225,0.0133,0.0079
2010-10-06,0.0088,0.0088,0.0023
2010-10-07,0.0015,0.0009,-0.0037
2010-10-08,-0.0019,0.0025,-0.0009
2010-10-11,0.0014,0.0028,0.0037
2010-10-12,-0.0052,-0.0008,-0.0054
2010-10-13,0.0212,0.0206,0.0092
2010-10-14,-0.0024,0.0032,-0.0012
2010-10-15,0.0021,0.0057,0.0009
2010-10-18,0.0019,0.0037,0.0029
2010-10-19,-0.0071,-0.0040,-0.0050
2010-10-20,0.0055,0.0052,-0.0005
2010-10-21,0.0131,0.0133,-0.0030
2010-10-22,-0.0025,-0.0008,-0.0036
2010-10-25,0.0004,0.0051,0.0014
2010-10-26,-0.0045,-0.0038,0.0093
2010-10-27,-0.0096,-0.0069,-0.0096
2010-10-28,0.0050,0.0042,0.0069
2010-10-29,-0.0003,0.0009,0.0026
2010-11-01,0.0020,0.0005,0.0079
2010-11-02,0.0064,0.0075,-0.0012
2010-11-03,-0.0059,-0.0055,0.0036
2010-11-04,0.0192,0.0177,0.0170
2010-11-05,0.0000,0.0029,0.0113
2010-11-08,-0.0008,-0.0005,0.0009
2010-11-09,0.0082,0.0055,0.0018
2010-11-10,-0.0145,-0.0100,0.0000
2010-11-11,-0.0054,0.0005,0.0098
2010-11-12,-0.0094,0.0017,-0.0057
2010-11-15,0.0086,0.0082,0.0067
2010-11-16,-0.0263,-0.0187,-0.0304
2010-11-17,0.0079,0.0055,0.0033
2010-11-18,0.0199,0.0197,0.0132
2010-11-19,-0.0020,0.0017,-0.0131
2010-11-22,-0.0107,-0.0031,-0.0056
2010-11-23,-0.0247,-0.0172,-0.0089
2010-11-24,0.0062,0.0177,0.0104
2010-11-26,-0.0051,0.0037,0.0045
2010-11-29,-0.0246,-0.0220,-0.0163
2010-11-30,-0.0073,-0.0014,0.0039
2010-12-01,0.0163,0.0266,0.0166
2010-12-02,0.0212,0.0132,0.0126
2010-12-03,0.0009,-0.0014,-0.0091
2010-12-06,-0.0004,0.0010,0.0094
2010-12-07,0.0163,0.0068,0.0108
2010-12-08,0.0056,-0.0037,0.0047
2010-12-09,0.0068,-0.0017,0.0025
2010-12-10,-0.0002,0.0060,0.0017
2010-12-13,0.0091,0.0033,-0.0002
2010-12-14,0.0027,-0.0003,0.0009
2010-12-15,-0.0058,-0.0016,-0.0080
2010-12-16,0.0021,0.0011,0.0081
2010-12-17,-0.0054,-0.0060,-0.0061
2010-12-20,0.0046,0.0052,0.0091
2010-12-21,0.0109,0.0085,0.0062
2010-12-22,-0.0020,-0.0014,0.0030
2010-12-23,-0.0021,-0.0014,0.0028
2010-12-27,-0.0126,-0.0123,-0.0033
2010-12-28,-0.0009,0.0002,0.0009
2010-12-29,0.0083,0.0034,0.0006
2010-12-30,-0.0103,-0.0116,-0.0173
2010-12-31,-0.0119,0.0000,-0.0050
2011-01-03,0.0253,0.0109,-0.0082
2011-01-04,0.0039,-0.0021,0.0317
2011-01-05,-0.0029,-0.0051,0.0096
2011-01-06,0.0000,0.0060,0.0056
2011-01-07,-0.0099,-0.0048,0.0100
2011-01-10,-0.0164,-0.0131,-0.0076
2011-01-11,0.0158,0.0123,0.0101
2011-01-12,0.0215,0.0183,0.0046
2011-01-13,0.0075,0.0009,-0.0147
2011-01-14,0.0021,0.0001,-0.0038
2011-01-18,0.0074,0.0096,0.0137
2011-01-19,-0.0090,-0.0085,-0.0204
2011-01-20,-0.0030,-0.0083,-0.0209
2011-01-21,0.0133,0.0054,0.0013
2011-01-24,0.0039,0.0008,0.0024
2011-01-25,-0.0034,-0.0012,-0.0154
2011-01-26,0.0073,0.0097,0.0110
2011-01-27,0.0026,0.0040,0.0000
2011-01-28,-0.0141,-0.0074,-0.0119
2011-01-31,0.0008,-0.0036,0.0015
2011-02-01,0.0168,0.0151,0.0185
2011-02-02,-0.0015,-0.0001,0.0082
2011-02-03,-0.0074,0.0014,0.0076
2011-02-04,0.0026,0.0031,0.0030
2011-02-07,0.0108,0.0093,0.0132
2011-02-08,0.0043,0.0054,-0.0040
2011-02-09,-0.0043,-0.0003,-0.0078
2011-02-10,0.0011,0.0026,0.0004
2011-02-11,0.0015,0.0042,0.0059
2011-02-14,-0.0011,0.0034,0.0058
2011-02-15,0.0033,0.0005,0.0025
2011-02-16,0.0100,0.0019,0.0002
2011-02-17,0.0003,-0.0012,0.0031
2011-02-18,0.0012,0.0029,-0.0017
2011-02-22,-0.0257,-0.0146,-0.0202
2011-02-23,-0.0092,-0.0169,-0.0133
2011-02-24,-0.0009,-0.0089,-0.0104
2011-02-25,0.0151,0.0077,0.0143
2011-02-28,0.0098,0.0121,0.0061
2011-03-01,-0.0105,-0.0067,-0.0086
2011-03-02,-0.0081,-0.0058,-0.0063
2011-03-03,0.0066,0.0062,0.0077
2011-03-04,-0.0100,-0.0065,-0.0067
2011-03-07,-0.0074,-0.0024,-0.0068
2011-03-08,0.0064,0.0004,0.0041
2011-03-09,-0.0055,-0.0046,-0.0044
2011-03-10,-0.0075,-0.0096,-0.0171
2011-03-11,-0.0089,-0.0116,-0.0077
2011-03-14,-0.0129,-0.0165,-0.0087
2011-03-15,-0.0251,-0.0319,-0.0204
2011-03-16,-0.0223,-0.0201,-0.0158
2011-03-17,0.0243,0.0220,0.0173
2011-03-18,0.0063,0.0011,-0.0019
2011-03-21,0.0247,0.0228,0.0143
2011-03-22,-0.0030,-0.0052,0.0008
2011-03-23,0.0054,0.0035,0.0033
2011-03-24,0.0141,0.0190,0.0034
2011-03-25,0.0009,0.0018,0.0026
2011-03-28,0.0012,-0.0011,-0.0011
2011-03-29,0.0027,-0.0006,0.0049
2011-03-30,0.0092,0.0177,0.0062
2011-03-31,-0.0088,-0.0022,-0.0154
2011-04-01,0.0164,0.0197,0.0201
2011-04-04,-0.0029,-0.0006,0.0019
2011-04-05,-0.0003,0.0000,0.0088
2011-04-06,0.0016,0.0055,-0.0017
2011-04-07,-0.0049,-0.0050,-0.0021
2011-04-08,0.0083,0.0053,0.0024
2011-04-11,-0.0057,-0.0017,0.0003
2011-04-12,-0.0154,-0.0142,-0.0264
2011-04-13,0.0075,0.0106,0.0087
2011-04-14,-0.0089,-0.0044,-0.0003
2011-04-15,0.0010,0.0044,0.0051
2011-04-18,-0.0235,-0.0211,-0.0125
2011-04-19,0.0070,0.0018,0.0039
2011-04-20,0.0246,0.0298,0.0129
2011-04-21,0.0043,0.0064,0.0049
2011-04-25,0.0000,0.0000,-0.0053
2011-04-26,0.0058,0.0084,0.0025
2011-04-27,0.0055,0.0066,0.0028
2011-04-28,0.0091,0.0095,-0.0043
2011-04-29,0.0005,0.0052,0.0011
2011-05-02,0.0005,0.0018,-0.0023
2011-05-03,-0.0029,-0.0036,-0.0075
2011-05-04,-0.0131,-0.0169,-0.0155
2011-05-05,-0.0095,0.0004,0.0000
2011-05-06,0.0133,0.0156,0.0174
2011-05-09,-0.0125,-0.0109,0.0035
2011-05-10,0.0113,0.0123,0.0093
2011-05-11,0.0014,-0.0009,0.0039
2011-05-12,-0.0086,-0.0068,-0.0093
2011-05-13,-0.0011,-0.0055,-0.0073
2011-05-16,-0.0072,-0.0021,-0.0010
2011-05-17,-0.0121,-0.0177,-0.0071
2011-05-18,0.0092,0.0065,0.0005
2011-05-19,0.0125,0.0075,0.0065
2011-05-20,-0.0092,-0.0124,0.0075
2011-05-23,-0.0210,-0.0200,-0.0141
2011-05-24,0.0025,0.0041,0.0018
2011-05-25,0.0031,0.0028,0.0095
2011-05-26,-0.0030,-0.0079,0.0044
2011-05-27,0.0086,0.0069,0.0055
2011-05-31,0.0142,0.0182,0.0002
2011-06-01,-0.0105,-0.0105,-0.0169
2011-06-02,-0.0189,-0.0199,-0.0186
2011-06-03,0.0002,0.0049,-0.0056
2011-06-06,-0.0070,-0.0034,-0.0019
2011-06-07,0.0022,0.0026,0.0011
2011-06-08,-0.0088,-0.0061,-0.0092
2011-06-09,0.0106,0.0141,0.0144
2011-06-10,-0.0190,-0.0125,-0.0139
2011-06-13,0.0007,0.0022,0.0050
2011-06-14,0.0150,0.0169,0.0030
2011-06-15,-0.0149,-0.0125,-0.0056
2011-06-16,-0.0038,-0.0007,-0.0052
2011-06-17,0.0083,0.0076,-0.0062
2011-06-20,-0.0063,-0.0019,-0.0011
2011-06-21,0.0204,0.0189,0.0101
2011-06-22,-0.0015,-0.0010,-0.0095
2011-06-23,-0.0216,-0.0177,-0.0069
2011-06-24,-0.0008,-0.0039,0.0023
2011-06-27,0.0031,-0.0019,-0.0017
2011-06-28,0.0146,0.0088,0.0016
2011-06-29,0.0188,0.0173,0.0145
2011-06-30,0.0148,0.0113,0.0100
2011-07-01,0.0063,0.0059,0.0080
2011-07-05,-0.0071,0.0027,0.0101
2011-07-06,-0.0044,-0.0011,0.0033
2011-07-07,0.0047,0.0054,0.0009
2011-07-08,-0.0167,-0.0092,0.0014
2011-07-11,-0.0271,-0.0233,-0.0015
2011-07-12,-0.0088,-0.0078,-0.0086
2011-07-13,0.0051,0.0131,0.0046
2011-07-14,-0.0111,-0.0073,-0.0076
2011-07-15,-0.0066,0.0007,0.0014
2011-07-18,-0.0204,-0.0155,-0.0147
2011-07-19,0.0121,0.0119,0.0037
2011-07-20,0.0161,0.0040,0.0089
2011-07-21,0.0166,0.0095,0.0050
2011-07-22,0.0068,0.0050,0.0077
2011-07-25,-0.0077,0.0025,-0.0015
2011-07-26,-0.0066,0.0007,-0.0030
2011-07-27,-0.0142,-0.0132,-0.0081
2011-07-28,-0.0057,-0.0086,0.0083
2011-07-29,-0.0111,-0.0044,-0.0095
2011-08-01,-0.0227,-0.0286,-0.0050
2011-08-02,-0.0182,-0.0226,-0.0086
2011-08-03,-0.0193,-0.0230,-0.0215
2011-08-04,-0.0390,-0.0340,-0.0300
2011-08-05,-0.0126,-0.0278,-0.0257
2011-08-08,-0.0468,-0.0502,-0.0375
2011-08-09,0.0163,-0.0010,0.0105
2011-08-10,-0.0545,-0.0513,-0.0324
2011-08-11,0.0289,0.0328,0.0294
2011-08-12,0.0402,0.0345,0.0377
2011-08-15,0.0078,0.0041,-0.0026
2011-08-16,-0.0025,-0.0045,0.0056
2011-08-17,0.0073,-0.0077,0.0000
2011-08-18,-0.0548,-0.0582,-0.0415
2011-08-19,-0.0192,-0.0219,-0.0103
2011-08-22,0.0114,-0.0011,0.0057
2011-08-23,0.0108,0.0107,0.0093
2011-08-24,0.0179,0.0269,0.0076
2011-08-25,-0.0065,-0.0171,-0.0184
2011-08-26,-0.0101,-0.0084,-0.0033
2011-08-29,0.0216,0.0239,-0.0013
2011-08-30,0.0018,-0.0046,0.0259
2011-08-31,0.0307,0.0250,0.0268
2011-09-01,0.0028,-0.0094,0.0071
2011-09-02,-0.0359,-0.0336,-0.0174
2011-09-06,-0.0581,-0.0622,-0.0256
2011-09-07,0.0363,0.0407,0.0272
2011-09-08,0.0041,0.0005,0.0143
2011-09-09,-0.0360,-0.0404,-0.0136
2011-09-12,-0.0403,-0.0227,-0.0146
2011-09-13,0.0141,0.0185,0.0028
2011-09-14,0.0187,0.0336,0.0072
2011-09-15,0.0327,0.0315,0.0121
2011-09-16,-0.0048,0.0118,0.0101
2011-09-19,-0.0300,-0.0283,-0.0174
2011-09-20,0.0150,0.0288,0.0177
2011-09-21,-0.0162,-0.0247,-0.0198
2011-09-22,-0.0525,-0.0496,-0.0472
2011-09-23,0.0102,0.0063,0.0071
2011-09-26,0.0175,0.0287,0.0150
2011-09-27,0.0574,0.0529,0.0378
2011-09-28,-0.0092,-0.0089,-0.0149
2011-09-29,0.0107,0.0110,-0.0058
2011-09-30,-0.0151,-0.0244,-0.0027
2011-10-03,-0.0185,-0.0228,-0.0062
2011-10-04,-0.0261,-0.0298,-0.0308
2011-10-05,0.0433,0.0491,0.0304
2011-10-06,0.0341,0.0315,0.0269
2011-10-07,0.0066,0.0054,0.0110
2011-10-10,0.0213,0.0302,0.0095
2011-10-11,-0.0025,0.0030,-0.0026
2011-10-12,0.0242,0.0221,0.0070
2011-10-13,-0.0133,-0.0133,-0.0035
2011-10-14,0.0097,0.0089,0.0047
2011-10-17,-0.0161,-0.0181,0.0004
2011-10-18,-0.0079,0.0031,-0.0078
2011-10-19,0.0052,0.0061,0.0111
2011-10-20,-0.0232,-0.0249,-0.0138
2011-10-21,0.0283,0.0355,0.0216
2011-10-24,0.0155,0.0141,0.0125
2011-10-25,-0.0143,-0.0014,-0.0047
2011-10-26,-0.0015,-0.0051,0.0075
2011-10-27,0.0628,0.0535,0.0147
2011-10-28,-0.0059,0.0013,0.0011
2011-10-31,-0.0316,-0.0323,-0.0121
2011-11-01,-0.0538,-0.0500,-0.0151
2011-11-02,0.0138,0.0225,0.0040
2011-11-03,0.0273,0.0281,0.0146
2011-11-04,-0.0225,-0.0272,-0.0002
2011-11-07,-0.0064,-0.0063,-0.0020
2011-11-08,0.0128,0.0055,0.0098
2011-11-09,-0.0217,-0.0221,-0.0117
2011-11-10,-0.0034,0.0066,-0.0073
2011-11-11,0.0276,0.0322,0.0201
2011-11-14,-0.0128,-0.0119,-0.0085
2011-11-15,-0.0192,-0.0087,0.0025
2011-11-16,0.0052,-0.0033,-0.0038
2011-11-17,-0.0178,-0.0107,-0.0144
2011-11-18,-0.0044,-0.0085,-0.0119
2011-11-21,-0.0341,-0.0335,-0.0324
2011-11-22,-0.0084,-0.0122,-0.0038
2011-11-23,-0.0168,-0.0144,-0.0107
2011-11-25,0.0122,0.0064,0.0091
2011-11-28,0.0546,0.0460,0.0265
2011-11-29,0.0046,0.0095,0.0102
2011-11-30,0.0422,0.0498,0.0294
2011-12-01,-0.0078,-0.0087,-0.0066
2011-12-02,0.0112,0.0074,0.0108
2011-12-05,0.0115,0.0042,0.0052
2011-12-06,-0.0068,-0.0127,-0.0004
2011-12-07,-0.0011,-0.0057,0.0002
2011-12-08,-0.0253,-0.0201,-0.0085
2011-12-09,0.0248,0.0191,0.0036
2011-12-12,-0.0261,-0.0336,-0.0074
2011-12-13,-0.0035,-0.0019,0.0160
2011-12-14,-0.0333,-0.0172,-0.0204
2011-12-15,0.0076,0.0098,0.0069
2011-12-16,-0.0088,-0.0050,-0.0031
2011-12-19,0.0006,-0.0054,-0.0016
2011-12-20,0.0273,0.0311,0.0137
2011-12-21,-0.0082,-0.0095,-0.0027
2011-12-22,0.0136,0.0105,0.0123
2011-12-23,0.0099,0.0046,0.0093
2011-12-27,0.0003,0.0018,-0.0003
2011-12-28,-0.0103,-0.0201,-0.0044
2011-12-29,0.0184,0.0134,0.0082
2011-12-30,0.0103,0.0085,0.0057
2012-01-03,0.0271,0.0455,0.0235
2012-01-04,-0.0159,-0.0089,0.0039
2012-01-05,-0.0153,-0.0025,-0.0074
2012-01-06,-0.0024,-0.0062,0.0061
2012-01-09,-0.0031,-0.0067,-0.0060
2012-01-10,0.0266,0.0242,0.0144
2012-01-11,-0.0019,-0.0017,-0.0058
2012-01-12,-0.0015,0.0044,-0.0121
2012-01-13,-0.0011,-0.0058,0.0033
2012-01-17,0.0230,0.0309,0.0091
2012-01-18,-0.0015,0.0034,-0.0012
2012-01-19,0.0196,0.0097,0.0054
2012-01-20,-0.0022,-0.0018,-0.0006
2012-01-23,0.0051,0.0050,0.0038
2012-01-24,-0.0047,-0.0027,-0.0008
2012-01-25,-0.0031,0.0004,-0.0044
2012-01-26,0.0153,0.0184,0.0057
2012-01-27,-0.0132,-0.0043,-0.0107
2012-01-30,-0.0160,-0.0104,-0.0088
2012-01-31,0.0101,0.0022,0.0101
2012-02-01,0.0209,0.0244,0.0160
2012-02-02,0.0027,0.0059,0.0006
2012-02-03,0.0152,0.0167,0.0209
2012-02-06,-0.0066,-0.0003,0.0015
2012-02-07,0.0018,-0.0016,-0.0079
2012-02-08,-0.0005,-0.0008,-0.0067
2012-02-09,0.0043,0.0059,0.0013
2012-02-10,-0.0151,-0.0141,-0.0045
2012-02-13,0.0034,0.0068,0.0098
2012-02-14,-0.0026,-0.0015,-0.0026
2012-02-15,0.0044,0.0044,0.0053
2012-02-16,0.0009,-0.0009,0.0041
2012-02-17,0.0137,0.0142,-0.0015
2012-02-21,0.0074,0.0088,-0.0033
2012-02-22,-0.0052,-0.0093,-0.0097
2012-02-23,0.0000,-0.0050,0.0003
2012-02-24,0.0057,0.0081,-0.0016
2012-02-27,-0.0074,-0.0022,0.0006
2012-02-28,0.0036,0.0056,-0.0002
2012-02-29,-0.0004,-0.0046,0.0024
2012-03-01,0.0137,0.0125,0.0127
2012-03-02,0.0004,-0.0029,-0.0002
2012-03-05,-0.0039,-0.0079,-0.0074
2012-03-06,-0.0358,-0.0340,-0.0182
2012-03-07,0.0089,0.0057,0.0023
2012-03-08,0.0254,0.0245,0.0073
2012-03-09,0.0026,0.0067,0.0088
2012-03-12,0.0007,0.0031,-0.0056
2012-03-13,0.0172,0.0137,0.0211
2012-03-14,0.0040,0.0119,0.0014
2012-03-15,0.0044,0.0092,-0.0052
2012-03-16,0.0041,0.0019,0.0080
2012-03-19,-0.0047,-0.0005,-0.0029
2012-03-20,-0.0132,-0.0139,-0.0124
2012-03-21,-0.0010,0.0023,0.0018
2012-03-22,-0.0156,-0.0127,-0.0108
2012-03-23,0.0011,0.0021,0.0000
2012-03-26,0.0074,0.0120,0.0080
2012-03-27,-0.0092,0.0000,-0.0033
2012-03-28,-0.0114,-0.0113,-0.0150
2012-03-29,-0.0143,-0.0177,-0.0069
2012-03-30,0.0126,0.0104,0.0061
2012-04-02,0.0114,0.0158,0.0219
2012-04-03,-0.0162,-0.0105,-0.0117
2012-04-04,-0.0274,-0.0284,-0.0126
2012-04-05,0.0019,-0.0013,0.0049
2012-04-09,0.0000,0.0000,0.0013
2012-04-10,-0.0308,-0.0249,-0.0249
2012-04-11,0.0062,0.0103,0.0084
2012-04-12,0.0099,0.0103,0.0123
2012-04-13,-0.0247,-0.0236,-0.0077
2012-04-16,0.0051,0.0063,0.0012
2012-04-17,0.0272,0.0265,0.0172
2012-04-18,-0.0159,-0.0101,0.0041
2012-04-19,-0.0205,-0.0090,0.0001
2012-04-20,0.0046,0.0118,0.0033
2012-04-23,-0.0283,-0.0336,-0.0136
2012-04-24,0.0229,0.0103,0.0052
2012-04-25,0.0202,0.0173,0.0010
2012-04-26,-0.0013,0.0053,0.0064
2012-04-27,0.0114,0.0091,0.0060
2012-04-30,-0.0164,-0.0059,-0.0050
2012-05-01,0.0000,0.0000,0.0126
2012-05-02,0.0042,-0.0075,-0.0048
2012-05-03,-0.0009,-0.0024,0.0014
2012-05-04,-0.0190,-0.0199,-0.0194
2012-05-07,0.0165,0.0012,0.0064
2012-05-08,-0.0278,-0.0190,-0.0162
2012-05-09,-0.0020,0.0047,-0.0020
2012-05-10,0.0037,0.0066,0.0045
2012-05-11,-0.0001,0.0095,0.0029
2012-05-14,-0.0229,-0.0194,-0.0112
2012-05-15,-0.0061,-0.0079,-0.0044
2012-05-16,0.0031,-0.0026,-0.0110
2012-05-17,-0.0120,-0.0118,-0.0161
2012-05-18,-0.0013,-0.0060,-0.0148
2012-05-21,0.0064,0.0095,0.0030
2012-05-22,0.0188,0.0165,0.0193
2012-05-23,-0.0262,-0.0233,-0.0171
2012-05-24,0.0116,0.0048,0.0137
2012-05-25,0.0032,0.0038,0.0029
2012-05-29,0.0121,0.0090,0.0086
2012-05-30,-0.0224,-0.0181,-0.0152
2012-05-31,0.0005,-0.0026,-0.0020
2012-06-01,-0.0221,-0.0342,-0.0151
2012-06-04,0.0014,-0.0119,-0.0077
2012-06-05,0.0107,-0.0015,0.0019
2012-06-06,0.0242,0.0209,0.0267
2012-06-07,0.0042,0.0082,0.0142
2012-06-08,-0.0063,-0.0022,-0.0050
2012-06-11,-0.0029,0.0017,0.0019
2012-06-12,0.0014,0.0033,0.0142
2012-06-13,-0.0055,-0.0014,-0.0053
2012-06-14,0.0008,-0.0023,-0.0072
2012-06-15,0.0182,0.0148,0.0063
2012-06-18,-0.0069,0.0030,0.0072
2012-06-19,0.0169,0.0184,0.0124
2012-06-20,0.0028,0.0045,0.0064
2012-06-21,-0.0039,-0.0077,-0.0078
2012-06-22,-0.0075,-0.0126,-0.0105
2012-06-25,-0.0224,-0.0209,-0.0073
2012-06-26,-0.0030,0.0007,0.0023
2012-06-27,0.0167,0.0150,0.0124
2012-06-28,-0.0037,-0.0127,-0.0061
2012-06-29,0.0475,0.0433,0.0048
2012-07-02,0.0136,0.0124,0.0213
2012-07-03,0.0096,0.0126,0.0062
2012-07-05,-0.0128,-0.0065,0.0089
2012-07-06,-0.0188,-0.0192,-0.0003
2012-07-09,-0.0038,-0.0035,-0.0048
2012-07-10,0.0059,0.0079,0.0084
2012-07-11,-0.0057,0.0024,0.0048
2012-07-12,-0.0070,-0.0053,-0.0142
2012-07-13,0.0146,0.0215,0.0150
2012-07-16,-0.0003,0.0013,0.0043
2012-07-17,-0.0009,0.0018,-0.0069
2012-07-18,0.0184,0.0162,0.0090
2012-07-19,0.0087,0.0111,0.0114
2012-07-20,-0.0214,-0.0190,-0.0082
2012-07-23,-0.0289,-0.0318,-0.0245
2012-07-24,-0.0087,-0.0045,-0.0027
2012-07-25,0.0023,0.0025,-0.0069
2012-07-26,0.0407,0.0275,0.0139
2012-07-27,0.0228,0.0162,0.0052
2012-07-30,0.0124,0.0127,0.0209
2012-07-31,-0.0087,-0.0003,-0.0175
2012-08-01,0.0091,-0.0026,0.0101
2012-08-02,-0.0268,-0.0220,-0.0023
2012-08-03,0.0438,0.0393,0.0127
2012-08-06,0.0081,0.0077,-0.0009
2012-08-07,0.0152,0.0071,0.0066
2012-08-08,-0.0043,-0.0003,0.0066
2012-08-09,0.0054,-0.0002,0.0035
2012-08-10,-0.0061,-0.0029,0.0024
2012-08-13,-0.0027,-0.0050,-0.0048
2012-08-14,0.0070,0.0094,0.0068
2012-08-15,-0.0003,-0.0040,-0.0016
2012-08-16,0.0091,0.0071,-0.0033
2012-08-17,0.0023,0.0064,0.0043
2012-08-20,-0.0022,-0.0010,-0.0067
2012-08-21,0.0094,0.0079,-0.0003
2012-08-22,-0.0147,-0.0101,-0.0121
2012-08-23,-0.0084,-0.0097,-0.0035
2012-08-24,0.0002,0.0031,0.0006
2012-08-27,0.0086,0.0110,-0.0009
2012-08-28,-0.0090,-0.0064,-0.0022
2012-08-29,-0.0051,0.0011,-0.0028
2012-08-30,-0.0102,-0.0164,-0.0032
2012-08-31,0.0100,0.0109,-0.0050
2012-09-04,-0.0041,-0.0055,-0.0033
2012-09-05,0.0020,0.0046,-0.0038
2012-09-06,0.0306,0.0291,0.0202
2012-09-07,0.0026,0.0066,-0.0040
2012-09-10,-0.0037,-0.0001,-0.0001
2012-09-11,0.0089,0.0134,-0.0018
2012-09-12,0.0018,0.0046,-0.0028
2012-09-13,-0.0118,-0.0045,0.0059
2012-09-14,0.0227,0.0139,0.0065
2012-09-17,-0.0078,-0.0011,-0.0014
2012-09-18,-0.0115,-0.0076,0.0008
2012-09-19,0.0054,0.0059,0.0013
2012-09-20,-0.0062,-0.0002,0.0008
2012-09-21,0.0059,0.0084,-0.0001
2012-09-24,-0.0095,-0.0052,-0.0005
2012-09-25,0.0047,0.0016,0.0033
2012-09-26,-0.0282,-0.0200,-0.0130
2012-09-27,0.0072,0.0019,0.0031
2012-09-28,-0.0246,-0.0101,-0.0096
2012-10-01,0.0239,0.0153,0.0105
2012-10-02,-0.0060,-0.0028,-0.0050
2012-10-03,-0.0024,0.0022,0.0013
2012-10-04,-0.0014,-0.0023,-0.0019
2012-10-05,0.0164,0.0127,0.0050
2012-10-08,-0.0146,-0.0144,-0.0085
2012-10-09,-0.0070,-0.0078,-0.0013
2012-10-10,-0.0050,-0.0041,-0.0048
2012-10-11,0.0142,0.0106,0.0069
2012-10-12,-0.0072,-0.0068,-0.0049
2012-10-15,0.0092,0.0040,0.0021
2012-10-16,0.0236,0.0158,0.0076
2012-10-17,0.0076,0.0025,0.0038
2012-10-18,0.0022,0.0058,0.0010
2012-10-19,-0.0087,-0.0076,-0.0057
2012-10-22,-0.0061,-0.0071,-0.0045
2012-10-23,-0.0220,-0.0211,-0.0121
2012-10-24,0.0059,0.0027,0.0065
2012-10-25,-0.0044,0.0010,0.0080
2012-10-26,0.0069,0.0044,-0.0002
2012-10-31,-0.0017,0.0040,-0.0054
2012-11-01,0.0135,0.0103,0.0173
2012-11-02,0.0049,0.0038,0.0021
2012-11-05,-0.0126,-0.0051,-0.0045
2012-11-06,0.0087,0.0070,0.0068
2012-11-07,-0.0199,-0.0196,-0.0119
2012-11-08,-0.0006,-0.0039,-0.0016
2012-11-09,0.0047,-0.0058,-0.0037
2012-11-12,-0.0035,0.0007,-0.0035
2012-11-13,0.0056,0.0001,0.0048
2012-11-14,-0.0089,-0.0094,-0.0153
2012-11-15,-0.0052,-0.0082,-0.0109
2012-11-16,-0.0121,-0.0132,-0.0075
2012-11-19,0.0293,0.0249,0.0191
2012-11-20,0.0065,0.0069,0.0032
2012-11-21,0.0044,0.0016,0.0006
2012-11-23,0.0148,0.0173,0.0060
2012-11-26,-0.0079,-0.0023,-0.0052
2012-11-27,0.0003,0.0055,0.0050
2012-11-28,0.0037,0.0015,-0.0004
2012-11-29,0.0153,0.0078,0.0100
2012-11-30,-0.0033,0.0006,-0.0034
2012-12-03,0.0026,0.0040,0.0001
2012-12-04,0.0039,0.0000,-0.0009
2012-12-05,0.0028,0.0026,0.0046
2012-12-06,0.0031,0.0107,0.0074
2012-12-07,0.0011,-0.0022,0.0028
2012-12-10,0.0018,0.0017,0.0047
2012-12-11,0.0094,0.0078,-0.0032
2012-12-12,0.0001,0.0033,0.0011
2012-12-13,-0.0010,-0.0043,-0.0049
2012-12-14,0.0000,0.0019,-0.0038
2012-12-17,-0.0014,0.0011,-0.0006
2012-12-18,0.0029,0.0064,0.0032
2012-12-19,0.0044,0.0019,0.0024
2012-12-20,0.0006,0.0005,0.0006
2012-12-21,-0.0015,-0.0047,-0.0033
2012-12-24,-0.0024,0.0000,-0.0027
2012-12-26,0.0000,0.0000,-0.0019
2012-12-27,0.0059,0.0026,0.0003
2012-12-28,-0.0147,-0.0057,-0.0032
2012-12-31,0.0058,0.0000,0.0045
2013-01-02,0.0255,0.0219,0.0199
2013-01-03,-0.0034,-0.0029,0.0065
2013-01-04,0.0024,0.0026,0.0032
2013-01-07,-0.0068,-0.0056,-0.0052
2013-01-08,0.0003,-0.0048,-0.0024
2013-01-09,0.0031,0.0032,0.0075
2013-01-10,-0.0039,-0.0016,-0.0063
2013-01-11,0.0008,0.0009,-0.0055
2013-01-14,0.0006,0.0018,-0.0072
2013-01-15,-0.0029,-0.0069,0.0045
2013-01-16,0.0030,0.0020,-0.0046
2013-01-17,0.0096,0.0058,-0.0016
2013-01-18,-0.0007,-0.0043,0.0018
2013-01-22,-0.0002,-0.0008,0.0048
2013-01-23,-0.0040,0.0015,0.0016
2013-01-24,0.0070,0.0053,0.0000
2013-01-25,0.0069,0.0142,-0.0030
2013-01-28,0.0007,-0.0032,-0.0038
2013-01-29,0.0013,0.0020,0.0087
2013-01-30,-0.0054,-0.0047,-0.0065
2013-01-31,-0.0087,-0.0045,-0.0033
2013-02-01,0.0110,0.0074,-0.0046
2013-02-04,-0.0301,-0.0249,-0.0061
2013-02-05,0.0095,0.0035,0.0035
2013-02-06,-0.0140,-0.0109,0.0008
2013-02-07,-0.0115,0.0013,0.0038
2013-02-08,0.0135,0.0081,0.0150
2013-02-11,0.0003,-0.0024,-0.0087
2013-02-12,0.0099,0.0035,0.0030
2013-02-13,0.0032,0.0067,-0.0017
2013-02-14,-0.0078,-0.0105,0.0010
2013-02-15,-0.0025,-0.0049,-0.0008
2013-02-19,0.0206,0.0209,0.0024
2013-02-20,-0.0069,-0.0030,-0.0079
2013-02-21,-0.0229,-0.0188,-0.0085
2013-02-22,0.0225,0.0103,0.0122
2013-02-25,0.0041,0.0145,-0.0110
2013-02-26,-0.0267,-0.0227,-0.0010
2013-02-27,0.0192,0.0104,0.0061
2013-02-28,0.0085,0.0086,0.0112
2013-03-01,-0.0062,-0.0043,-0.0018
2013-03-04,0.0027,-0.0021,-0.0033
2013-03-05,0.0209,0.0232,0.0160
2013-03-06,-0.0035,0.0062,-0.0032
2013-03-07,0.0053,0.0026,-0.0049
2013-03-08,0.0122,0.0059,0.0065
2013-03-11,-0.0010,-0.0003,-0.0013
2013-03-12,0.0010,-0.0023,-0.0006
2013-03-13,-0.0010,0.0006,0.0036
2013-03-14,0.0093,0.0110,0.0135
2013-03-15,-0.0071,-0.0019,-0.0070
2013-03-18,-0.0048,-0.0040,0.0020
2013-03-19,-0.0130,-0.0079,0.0034
2013-03-20,0.0143,0.0068,-0.0053
2013-03-21,-0.0143,-0.0087,-0.0018
2013-03-22,-0.0012,-0.0027,-0.0010
2013-03-25,-0.0112,-0.0051,0.0029
2013-03-26,0.0055,0.0011,0.0032
2013-03-27,-0.0099,-0.0115,0.0012
2013-03-28,0.0053,0.0008,0.0038
2013-04-01,0.0000,0.0000,0.0027
2013-04-02,0.0198,0.0191,0.0059
2013-04-03,-0.0132,-0.0087,-0.0110
2013-04-04,-0.0077,-0.0073,-0.0093
2013-04-05,-0.0168,-0.0203,-0.0167
2013-04-08,0.0009,0.0005,0.0002
2013-04-09,0.0011,-0.0033,0.0037
2013-04-10,0.0199,0.0227,0.0117
2013-04-11,0.0085,0.0078,0.0060
2013-04-12,-0.0123,-0.0161,-0.0045
2013-04-15,-0.0050,-0.0041,-0.0093
2013-04-16,-0.0067,-0.0039,-0.0108
2013-04-17,-0.0235,-0.0234,-0.0066
2013-04-18,0.0000,-0.0039,0.0006
2013-04-19,0.0146,-0.0018,0.0048
2013-04-22,0.0000,0.0024,0.0020
2013-04-23,0.0358,0.0241,0.0239
2013-04-24,0.0158,0.0132,0.0041
2013-04-25,-0.0006,0.0095,0.0125
2013-04-26,-0.0079,-0.0023,-0.0008
2013-04-29,0.0154,0.0075,-0.0007
2013-04-30,-0.0031,0.0051,-0.0061
2013-05-01,0.0000,0.0000,0.0018
2013-05-02,0.0005,0.0061,0.0078
2013-05-03,0.0140,0.0202,0.0101
2013-05-06,-0.0015,-0.0013,0.0022
2013-05-07,0.0037,0.0086,-0.0007
2013-05-08,0.0089,0.0083,0.0034
2013-05-09,-0.0070,0.0016,0.0032
2013-05-10,0.0064,0.0019,0.0051
2013-05-13,-0.0022,0.0001,-0.0006
2013-05-14,0.0053,0.0072,0.0028
2013-05-15,0.0041,0.0028,0.0082
2013-05-16,-0.0008,0.0009,0.0003
2013-05-17,0.0056,0.0034,0.0050
2013-05-20,0.0054,0.0069,0.0041
2013-05-21,0.0033,0.0019,0.0007
2013-05-22,0.0037,0.0069,-0.0017
2013-05-23,-0.0207,-0.0210,-0.0215
2013-05-24,-0.0026,-0.0056,-0.0037
2013-05-28,0.0237,0.0211,0.0150
2013-05-29,-0.0189,-0.0170,-0.0231
2013-05-30,0.0056,0.0076,0.0044
2013-05-31,-0.0119,-0.0061,-0.0075
2013-06-03,-0.0071,-0.0076,-0.0052
2013-06-04,0.0013,0.0012,0.0016
2013-06-05,-0.0187,-0.0120,-0.0162
2013-06-06,-0.0099,-0.0119,-0.0125
2013-06-07,0.0153,0.0192,0.0109
2013-06-10,-0.0021,0.0064,-0.0006
2013-06-11,-0.0139,-0.0103,-0.0111
2013-06-12,-0.0044,-0.0096,-0.0053
2013-06-13,0.0011,-0.0059,0.0031
2013-06-14,0.0019,0.0040,-0.0025
2013-06-17,0.0154,0.0108,0.0053
2013-06-18,-0.0008,0.0017,-0.0032
2013-06-19,-0.0055,-0.0039,-0.0014
2013-06-20,-0.0366,-0.0328,-0.0253
2013-06-21,-0.0111,-0.0176,-0.0090
2013-06-24,-0.0171,-0.0124,-0.0107
2013-06-25,0.0151,0.0155,0.0140
2013-06-26,0.0209,0.0166,0.0115
2013-06-27,0.0097,0.0063,0.0039
2013-06-28,-0.0062,-0.0039,-0.0065
2013-07-01,0.0076,0.0031,0.0158
2013-07-02,-0.0066,-0.0092,-0.0041
2013-07-03,-0.0108,-0.0103,-0.0011
2013-07-05,0.0140,-0.0030,0.0086
2013-07-08,0.0186,0.0208,0.0131
2013-07-09,0.0052,0.0112,0.0088
2013-07-10,-0.0008,0.0011,0.0007
2013-07-11,0.0074,0.0114,0.0034
2013-07-12,-0.0036,0.0066,-0.0005
2013-07-15,0.0061,0.0027,0.0058
2013-07-16,-0.0071,-0.0041,-0.0100
2013-07-17,0.0055,0.0065,0.0091
2013-07-18,0.0144,0.0100,0.0112
2013-07-19,-0.0006,-0.0007,-0.0002
2013-07-22,0.0037,-0.0001,0.0020
2013-07-23,-0.0043,-0.0020,-0.0058
2013-07-24,0.0101,0.0078,0.0013
2013-07-25,-0.0017,-0.0096,-0.0077
2013-07-26,0.0032,-0.0065,-0.0034
2013-07-29,0.0000,0.0017,0.0003
2013-07-30,0.0045,0.0015,-0.0040
2013-07-31,0.0015,0.0006,-0.0011
2013-08-01,0.0125,0.0163,0.0127
2013-08-02,0.0007,-0.0005,-0.0013
2013-08-05,0.0011,-0.0010,0.0028
2013-08-06,-0.0043,-0.0117,-0.0043
2013-08-07,0.0015,-0.0047,-0.0061
2013-08-08,0.0064,0.0070,0.0004
2013-08-09,0.0030,0.0024,0.0092
2013-08-12,-0.0012,0.0025,0.0000
2013-08-13,0.0051,0.0068,0.0087
2013-08-14,0.0053,0.0027,-0.0008
2013-08-15,-0.0051,-0.0073,-0.0135
2013-08-16,0.0075,0.0019,0.0001
2013-08-19,-0.0097,-0.0031,-0.0028
2013-08-20,-0.0135,-0.0079,-0.0070
2013-08-21,-0.0034,-0.0018,-0.0053
2013-08-22,0.0110,0.0136,0.0038
2013-08-23,0.0025,0.0023,0.0040
2013-08-26,-0.0006,0.0022,0.0012
2013-08-27,-0.0242,-0.0228,-0.0119
2013-08-28,-0.0021,-0.0103,0.0021
2013-08-29,0.0065,0.0045,0.0140
2013-08-30,-0.0132,-0.0112,-0.0092
2013-09-03,0.0102,0.0096,0.0150
2013-09-04,0.0016,0.0019,0.0044
2013-09-05,0.0066,0.0048,0.0124
2013-09-06,0.0106,0.0049,0.0018
2013-09-09,-0.0022,0.0001,-0.0037
2013-09-10,0.0189,0.0206,0.0071
2013-09-11,0.0006,0.0058,0.0039
2013-09-12,-0.0030,-0.0002,0.0003
2013-09-13,0.0019,0.0018,0.0055
2013-09-16,0.0092,0.0122,0.0031
2013-09-17,-0.0016,-0.0019,-0.0098
2013-09-18,0.0060,0.0045,0.0025
2013-09-19,0.0085,0.0067,0.0014
2013-09-20,-0.0006,-0.0021,-0.0060
2013-09-23,-0.0075,-0.0047,-0.0027
2013-09-24,0.0056,0.0034,-0.0008
2013-09-25,-0.0001,0.0001,0.0010
2013-09-26,-0.0021,-0.0002,0.0001
2013-09-27,0.0000,-0.0003,-0.0051
2013-09-30,-0.0103,-0.0077,-0.0031
2013-10-01,0.0128,0.0110,0.0009
2013-10-02,-0.0092,-0.0069,-0.0068
2013-10-03,-0.0073,-0.0037,-0.0043
2013-10-04,0.0088,0.0029,-0.0033
2013-10-07,0.0003,-0.0036,-0.0003
2013-10-08,-0.0077,-0.0042,-0.0111
2013-10-09,-0.0016,-0.0046,-0.0094
2013-10-10,0.0221,0.0199,0.0154
2013-10-11,0.0004,0.0045,0.0053
2013-10-14,0.0007,-0.0001,0.0056
2013-10-15,0.0078,0.0092,0.0094
2013-10-16,-0.0029,0.0047,0.0017
2013-10-17,-0.0010,-0.0038,0.0017
2013-10-18,0.0109,0.0060,0.0073
2013-10-21,-0.0021,0.0002,0.0045
2013-10-22,0.0043,0.0090,0.0025
2013-10-23,-0.0081,-0.0031,-0.0067
2013-10-24,0.0035,0.0068,0.0043
2013-10-25,-0.0008,0.0006,0.0020
2013-10-28,-0.0048,-0.0008,-0.0009
2013-10-29,0.0062,0.0048,0.0036
2013-10-30,-0.0009,-0.0013,0.0015
2013-10-31,0.0060,0.0026,0.0053
2013-11-01,-0.0062,-0.0029,-0.0007
2013-11-04,0.0036,0.0033,0.0045
2013-11-05,-0.0082,-0.0031,0.0060
2013-11-06,0.0079,0.0035,-0.0023
2013-11-07,-0.0014,0.0044,0.0022
2013-11-08,-0.0048,-0.0003,0.0006
2013-11-11,0.0070,0.0033,-0.0030
2013-11-12,-0.0061,-0.0034,-0.0053
2013-11-13,-0.0056,-0.0024,-0.0077
2013-11-14,0.0104,0.0105,0.0074
2013-11-15,0.0019,0.0021,0.0028
2013-11-18,0.0066,0.0062,0.0021
2013-11-19,-0.0112,-0.0035,-0.0044
2013-11-20,-0.0009,0.0010,0.0060
2013-11-21,-0.0034,-0.0007,-0.0014
2013-11-22,0.0058,0.0025,-0.0032
2013-11-25,0.0055,0.0088,0.0024
2013-11-26,-0.0057,-0.0011,-0.0109
2013-11-27,0.0036,0.0066,0.0069
2013-11-29,0.0005,0.0058,0.0040
2013-12-02,-0.0022,-0.0004,-0.0049
2013-12-03,-0.0265,-0.0190,-0.0089
2013-12-04,-0.0057,-0.0090,-0.0053
2013-12-05,-0.0117,-0.0061,-0.0104
2013-12-06,0.0072,0.0096,0.0082
2013-12-09,0.0011,0.0025,0.0008
2013-12-10,-0.0104,-0.0088,-0.0067
2013-12-11,-0.0010,-0.0041,-0.0073
2013-12-12,-0.0043,-0.0066,-0.0094
2013-12-13,-0.0023,-0.0012,-0.0022
2013-12-16,0.0148,0.0174,0.0121
2013-12-17,-0.0124,-0.0086,-0.0073
2013-12-18,0.0100,0.0106,0.0076
2013-12-19,0.0164,0.0168,0.0196
2013-12-20,0.0040,0.0069,0.0025
2013-12-23,0.0051,0.0094,0.0085
2013-12-24,0.0007,0.0000,0.0064
2013-12-26,0.0000,0.0000,0.0012
2013-12-27,0.0140,0.0106,0.0065
2013-12-30,-0.0005,-0.0039,-0.0035
2013-12-31,0.0047,0.0000,0.0074
2014-01-02,-0.0160,-0.0159,-0.0035
2014-01-03,0.0048,0.0037,0.0054
2014-01-06,-0.0047,-0.0008,-0.0042
2014-01-07,0.0083,0.0083,0.0054
2014-01-08,-0.0004,-0.0009,-0.0002
2014-01-09,-0.0084,-0.0080,-0.0038
2014-01-10,0.0060,0.0055,0.0020
2014-01-13,0.0030,0.0039,-0.0022
2014-01-14,0.0026,0.0032,0.0036
2014-01-15,0.0135,0.0203,0.0078
2014-01-16,-0.0030,-0.0017,-0.0015
2014-01-17,0.0019,0.0026,0.0114
2014-01-21,-0.0008,-0.0013,0.0028
2014-01-22,0.0003,-0.0010,0.0046
2014-01-23,-0.0102,-0.0092,-0.0133
2014-01-24,-0.0279,-0.0248,-0.0238
2014-01-27,-0.0041,-0.0046,-0.0117
2014-01-28,0.0098,0.0062,0.0046
2014-01-29,-0.0068,-0.0075,-0.0048
2014-01-30,0.0055,0.0039,0.0012
2014-01-31,-0.0034,-0.0071,-0.0024
2014-02-03,-0.0139,-0.0129,-0.0155
2014-02-04,0.0024,-0.0064,-0.0042
2014-02-05,0.0001,-0.0013,0.0005
2014-02-06,0.0171,0.0154,0.0117
2014-02-07,0.0096,0.0049,0.0047
2014-02-10,0.0021,-0.0013,0.0013
2014-02-11,0.0109,0.0203,0.0155
2014-02-12,0.0052,0.0065,0.0130
2014-02-13,0.0017,0.0060,-0.0052
2014-02-14,0.0063,0.0068,0.0049
2014-02-18,-0.0022,-0.0003,0.0129
2014-02-19,0.0024,0.0000,0.0007
2014-02-20,0.0033,-0.0043,0.0018
2014-02-21,0.0059,0.0040,0.0031
2014-02-24,0.0087,0.0054,0.0016
2014-02-25,-0.0010,-0.0010,-0.0022
2014-02-26,-0.0040,-0.0039,-0.0024
2014-02-27,-0.0001,-0.0076,0.0028
2014-02-28,0.0027,0.0108,-0.0039
2014-03-03,-0.0266,-0.0344,-0.0148
2014-03-04,0.0245,0.0246,0.0164
2014-03-05,-0.0011,-0.0049,-0.0034
2014-03-06,0.0059,0.0001,-0.0057
2014-03-07,-0.0115,-0.0201,-0.0125
2014-03-10,0.0010,-0.0091,-0.0101
2014-03-11,-0.0048,0.0046,-0.0002
2014-03-12,-0.0100,-0.0128,-0.0139
2014-03-13,-0.0129,-0.0186,-0.0073
2014-03-14,-0.0080,0.0043,-0.0067
2014-03-17,0.0132,0.0137,0.0070
2014-03-18,0.0097,0.0067,0.0023
2014-03-19,-0.0012,0.0037,-0.0013
2014-03-20,0.0046,0.0021,-0.0026
2014-03-21,0.0017,0.0050,0.0016
2014-03-24,-0.0136,-0.0165,-0.0061
2014-03-25,0.0159,0.0163,0.0143
2014-03-26,0.0094,0.0118,0.0033
2014-03-27,-0.0014,0.0003,0.0035
2014-03-28,0.0074,0.0144,0.0045
2014-03-31,-0.0045,-0.0033,-0.0025
2014-04-01,0.0080,0.0050,0.0052
2014-04-02,0.0009,0.0020,0.0027
2014-04-03,0.0042,0.0006,-0.0006
2014-04-04,0.0079,0.0070,0.0089
2014-04-07,-0.0108,-0.0191,-0.0130
2014-04-08,-0.0025,-0.0021,-0.0006
2014-04-09,0.0040,0.0016,0.0046
2014-04-10,-0.0066,-0.0055,-0.0015
2014-04-11,-0.0108,-0.0147,-0.0157
2014-04-14,0.0043,0.0026,0.0092
2014-04-15,-0.0089,-0.0177,-0.0074
2014-04-16,0.0139,0.0157,0.0115
2014-04-17,0.0059,0.0099,0.0053
2014-04-21,0.0000,0.0000,0.0020
2014-04-22,0.0118,0.0202,0.0104
2014-04-23,-0.0074,-0.0058,-0.0064
2014-04-24,0.0064,0.0005,0.0062
2014-04-25,-0.0080,-0.0154,-0.0031
2014-04-28,0.0038,0.0048,0.0013
2014-04-29,0.0083,0.0146,0.0143
2014-04-30,-0.0023,0.0020,0.0002
2014-05-01,0.0000,0.0000,0.0046
2014-05-02,-0.0065,-0.0049,0.0010
2014-05-05,0.0010,-0.0028,-0.0012
2014-05-06,-0.0078,-0.0065,-0.0001
2014-05-07,0.0041,0.0057,-0.0012
2014-05-08,0.0137,0.0090,0.0098
2014-05-09,-0.0066,-0.0027,-0.0026
2014-05-12,0.0037,0.0126,0.0073
2014-05-13,0.0025,0.0054,0.0049
2014-05-14,-0.0009,0.0000,-0.0032
2014-05-15,-0.0125,-0.0101,-0.0052
2014-05-16,0.0026,-0.0028,0.0047
2014-05-19,0.0030,0.0031,-0.0027
2014-05-20,-0.0039,-0.0021,-0.0031
2014-05-21,0.0037,0.0061,0.0071
2014-05-22,0.0021,0.0024,-0.0001
2014-05-23,0.0033,0.0048,0.0000
2014-05-27,0.0081,0.0177,0.0031
2014-05-28,0.0004,-0.0002,-0.0033
2014-05-29,-0.0002,0.0000,0.0022
2014-05-30,-0.0024,0.0004,-0.0024
2014-06-02,-0.0008,0.0007,0.0046
2014-06-03,-0.0027,-0.0031,-0.0062
2014-06-04,-0.0006,0.0007,-0.0017
2014-06-05,0.0106,0.0021,0.0021
2014-06-06,0.0071,0.0040,0.0050
2014-06-09,0.0017,0.0021,0.0061
2014-06-10,0.0013,0.0020,0.0014
2014-06-11,-0.0087,-0.0079,-0.0025
2014-06-12,-0.0002,-0.0011,0.0025
2014-06-13,-0.0024,-0.0026,-0.0012
2014-06-16,-0.0073,-0.0029,-0.0051
2014-06-17,0.0058,0.0037,0.0025
2014-06-18,-0.0013,0.0010,-0.0022
2014-06-19,0.0072,0.0074,0.0070
2014-06-20,-0.0048,-0.0017,0.0045
2014-06-23,-0.0057,-0.0066,-0.0055
2014-06-24,0.0006,0.0017,-0.0048
2014-06-25,-0.0128,-0.0071,-0.0102
2014-06-26,-0.0047,-0.0064,0.0054
2014-06-27,-0.0006,0.0010,0.0003
2014-06-30,-0.0032,0.0018,-0.0007
2014-07-01,0.0087,0.0071,0.0032
2014-07-02,-0.0037,0.0009,0.0146
2014-07-03,0.0102,0.0119,0.0091
2014-07-07,-0.0187,-0.0123,-0.0061
2014-07-08,-0.0144,-0.0135,-0.0143
2014-07-09,0.0040,0.0036,-0.0038
2014-07-10,-0.0134,-0.0152,-0.0054
2014-07-11,0.0035,0.0007,0.0022
2014-07-14,0.0078,0.0121,0.0058
2014-07-15,-0.0103,-0.0065,0.0019
2014-07-16,0.0148,0.0144,0.0136
2014-07-17,-0.0121,-0.0107,-0.0082
2014-07-18,0.0044,-0.0035,0.0007
2014-07-21,-0.0071,-0.0111,-0.0041
2014-07-22,0.0150,0.0127,0.0135
2014-07-23,0.0016,0.0020,-0.0002
2014-07-24,0.0078,0.0042,-0.0014
2014-07-25,-0.0182,-0.0153,-0.0016
2014-07-28,0.0033,-0.0048,0.0005
2014-07-29,0.0048,0.0058,0.0019
2014-07-30,-0.0122,-0.0062,-0.0051
2014-07-31,-0.0153,-0.0194,-0.0078
2014-08-01,-0.0102,-0.0210,-0.0137
2014-08-04,0.0034,-0.0061,0.0005
2014-08-05,0.0037,0.0039,0.0063
2014-08-06,-0.0061,-0.0065,-0.0080
2014-08-07,-0.0136,-0.0100,-0.0049
2014-08-08,-0.0005,-0.0033,-0.0118
2014-08-11,0.0120,0.0190,0.0116
2014-08-12,-0.0085,-0.0121,0.0031
2014-08-13,0.0078,0.0143,-0.0047
2014-08-14,0.0025,0.0029,0.0038
2014-08-15,-0.0074,-0.0144,0.0003
2014-08-18,0.0135,0.0168,0.0115
2014-08-19,0.0056,0.0096,0.0027
2014-08-20,-0.0032,-0.0021,0.0003
2014-08-21,0.0123,0.0093,0.0006
2014-08-22,-0.0093,-0.0066,0.0021
2014-08-25,0.0210,0.0183,0.0032
2014-08-26,0.0118,0.0082,0.0063
2014-08-27,0.0004,-0.0019,0.0015
2014-08-28,-0.0066,-0.0112,-0.0018
2014-08-29,0.0034,0.0008,0.0038
2014-09-02,-0.0006,0.0039,-0.0008
2014-09-03,0.0099,0.0126,0.0018
2014-09-04,0.0165,0.0102,0.0104
2014-09-05,-0.0019,0.0023,-0.0074
2014-09-08,-0.0026,0.0011,-0.0122
2014-09-09,-0.0050,-0.0049,-0.0015
2014-09-10,-0.0004,-0.0011,0.0023
2014-09-11,-0.0022,-0.0009,-0.0011
2014-09-12,0.0002,-0.0041,0.0012
2014-09-15,-0.0029,0.0009,-0.0003
2014-09-16,-0.0044,-0.0028,-0.0032
2014-09-17,0.0050,0.0030,0.0036
2014-09-18,0.0075,0.0141,0.0127
2014-09-19,-0.0008,0.0001,0.0044
2014-09-22,-0.0042,-0.0051,-0.0067
2014-09-23,-0.0187,-0.0158,-0.0158
2014-09-24,0.0125,0.0070,0.0086
2014-09-25,-0.0132,-0.0157,-0.0072
2014-09-26,0.0091,-0.0020,0.0004
2014-09-29,-0.0083,-0.0071,0.0003
2014-09-30,0.0133,0.0055,-0.0010
2014-10-01,-0.0115,-0.0097,-0.0077
2014-10-02,-0.0281,-0.0199,-0.0263
2014-10-03,0.0092,0.0000,0.0142
2014-10-06,0.0011,0.0015,0.0037
2014-10-07,-0.0181,-0.0134,-0.0104
2014-10-08,-0.0097,-0.0100,-0.0073
2014-10-09,-0.0064,0.0011,-0.0046
2014-10-10,-0.0164,-0.0240,-0.0155
2014-10-13,0.0012,0.0027,0.0013
2014-10-14,0.0023,0.0015,-0.0035
2014-10-15,-0.0363,-0.0287,-0.0335
2014-10-16,-0.0054,0.0013,0.0009
2014-10-17,0.0292,0.0312,0.0245
2014-10-20,-0.0104,-0.0150,-0.0055
2014-10-21,0.0225,0.0194,0.0211
2014-10-22,0.0058,0.0060,0.0045
2014-10-23,0.0128,0.0120,0.0028
2014-10-24,-0.0069,-0.0066,-0.0033
2014-10-27,-0.0078,-0.0095,-0.0043
2014-10-28,0.0039,0.0186,0.0048
2014-10-29,-0.0005,0.0016,0.0065
2014-10-30,0.0074,0.0035,0.0046
2014-10-31,0.0222,0.0233,0.0188
2014-11-03,-0.0092,-0.0081,-0.0064
2014-11-04,-0.0152,-0.0092,-0.0104
2014-11-05,0.0189,0.0163,0.0178
2014-11-06,0.0046,0.0066,0.0013
2014-11-07,-0.0089,-0.0091,0.0004
2014-11-10,0.0079,0.0065,0.0059
2014-11-11,0.0050,0.0018,0.0039
2014-11-12,-0.0151,-0.0169,-0.0091
2014-11-13,0.0019,0.0041,-0.0023
2014-11-14,0.0035,0.0005,-0.0032
2014-11-17,0.0056,0.0058,0.0047
2014-11-18,0.0086,0.0161,-0.0009
2014-11-19,0.0009,0.0017,-0.0016
2014-11-20,-0.0075,0.0012,-0.0003
2014-11-21,0.0267,0.0262,0.0194
2014-11-24,0.0049,0.0054,-0.0037
2014-11-25,0.0032,0.0077,-0.0016
2014-11-26,-0.0020,0.0055,0.0006
2014-11-28,0.0038,0.0066,-0.0046
2014-12-01,-0.0029,-0.0017,-0.0067
2014-12-02,0.0025,-0.0030,0.0141
2014-12-03,0.0008,0.0038,0.0066
2014-12-04,-0.0155,-0.0121,-0.0153
2014-12-05,0.0221,0.0239,0.0139
2014-12-08,-0.0100,-0.0072,-0.0080
2014-12-09,-0.0255,-0.0221,-0.0274
2014-12-10,-0.0084,0.0006,-0.0034
2014-12-11,-0.0005,0.0064,-0.0030
2014-12-12,-0.0277,-0.0272,-0.0309
2014-12-15,-0.0252,-0.0272,-0.0206
2014-12-16,0.0219,0.0246,0.0242
2014-12-17,0.0046,-0.0020,0.0047
2014-12-18,0.0335,0.0279,0.0293
2014-12-19,-0.0018,-0.0025,0.0132
2014-12-22,0.0030,0.0081,0.0049
2014-12-23,0.0142,0.0057,0.0032
2014-12-24,-0.0044,0.0000,0.0023
2014-12-26,0.0000,0.0000,0.0023
2014-12-29,0.0051,0.0005,0.0006
2014-12-30,-0.0168,-0.0122,-0.0096
2014-12-31,0.0064,0.0000,0.0103
2015-01-02,-0.0048,-0.0042,-0.0101
2015-01-05,-0.0331,-0.0299,-0.0216
2015-01-06,-0.0068,-0.0004,-0.0108
2015-01-07,0.0072,0.0051,0.0108
2015-01-08,0.0359,0.0336,0.0255
2015-01-09,-0.0190,-0.0192,-0.0092
2015-01-12,0.0118,0.0138,0.0005
2015-01-13,0.0147,0.0163,0.0118
2015-01-14,-0.0156,-0.0125,-0.0212
2015-01-15,0.0237,0.0220,0.0314
2015-01-16,0.0131,0.0135,0.0121
2015-01-20,0.0152,0.0088,0.0093
2015-01-21,0.0087,0.0041,0.0098
2015-01-22,0.0152,0.0132,0.0233
2015-01-23,0.0193,0.0205,0.0160
2015-01-26,0.0074,0.0140,0.0040
2015-01-27,-0.0109,-0.0157,-0.0087
2015-01-28,-0.0029,0.0078,0.0059
2015-01-29,0.0044,0.0025,-0.0091
2015-01-30,-0.0059,-0.0041,-0.0079
2015-02-02,0.0051,0.0125,-0.0041
2015-02-03,0.0109,0.0058,0.0145
2015-02-04,0.0039,0.0019,0.0069
2015-02-05,0.0015,-0.0005,0.0059
2015-02-06,-0.0026,-0.0054,0.0043
2015-02-09,-0.0085,-0.0169,-0.0032
2015-02-10,0.0096,0.0085,0.0010
2015-02-11,-0.0035,-0.0002,0.0005
2015-02-12,0.0100,0.0156,0.0025
2015-02-13,0.0070,0.0040,0.0058
2015-02-17,-0.0011,-0.0062,0.0002
2015-02-18,0.0095,0.0060,0.0110
2015-02-19,0.0071,0.0037,-0.0043
2015-02-20,-0.0005,0.0044,0.0013
2015-02-23,0.0065,0.0073,0.0059
2015-02-24,0.0050,0.0067,0.0074
2015-02-25,-0.0009,0.0004,-0.0016
2015-02-26,0.0058,0.0104,0.0097
2015-02-27,0.0083,0.0066,0.0020
2015-03-02,-0.0069,0.0008,-0.0048
2015-03-03,-0.0098,-0.0114,-0.0058
2015-03-04,0.0099,0.0098,0.0079
2015-03-05,0.0094,0.0100,0.0074
2015-03-06,0.0002,0.0041,-0.0029
2015-03-09,-0.0055,0.0027,-0.0015
2015-03-10,-0.0112,-0.0071,-0.0132
2015-03-11,0.0237,0.0266,0.0059
2015-03-12,-0.0021,-0.0006,-0.0005
2015-03-13,0.0046,0.0087,-0.0043
2015-03-16,0.0101,0.0224,0.0073
2015-03-17,-0.0064,-0.0154,-0.0014
2015-03-18,0.0009,-0.0048,0.0077
2015-03-19,0.0007,-0.0020,0.0073
2015-03-20,0.0100,0.0118,0.0054
2015-03-23,-0.0065,-0.0119,-0.0090
2015-03-24,0.0067,0.0092,-0.0050
2015-03-25,-0.0132,-0.0117,-0.0084
2015-03-26,-0.0029,-0.0018,-0.0123
2015-03-27,0.0055,0.0021,-0.0009
2015-03-30,0.0098,0.0183,0.0056
2015-03-31,-0.0098,-0.0099,-0.0059
2015-04-01,0.0057,0.0029,0.0016
2015-04-02,0.0024,-0.0028,-0.0067
2015-04-06,0.0000,0.0000,-0.0039
2015-04-07,0.0152,0.0130,0.0279
2015-04-08,-0.0028,-0.0072,0.0062
2015-04-09,0.0140,0.0108,0.0095
2015-04-10,0.0060,0.0171,0.0097
2015-04-13,0.0026,-0.0029,0.0007
2015-04-14,-0.0069,-0.0090,0.0004
2015-04-15,0.0070,0.0003,0.0095
2015-04-16,-0.0057,-0.0190,-0.0047
2015-04-17,-0.0155,-0.0258,-0.0123
2015-04-20,0.0086,0.0174,0.0068
2015-04-21,0.0010,0.0040,0.0039
2015-04-22,0.0036,-0.0060,0.0040
2015-04-23,-0.0062,-0.0121,-0.0026
2015-04-24,0.0044,0.0074,0.0039
2015-04-27,0.0130,0.0193,0.0059
2015-04-28,-0.0181,-0.0189,-0.0116
2015-04-29,-0.0259,-0.0321,-0.0185
2015-04-30,0.0014,0.0019,-0.0086
2015-05-01,0.0000,0.0000,-0.0105
2015-05-04,0.0070,0.0144,0.0015
2015-05-05,-0.0212,-0.0251,-0.0055
2015-05-06,0.0015,0.0020,-0.0101
2015-05-07,-0.0029,0.0051,-0.0016
2015-05-08,0.0248,0.0265,0.0423
2015-05-11,-0.0123,-0.0031,0.0123
2015-05-12,-0.0106,-0.0172,-0.0154
2015-05-13,-0.0026,-0.0105,-0.0026
2015-05-14,0.0136,0.0184,0.0029
2015-05-15,-0.0071,-0.0098,-0.0047
2015-05-18,0.0037,0.0129,0.0010
2015-05-19,0.0209,0.0223,0.0138
2015-05-20,0.0031,-0.0004,0.0073
2015-05-21,0.0026,0.0014,0.0067
2015-05-22,-0.0007,-0.0042,0.0007
2015-05-26,-0.0115,-0.0161,-0.0079
2015-05-27,0.0195,0.0126,0.0105
2015-05-28,-0.0086,-0.0079,-0.0056
2015-05-29,-0.0253,-0.0226,-0.0141
2015-06-01,0.0035,0.0019,-0.0015
2015-06-02,-0.0041,-0.0094,-0.0167
2015-06-03,0.0059,0.0080,-0.0089
2015-06-04,-0.0093,-0.0069,-0.0122
2015-06-05,-0.0133,-0.0126,-0.0007
2015-06-08,-0.0128,-0.0118,-0.0087
2015-06-09,-0.0015,-0.0058,-0.0058
2015-06-10,0.0175,0.0240,0.0209
2015-06-11,0.0074,0.0060,0.0060
2015-06-12,-0.0141,-0.0120,-0.0075
2015-06-15,-0.0175,-0.0189,-0.0113
2015-06-16,0.0051,0.0054,0.0068
2015-06-17,-0.0102,-0.0060,0.0015
2015-06-18,0.0027,0.0111,-0.0007
2015-06-19,0.0025,-0.0054,0.0072
2015-06-22,0.0381,0.0381,0.0066
2015-06-23,0.0118,0.0072,0.0148
2015-06-24,-0.0024,-0.0062,0.0005
2015-06-25,-0.0007,0.0002,-0.0053
2015-06-26,0.0035,0.0017,-0.0029
2015-06-29,-0.0374,-0.0356,-0.0197
2015-06-30,-0.0163,-0.0125,-0.0149
2015-07-01,0.0194,0.0215,0.0108
2015-07-02,-0.0098,-0.0073,0.0013
2015-07-06,-0.0256,-0.0188,-0.0120
2015-07-07,-0.0227,-0.0196,-0.0151
2015-07-08,0.0075,0.0066,-0.0077
2015-07-09,0.0255,0.0232,0.0179
2015-07-10,0.0307,0.0290,0.0102
2015-07-13,0.0194,0.0149,0.0260
2015-07-14,0.0069,0.0028,0.0056
2015-07-15,0.0029,0.0020,0.0069
2015-07-16,0.0147,0.0153,0.0098
2015-07-17,0.0006,-0.0037,0.0042
2015-07-20,0.0035,0.0053,-0.0022
2015-07-21,-0.0070,-0.0112,-0.0108
2015-07-22,-0.0047,-0.0072,-0.0066
2015-07-23,0.0008,-0.0007,-0.0169
2015-07-24,-0.0058,-0.0143,-0.0117
2015-07-27,-0.0257,-0.0256,-0.0191
2015-07-28,0.0101,0.0106,0.0143
2015-07-29,0.0081,0.0034,0.0167
2015-07-30,0.0058,0.0040,0.0129
2015-07-31,0.0072,0.0046,-0.0074
2015-08-03,0.0075,0.0119,0.0064
2015-08-04,-0.0016,0.0011,-0.0001
2015-08-05,0.0165,0.0157,0.0188
2015-08-06,-0.0009,-0.0044,-0.0117
2015-08-07,-0.0072,-0.0081,-0.0088
2015-08-10,0.0079,0.0099,0.0039
2015-08-11,-0.0186,-0.0268,-0.0149
2015-08-12,-0.0340,-0.0327,-0.0223
2015-08-13,0.0125,0.0082,0.0020
2015-08-14,-0.0061,-0.0027,0.0005
2015-08-17,0.0057,-0.0041,0.0026
2015-08-18,-0.0027,-0.0022,0.0036
2015-08-19,-0.0175,-0.0214,-0.0209
2015-08-20,-0.0206,-0.0234,-0.0171
2015-08-21,-0.0319,-0.0295,-0.0378
2015-08-24,-0.0535,-0.0470,-0.0640
2015-08-25,0.0414,0.0497,0.0431
2015-08-26,-0.0140,-0.0129,-0.0262
2015-08-27,0.0349,0.0318,0.0419
2015-08-28,0.0036,-0.0017,0.0075
2015-08-31,-0.0047,-0.0038,0.0032
2015-09-01,-0.0240,-0.0238,-0.0377
2015-09-02,0.0030,0.0032,0.0044
2015-09-03,0.0217,0.0268,0.0257
2015-09-04,-0.0281,-0.0271,-0.0295
2015-09-08,0.0166,0.0232,0.0232
2015-09-09,0.0144,0.0031,0.0155
2015-09-10,-0.0146,-0.0090,-0.0128
2015-09-11,-0.0104,-0.0085,-0.0133
2015-09-14,-0.0067,0.0008,-0.0070
2015-09-15,0.0113,0.0056,0.0082
2015-09-16,0.0167,0.0038,0.0232
2015-09-17,0.0020,0.0002,-0.0077
2015-09-18,-0.0256,-0.0306,-0.0143
2015-09-21,0.0109,0.0033,0.0101
2015-09-22,-0.0342,-0.0380,-0.0315
2015-09-23,0.0010,0.0044,0.0069
2015-09-24,-0.0193,-0.0192,-0.0212
2015-09-25,0.0307,0.0277,0.0281
2015-09-28,-0.0276,-0.0212,-0.0269
2015-09-29,-0.0031,-0.0035,-0.0118
2015-09-30,0.0257,0.0222,0.0314
2015-10-01,-0.0065,-0.0157,-0.0013
2015-10-02,0.0073,0.0046,0.0060
2015-10-05,0.0354,0.0274,0.0316
2015-10-06,0.0095,0.0090,0.0020
2015-10-07,0.0014,0.0068,0.0106
2015-10-08,0.0018,0.0023,0.0009
2015-10-09,0.0054,0.0104,0.0004
2015-10-12,-0.0027,0.0023,-0.0068
2015-10-13,-0.0097,-0.0086,-0.0125
2015-10-14,-0.0074,-0.0117,-0.0029
2015-10-15,0.0144,0.0150,0.0171
2015-10-16,0.0059,0.0039,0.0057
2015-10-19,0.0003,0.0059,0.0042
2015-10-20,-0.0064,-0.0016,-0.0049
2015-10-21,0.0046,0.0089,-0.0007
2015-10-22,0.0228,0.0248,0.0185
2015-10-23,0.0253,0.0288,0.0181
2015-10-26,-0.0054,0.0006,-0.0053
2015-10-27,-0.0102,-0.0101,-0.0031
2015-10-28,0.0090,0.0131,0.0019
2015-10-29,-0.0010,-0.0029,0.0017
2015-10-30,0.0024,0.0046,-0.0033
2015-11-02,0.0038,0.0093,0.0002
2015-11-03,0.0041,0.0000,0.0095
2015-11-04,0.0025,-0.0097,0.0074
2015-11-05,0.0064,0.0039,-0.0118
2015-11-06,0.0008,0.0092,-0.0021
2015-11-09,-0.0146,-0.0157,-0.0073
2015-11-10,0.0002,0.0016,0.0018
2015-11-11,0.0082,0.0070,0.0060
2015-11-12,-0.0194,-0.0115,-0.0212
2015-11-13,-0.0100,-0.0069,-0.0077
2015-11-16,-0.0008,0.0005,0.0067
2015-11-17,0.0277,0.0241,0.0273
2015-11-18,-0.0062,-0.0010,0.0016
2015-11-19,0.0017,0.0114,0.0052
2015-11-20,-0.0008,0.0031,0.0023
2015-11-23,-0.0044,-0.0025,-0.0056
2015-11-24,-0.0141,-0.0143,-0.0110
2015-11-25,0.0151,0.0215,0.0134
2015-11-27,0.0076,0.0111,0.0057
2015-11-30,0.0056,0.0078,0.0005
2015-12-01,-0.0087,-0.0106,0.0019
2015-12-02,-0.0018,-0.0063,-0.0006
2015-12-03,-0.0358,-0.0358,-0.0413
2015-12-04,-0.0033,-0.0034,-0.0049
2015-12-07,0.0088,0.0125,-0.0014
2015-12-08,-0.0157,-0.0195,-0.0213
2015-12-09,-0.0095,-0.0076,0.0030
2015-12-10,-0.0005,0.0006,-0.0047
2015-12-11,-0.0184,-0.0244,-0.0241
2015-12-14,-0.0168,-0.0194,-0.0217
2015-12-15,0.0316,0.0307,0.0290
2015-12-16,0.0022,0.0018,-0.0050
2015-12-17,0.0114,0.0257,0.0157
2015-12-18,-0.0112,-0.0121,-0.0087
2015-12-21,-0.0130,-0.0104,-0.0100
2015-12-22,0.0005,-0.0009,-0.0006
2015-12-23,0.0234,0.0228,0.0371
2015-12-24,-0.0024,0.0000,-0.0024
2015-12-28,-0.0097,-0.0069,-0.0017
2015-12-29,0.0181,0.0194,0.0083
2015-12-30,-0.0052,-0.0108,-0.0045
2015-12-31,-0.0086,0.0000,-0.0068
2016-01-04,-0.0247,-0.0428,0.0020
2016-01-05,0.0034,0.0026,-0.0117
2016-01-06,-0.0126,-0.0093,-0.0159
2016-01-07,-0.0172,-0.0229,-0.0296
2016-01-08,-0.0159,-0.0131,-0.0157
2016-01-11,-0.0049,-0.0025,-0.0025
2016-01-12,0.0153,0.0163,0.0008
2016-01-13,0.0030,-0.0025,0.0085
2016-01-14,-0.0180,-0.0167,-0.0096
2016-01-15,-0.0238,-0.0254,-0.0348
2016-01-19,0.0147,0.0125,0.0050
2016-01-20,-0.0345,-0.0282,-0.0314
2016-01-21,0.0197,0.0194,0.0208
2016-01-22,0.0310,0.0199,0.0362
2016-01-25,-0.0058,-0.0029,-0.0095
2016-01-26,0.0105,0.0089,0.0084
2016-01-27,0.0054,0.0059,0.0061
2016-01-28,-0.0133,-0.0244,-0.0063
2016-01-29,0.0219,0.0164,0.0222
2016-02-01,-0.0056,-0.0041,0.0064
2016-02-02,-0.0247,-0.0181,-0.0268
2016-02-03,-0.0133,-0.0153,-0.0129
2016-02-04,0.0004,-0.0044,-0.0011
2016-02-05,-0.0066,-0.0114,-0.0125
2016-02-08,-0.0320,-0.0330,-0.0352
2016-02-09,-0.0169,-0.0111,-0.0067
2016-02-10,0.0159,0.0155,0.0050
2016-02-11,-0.0405,-0.0293,-0.0378
2016-02-12,0.0252,0.0245,0.0412
2016-02-16,0.0289,0.0187,0.0252
2016-02-17,0.0299,0.0265,0.0305
2016-02-18,0.0015,0.0092,-0.0033
2016-02-19,-0.0039,-0.0080,-0.0110
2016-02-22,0.0179,0.0198,0.0121
2016-02-23,-0.0140,-0.0164,-0.0136
2016-02-24,-0.0196,-0.0264,-0.0276
2016-02-25,0.0224,0.0179,0.0245
2016-02-26,0.0156,0.0195,0.0176
2016-02-29,0.0090,-0.0019,0.0116
2016-03-01,0.0122,0.0234,0.0088
2016-03-02,0.0041,0.0061,0.0122
2016-03-03,-0.0020,-0.0025,-0.0053
2016-03-04,0.0092,0.0074,0.0085
2016-03-07,-0.0032,-0.0046,-0.0013
2016-03-08,-0.0086,-0.0088,-0.0155
2016-03-09,0.0049,0.0031,0.0080
2016-03-10,-0.0170,-0.0231,-0.0064
2016-03-11,0.0327,0.0351,-0.0128
2016-03-14,0.0031,0.0162,0.0226
2016-03-15,-0.0075,-0.0056,-0.0172
2016-03-16,-0.0022,0.0050,0.0044
2016-03-17,-0.0045,-0.0091,0.0106
2016-03-18,0.0044,0.0059,0.0038
2016-03-21,-0.0078,-0.0002,-0.0072
2016-03-22,0.0009,0.0042,-0.0085
2016-03-23,-0.0018,0.0033,-0.0022
2016-03-24,-0.0213,-0.0171,-0.0114
2016-03-28,0.0000,0.0000,0.0033
2016-03-29,0.0085,0.0037,0.0034
2016-03-30,0.0178,0.0160,0.0137
2016-03-31,-0.0134,-0.0081,-0.0132
2016-04-01,-0.0143,-0.0171,-0.0134
2016-04-04,0.0053,0.0028,0.0068
2016-04-05,-0.0218,-0.0263,-0.0224
2016-04-06,0.0081,0.0064,0.0084
2016-04-07,-0.0090,-0.0098,-0.0044
2016-04-08,0.0135,0.0096,0.0095
2016-04-11,0.0022,0.0063,0.0072
2016-04-12,0.0077,0.0081,0.0088
2016-04-13,0.0332,0.0271,0.0274
2016-04-14,0.0047,0.0067,-0.0028
2016-04-15,-0.0036,-0.0042,-0.0039
2016-04-18,0.0026,0.0068,0.0056
2016-04-19,0.0132,0.0227,0.0134
2016-04-20,0.0056,0.0069,0.0044
2016-04-21,-0.0020,0.0014,-0.0049
2016-04-22,-0.0029,-0.0060,-0.0016
2016-04-25,-0.0052,-0.0076,-0.0036
2016-04-26,-0.0028,-0.0034,0.0055
2016-04-27,0.0058,0.0039,0.0022
2016-04-28,-0.0004,0.0021,0.0026
2016-04-29,-0.0282,-0.0273,-0.0197
2016-05-02,0.0031,0.0084,-0.0036
2016-05-03,-0.0159,-0.0194,-0.0175
2016-05-04,-0.0109,-0.0099,-0.0139
2016-05-05,-0.0011,0.0024,0.0100
2016-05-06,-0.0042,0.0018,-0.0050
2016-05-09,0.0050,0.0112,-0.0015
2016-05-10,0.0036,0.0065,0.0115
2016-05-11,-0.0050,-0.0070,-0.0026
2016-05-12,-0.0054,-0.0113,-0.0041
2016-05-13,0.0062,0.0092,0.0042
2016-05-16,-0.0018,0.0000,0.0008
2016-05-17,-0.0034,-0.0063,0.0063
2016-05-18,0.0051,0.0054,0.0185
2016-05-19,-0.0085,-0.0148,-0.0137
2016-05-20,0.0167,0.0123,0.0113
2016-05-23,-0.0066,-0.0074,-0.0053
2016-05-24,0.0246,0.0218,0.0136
2016-05-25,0.0113,0.0147,0.0291
2016-05-26,0.0069,0.0066,-0.0059
2016-05-27,0.0005,0.0013,0.0014
2016-05-31,-0.0020,-0.0023,-0.0104
2016-06-01,-0.0067,-0.0057,-0.0196
2016-06-02,-0.0021,0.0003,0.0025
2016-06-03,-0.0099,-0.0103,-0.0067
2016-06-06,0.0004,0.0018,0.0037
2016-06-07,0.0119,0.0165,0.0093
2016-06-08,-0.0061,-0.0069,-0.0008
2016-06-09,-0.0097,-0.0125,-0.0107
2016-06-10,-0.0224,-0.0252,-0.0072
2016-06-13,-0.0185,-0.0180,-0.0340
2016-06-14,-0.0229,-0.0143,-0.0236
2016-06-15,0.0100,0.0092,0.0108
2016-06-16,-0.0045,-0.0059,-0.0045
2016-06-17,0.0098,0.0085,0.0196
2016-06-20,0.0350,0.0343,0.0200
2016-06-21,0.0061,0.0054,0.0350
2016-06-22,0.0029,0.0055,0.0088
2016-06-23,0.0196,0.0185,0.0148
2016-06-24,-0.0804,-0.0682,-0.0921
2016-06-27,-0.0297,-0.0302,-0.0228
2016-06-28,0.0261,0.0193,0.0052
2016-06-29,0.0260,0.0175,0.0466
2016-06-30,0.0100,0.0071,0.0100
2016-07-01,0.0086,0.0099,0.0015
2016-07-05,-0.0259,-0.0249,-0.0214
2016-07-06,-0.0188,-0.0167,-0.0212
2016-07-07,0.0080,0.0049,0.0149
2016-07-08,0.0177,0.0224,0.0148
2016-07-11,0.0176,0.0212,0.0160
2016-07-12,0.0157,0.0133,0.0127
2016-07-13,0.0009,-0.0033,-0.0003
2016-07-14,0.0116,0.0139,0.0043
2016-07-15,-0.0030,-0.0001,-0.0018
2016-07-18,-0.0034,-0.0004,0.0083
2016-07-19,-0.0063,-0.0081,-0.0058
2016-07-20,0.0115,0.0161,0.0081
2016-07-21,-0.0008,0.0014,0.0003
2016-07-22,0.0011,-0.0009,-0.0041
2016-07-25,0.0016,0.0050,0.0010
2016-07-26,0.0015,0.0049,0.0003
2016-07-27,0.0119,0.0070,0.0038
2016-07-28,-0.0059,-0.0043,-0.0121
2016-07-29,0.0044,0.0061,0.0036
2016-08-01,-0.0069,-0.0007,-0.0092
2016-08-02,-0.0184,-0.0180,-0.0036
2016-08-03,-0.0016,0.0026,0.0035
2016-08-04,0.0057,0.0057,0.0037
2016-08-05,0.0149,0.0136,0.0092
2016-08-08,0.0011,0.0063,0.0008
2016-08-09,0.0119,0.0250,-0.0009
2016-08-10,-0.0036,-0.0039,-0.0006
2016-08-11,0.0117,0.0086,0.0021
2016-08-12,-0.0008,-0.0027,-0.0022
2016-08-15,-0.0005,0.0024,-0.0026
2016-08-16,-0.0083,-0.0058,-0.0056
2016-08-17,-0.0096,-0.0130,0.0023
2016-08-18,0.0044,0.0062,0.0037
2016-08-19,-0.0082,-0.0055,-0.0094
2016-08-22,-0.0024,-0.0047,0.0027
2016-08-23,0.0072,0.0094,0.0095
2016-08-24,0.0032,0.0028,0.0067
2016-08-25,-0.0065,-0.0088,-0.0103
2016-08-26,0.0080,0.0055,0.0043
2016-08-29,-0.0040,-0.0041,0.0003
2016-08-30,0.0075,0.0107,0.0003
2016-08-31,-0.0043,-0.0061,-0.0047
2016-09-01,0.0003,-0.0055,0.0057
2016-09-02,0.0231,0.0142,0.0249
2016-09-06,-0.0027,0.0003,-0.0071
2016-09-07,0.0061,0.0062,-0.0037
2016-09-08,-0.0034,-0.0072,-0.0030
2016-09-09,-0.0112,-0.0095,-0.0111
2016-09-12,-0.0115,-0.0134,-0.0085
2016-09-13,-0.0119,-0.0043,-0.0164
2016-09-14,-0.0039,-0.0008,0.0004
2016-09-15,0.0007,0.0051,0.0096
2016-09-16,-0.0093,-0.0149,-0.0041
2016-09-19,0.0143,0.0095,-0.0033
2016-09-20,-0.0013,0.0019,0.0101
2016-09-21,0.0048,0.0041,0.0041
2016-09-22,0.0227,0.0228,0.0124
2016-09-23,-0.0047,-0.0044,-0.0091
2016-09-26,-0.0180,-0.0219,-0.0165
2016-09-27,-0.0021,-0.0031,0.0055
2016-09-28,0.0077,0.0074,0.0070
2016-09-29,0.0026,-0.0031,0.0058
2016-09-30,0.0010,0.0101,-0.0024
2016-10-03,0.0012,0.0000,0.0024
2016-10-04,0.0111,0.0103,0.0119
2016-10-05,-0.0029,-0.0032,-0.0107
2016-10-06,-0.0022,-0.0016,-0.0093
2016-10-07,-0.0067,-0.0074,-0.0099
2016-10-10,0.0106,0.0127,0.0023
2016-10-11,-0.0057,-0.0044,-0.0066
2016-10-12,-0.0044,-0.0051,-0.0060
2016-10-13,-0.0106,-0.0104,-0.0077
2016-10-14,0.0149,0.0160,0.0080
2016-10-17,-0.0046,-0.0073,-0.0121
2016-10-18,0.0132,0.0122,0.0219
2016-10-19,0.0025,0.0013,0.0029
2016-10-20,0.0044,0.0052,-0.0001
2016-10-21,-0.0009,0.0009,0.0002
2016-10-24,0.0036,0.0047,-0.0054
2016-10-25,-0.0026,-0.0004,0.0001
2016-10-26,-0.0014,-0.0044,-0.0053
2016-10-27,-0.0002,0.0007,-0.0015
2016-10-28,0.0033,-0.0019,-0.0015
2016-10-31,-0.0086,-0.0029,-0.0039
2016-11-01,-0.0086,-0.0130,-0.0117
2016-11-02,-0.0124,-0.0147,-0.0088
2016-11-03,-0.0007,-0.0043,0.0063
2016-11-04,-0.0078,-0.0065,-0.0098
2016-11-07,0.0191,0.0193,0.0121
2016-11-08,0.0035,0.0024,0.0048
2016-11-09,0.0149,0.0156,0.0123
2016-11-10,-0.0028,-0.0015,0.0077
2016-11-11,-0.0092,0.0036,0.0105
2016-11-14,0.0043,0.0024,-0.0095
2016-11-15,0.0062,0.0039,-0.0001
2016-11-16,-0.0078,-0.0066,0.0014
2016-11-17,0.0059,0.0020,0.0080
2016-11-18,-0.0052,-0.0020,-0.0032
2016-11-21,0.0056,0.0019,0.0087
2016-11-22,0.0041,0.0027,-0.0010
2016-11-23,-0.0042,-0.0048,0.0094
2016-11-25,0.0046,0.0035,0.0004
2016-11-28,-0.0088,-0.0109,-0.0072
2016-11-29,0.0091,0.0036,0.0005
2016-11-30,0.0059,0.0019,0.0018
2016-12-01,-0.0039,-0.0100,0.0056
2016-12-02,-0.0070,-0.0020,-0.0048
2016-12-05,0.0100,0.0163,-0.0003
2016-12-06,0.0126,0.0085,-0.0003
2016-12-07,0.0136,0.0196,0.0113
2016-12-08,0.0087,0.0175,0.0101
2016-12-09,0.0060,0.0022,0.0160
2016-12-12,-0.0007,-0.0012,-0.0080
2016-12-13,0.0091,0.0084,0.0092
2016-12-14,-0.0072,-0.0035,-0.0024
2016-12-15,0.0105,0.0108,0.0060
2016-12-16,0.0029,0.0033,0.0027
2016-12-19,-0.0022,0.0020,-0.0035
2016-12-20,0.0056,0.0033,0.0062
2016-12-21,-0.0033,0.0003,-0.0041
2016-12-22,0.0002,-0.0011,-0.0050
2016-12-23,0.0010,-0.0005,-0.0030
2016-12-27,0.0018,0.0019,0.0004
2016-12-28,-0.0001,0.0002,0.0090
2016-12-29,-0.0020,-0.0021,-0.0071
2016-12-30,0.0049,0.0026,0.0081
2017-01-03,0.0076,0.0090,0.0111
2017-01-04,0.0000,0.0000,-0.0025
2017-01-05,0.0003,0.0001,-0.0006
2017-01-06,0.0019,0.0012,-0.0039
2017-01-09,-0.0045,-0.0030,-0.0085
2017-01-10,0.0001,0.0017,0.0044
2017-01-11,0.0001,0.0054,0.0039
2017-01-12,-0.0051,-0.0107,-0.0049
2017-01-13,0.0120,0.0094,0.0053
2017-01-17,-0.0128,-0.0077,-0.0051
2017-01-18,-0.0013,0.0051,0.0004
2017-01-19,-0.0025,-0.0002,-0.0011
2017-01-20,0.0020,0.0029,-0.0065
2017-01-23,-0.0060,-0.0073,0.0010
2017-01-24,0.0018,0.0043,0.0009
2017-01-25,0.0099,0.0182,0.0114
2017-01-26,-0.0021,0.0036,0.0045
2017-01-27,-0.0056,-0.0029,-0.0033
2017-01-30,-0.0114,-0.0112,-0.0107
2017-01-31,-0.0075,-0.0125,-0.0078
2017-02-01,0.0096,0.0108,0.0110
2017-02-02,-0.0001,-0.0027,-0.0134
2017-02-03,0.0065,0.0020,0.0110
2017-02-06,-0.0098,-0.0122,-0.0026
2017-02-07,-0.0049,0.0034,0.0062
2017-02-08,0.0026,-0.0005,0.0072
2017-02-09,0.0125,0.0086,0.0086
2017-02-10,0.0004,0.0021,0.0043
2017-02-13,0.0124,0.0092,0.0061
2017-02-14,0.0016,-0.0002,-0.0006
2017-02-15,0.0059,0.0019,0.0028
2017-02-16,-0.0052,-0.0031,-0.0087
2017-02-17,-0.0065,0.0000,0.0009
2017-02-21,0.0044,0.0179,0.0087
2017-02-22,0.0015,0.0026,0.0017
2017-02-23,-0.0009,-0.0042,-0.0014
2017-02-24,-0.0094,-0.0120,-0.0060
2017-02-27,0.0000,0.0016,-0.0046
2017-02-28,0.0028,0.0010,-0.0014
2017-03-01,0.0210,0.0197,0.0124
2017-03-02,0.0006,-0.0006,-0.0001
2017-03-03,0.0063,-0.0027,-0.0066
2017-03-06,-0.0046,-0.0057,-0.0067
2017-03-07,-0.0035,0.0006,-0.0048
2017-03-08,0.0011,0.0001,0.0000
2017-03-09,0.0042,0.0009,-0.0065
2017-03-10,0.0024,-0.0013,-0.0021
2017-03-13,0.0013,0.0022,0.0077
2017-03-14,-0.0051,-0.0001,-0.0046
2017-03-15,0.0023,0.0018,0.0072
2017-03-16,0.0056,0.0061,0.0084
2017-03-17,0.0032,0.0010,0.0012
2017-03-20,-0.0034,-0.0035,-0.0009
2017-03-21,-0.0019,-0.0075,-0.0029
2017-03-22,-0.0015,-0.0048,-0.0070
2017-03-23,0.0076,0.0114,0.0081
2017-03-24,-0.0024,0.0020,-0.0049
2017-03-27,-0.0007,-0.0057,-0.0065
2017-03-28,0.0057,0.0128,0.0052
2017-03-29,0.0045,0.0044,0.0050
2017-03-30,0.0041,0.0044,0.0075
2017-03-31,0.0065,0.0046,-0.0017
2017-04-03,-0.0071,-0.0045,-0.0034
2017-04-04,0.0030,0.0021,0.0016
2017-04-05,-0.0018,-0.0053,0.0037
2017-04-06,0.0058,0.0011,-0.0014
2017-04-07,0.0027,-0.0005,0.0018
2017-04-10,-0.0054,-0.0020,0.0045
2017-04-11,-0.0011,-0.0050,0.0044
2017-04-12,-0.0001,0.0013,0.0008
2017-04-13,-0.0059,-0.0038,-0.0025
2017-04-17,0.0000,0.0000,0.0024
2017-04-18,-0.0159,-0.0090,-0.0140
2017-04-19,0.0027,0.0013,-0.0018
2017-04-20,0.0148,0.0009,-0.0020
2017-04-21,-0.0037,0.0018,0.0016
2017-04-24,0.0414,0.0337,-0.0161
2017-04-25,0.0017,0.0010,0.0199
2017-04-26,0.0019,0.0005,0.0089
2017-04-27,-0.0031,-0.0023,-0.0029
2017-04-28,-0.0008,-0.0005,-0.0035
2017-05-01,0.0000,0.0000,-0.0033
2017-05-02,0.0070,0.0056,0.0080
2017-05-03,-0.0006,0.0016,-0.0051
2017-05-04,0.0135,0.0096,-0.0004
2017-05-05,0.0112,0.0055,0.0061
2017-05-08,-0.0091,-0.0018,0.0041
2017-05-09,0.0028,0.0043,0.0099
2017-05-10,0.0005,0.0007,0.0019
2017-05-11,-0.0032,-0.0036,0.0001
2017-05-12,0.0041,0.0047,0.0021
2017-05-15,0.0022,0.0029,-0.0006
2017-05-16,-0.0021,-0.0002,-0.0005
2017-05-17,-0.0163,-0.0135,-0.0040
2017-05-18,-0.0053,-0.0033,-0.0050
2017-05-19,0.0066,0.0039,0.0005
2017-05-22,-0.0003,-0.0015,-0.0020
2017-05-23,0.0047,0.0031,-0.0027
2017-05-24,-0.0013,-0.0013,0.0056
2017-05-25,-0.0008,-0.0017,-0.0030
2017-05-26,-0.0001,-0.0015,-0.0057
2017-05-30,-0.0058,-0.0003,0.0034
2017-05-31,-0.0042,0.0013,-0.0023
2017-06-01,0.0066,0.0040,0.0032
2017-06-02,0.0047,0.0125,-0.0055
2017-06-05,-0.0066,0.0000,0.0030
2017-06-06,-0.0073,-0.0104,-0.0050
2017-06-07,-0.0007,-0.0014,-0.0004
2017-06-08,-0.0002,0.0032,-0.0011
2017-06-09,0.0067,0.0080,-0.0126
2017-06-12,-0.0112,-0.0098,0.0009
2017-06-13,0.0040,0.0059,0.0033
2017-06-14,-0.0035,0.0032,-0.0049
2017-06-15,-0.0050,-0.0089,0.0012
2017-06-16,0.0089,0.0048,0.0051
2017-06-19,0.0090,0.0107,0.0070
2017-06-20,-0.0032,-0.0058,-0.0141
2017-06-21,-0.0037,-0.0032,-0.0011
2017-06-22,0.0015,0.0015,-0.0027
2017-06-23,-0.0030,-0.0047,0.0004
2017-06-26,0.0056,0.0029,-0.0001
2017-06-27,-0.0070,-0.0078,-0.0019
2017-06-28,-0.0011,-0.0019,-0.0024
2017-06-29,-0.0188,-0.0183,-0.0061
2017-06-30,-0.0065,-0.0073,-0.0037
2017-07-03,0.0147,0.0122,0.0074
2017-07-05,-0.0030,-0.0017,0.0018
2017-07-06,-0.0053,-0.0058,-0.0090
2017-07-07,-0.0014,0.0006,-0.0023
2017-07-10,0.0040,0.0046,0.0012
2017-07-11,-0.0048,-0.0007,-0.0099
2017-07-12,0.0159,0.0152,0.0151
2017-07-13,0.0025,0.0012,0.0049
2017-07-14,0.0000,-0.0008,0.0033
2017-07-17,-0.0010,-0.0035,0.0005
2017-07-18,-0.0109,-0.0125,-0.0148
2017-07-19,0.0083,0.0017,0.0126
2017-07-20,-0.0032,-0.0004,-0.0067
2017-07-21,-0.0157,-0.0166,-0.0062
2017-07-24,0.0020,-0.0025,-0.0046
2017-07-25,0.0065,0.0045,0.0060
2017-07-26,0.0056,0.0033,0.0059
2017-07-27,-0.0006,-0.0076,-0.0019
2017-07-28,-0.0107,-0.0040,-0.0144
2017-07-31,-0.0073,-0.0037,0.0013
2017-08-01,0.0065,0.0110,0.0094
2017-08-02,-0.0039,-0.0057,-0.0064
2017-08-03,0.0046,-0.0022,0.0002
2017-08-04,0.0142,0.0118,0.0076
2017-08-07,0.0009,-0.0033,-0.0024
2017-08-08,0.0021,0.0028,0.0013
2017-08-09,-0.0140,-0.0112,-0.0038
2017-08-10,-0.0059,-0.0115,-0.0149
2017-08-11,-0.0106,0.0000,-0.0151
2017-08-14,0.0120,0.0126,0.0074
2017-08-15,0.0036,0.0010,-0.0009
2017-08-16,0.0071,0.0071,0.0094
2017-08-17,-0.0057,-0.0049,-0.0020
2017-08-18,-0.0064,-0.0031,-0.0176
2017-08-21,-0.0052,-0.0082,-0.0025
2017-08-22,0.0087,0.0135,0.0074
2017-08-23,-0.0032,-0.0045,-0.0073
2017-08-24,-0.0004,0.0005,0.0040
2017-08-25,-0.0017,-0.0011,-0.0002
2017-08-28,-0.0048,-0.0037,-0.0031
2017-08-29,-0.0094,-0.0146,-0.0129
2017-08-30,0.0049,0.0047,0.0109
2017-08-31,0.0058,0.0044,0.0082
2017-09-01,0.0074,0.0072,0.0087
2017-09-05,-0.0072,-0.0016,-0.0080
2017-09-06,0.0029,0.0075,-0.0007
2017-09-07,0.0026,0.0067,0.0029
2017-09-08,-0.0002,0.0006,0.0018
2017-09-11,0.0124,0.0139,0.0078
2017-09-12,0.0062,0.0040,0.0070
2017-09-13,0.0016,0.0023,-0.0027
2017-09-14,0.0015,-0.0010,0.0017
2017-09-15,-0.0022,-0.0017,-0.0005
2017-09-18,0.0030,0.0032,0.0014
2017-09-19,0.0016,0.0002,0.0003
2017-09-20,0.0008,0.0006,0.0014
2017-09-21,0.0049,0.0025,0.0047
2017-09-22,0.0027,-0.0006,-0.0001
2017-09-25,-0.0027,0.0002,0.0043
2017-09-26,0.0003,0.0008,0.0015
2017-09-27,0.0025,0.0041,0.0044
2017-09-28,0.0022,0.0037,0.0014
2017-09-29,0.0068,0.0098,0.0018
2017-10-02,0.0039,0.0058,0.0052
2017-10-03,0.0032,0.0000,0.0001
2017-10-04,-0.0008,0.0053,0.0019
2017-10-05,0.0030,-0.0002,-0.0016
2017-10-06,-0.0036,-0.0009,-0.0057
2017-10-09,0.0011,0.0016,0.0033
2017-10-10,-0.0004,-0.0021,0.0038
2017-10-11,-0.0002,0.0017,-0.0052
2017-10-12,-0.0003,0.0009,0.0011
2017-10-13,-0.0017,0.0007,0.0089
2017-10-16,0.0021,0.0009,-0.0003
2017-10-17,-0.0003,-0.0007,-0.0061
2017-10-18,0.0042,0.0037,0.0019
2017-10-19,-0.0029,-0.0041,-0.0068
2017-10-20,0.0008,0.0001,0.0045
2017-10-23,0.0027,0.0009,0.0037
2017-10-24,0.0015,0.0008,-0.0063
2017-10-25,-0.0037,-0.0046,-0.0042
2017-10-26,0.0150,0.0139,0.0078
2017-10-27,0.0071,0.0064,0.0086
2017-10-30,-0.0001,0.0009,0.0003
2017-10-31,0.0018,0.0000,0.0051
2017-11-01,0.0020,0.0178,0.0005
2017-11-02,-0.0007,-0.0018,-0.0103
2017-11-03,0.0014,0.0028,0.0058
2017-11-06,-0.0019,-0.0007,0.0070
2017-11-07,-0.0048,-0.0066,-0.0044
2017-11-08,-0.0017,0.0002,-0.0016
2017-11-09,-0.0116,-0.0149,-0.0085
2017-11-10,-0.0050,-0.0042,-0.0022
2017-11-13,-0.0073,-0.0040,-0.0085
2017-11-14,-0.0049,-0.0031,-0.0098
2017-11-15,-0.0027,-0.0044,-0.0005
2017-11-16,0.0066,0.0055,0.0015
2017-11-17,-0.0032,-0.0041,-0.0012
2017-11-20,0.0040,0.0050,0.0088
2017-11-21,0.0048,0.0083,0.0021
2017-11-22,-0.0025,-0.0116,0.0004
2017-11-24,0.0070,0.0034,-0.0087
2017-11-27,-0.0056,-0.0046,-0.0030
2017-11-28,0.0057,0.0046,-0.0039
2017-11-29,0.0014,0.0002,0.0168
2017-11-30,-0.0047,-0.0029,-0.0058
2017-12-01,-0.0104,-0.0125,-0.0022
2017-12-04,0.0136,0.0153,0.0057
2017-12-05,-0.0026,-0.0008,-0.0016
2017-12-06,-0.0002,-0.0038,0.0010
2017-12-07,0.0018,0.0036,-0.0013
2017-12-08,0.0028,0.0083,0.0099
2017-12-11,-0.0023,-0.0023,0.0027
2017-12-12,0.0075,0.0046,0.0087
2017-12-13,-0.0051,-0.0044,0.0006
2017-12-14,-0.0078,-0.0044,-0.0039
2017-12-15,-0.0015,0.0027,-0.0018
2017-12-18,0.0133,0.0159,0.0088
2017-12-19,-0.0069,-0.0072,-0.0023
2017-12-20,-0.0056,-0.0111,-0.0042
2017-12-21,0.0062,0.0031,0.0080
2017-12-22,-0.0039,-0.0028,0.0019
2017-12-26,0.0000,0.0000,-0.0027
2017-12-27,0.0008,-0.0002,0.0040
2017-12-28,-0.0055,-0.0069,-0.0006
2017-12-29,-0.0050,-0.0048,0.0089
2018-01-02,-0.0045,-0.0036,0.0008
2018-01-03,0.0081,0.0083,-0.0054
2018-01-04,0.0155,0.0146,0.0018
2018-01-05,0.0105,0.0115,0.0080
2018-01-08,0.0030,0.0036,0.0025
2018-01-09,0.0067,0.0013,0.0040
2018-01-10,-0.0035,-0.0078,-0.0019
2018-01-11,-0.0029,-0.0059,-0.0036
2018-01-12,0.0052,0.0032,0.0055
2018-01-16,-0.0006,0.0001,-0.0034
2018-01-17,-0.0036,-0.0047,0.0034
2018-01-18,0.0002,0.0074,-0.0001
2018-01-19,0.0058,0.0115,-0.0015
2018-01-22,0.0028,0.0022,0.0043
2018-01-23,-0.0012,0.0071,0.0025
2018-01-24,-0.0072,-0.0107,-0.0038
2018-01-25,-0.0025,-0.0087,-0.0075
2018-01-26,0.0087,0.0031,0.0037
2018-01-29,-0.0014,-0.0012,-0.0018
2018-01-30,-0.0087,-0.0095,-0.0114
2018-01-31,0.0015,-0.0006,-0.0039
2018-02-01,-0.0050,-0.0141,-0.0056
2018-02-02,-0.0164,-0.0168,-0.0116
2018-02-05,-0.0148,-0.0076,-0.0203
2018-02-06,-0.0235,-0.0232,-0.0276
2018-02-07,0.0182,0.0160,0.0219
2018-02-08,-0.0198,-0.0262,-0.0040
2018-02-09,-0.0141,-0.0125,-0.0129
2018-02-12,0.0120,0.0145,-0.0015
2018-02-13,-0.0060,-0.0070,-0.0029
2018-02-14,0.0110,0.0117,0.0087
2018-02-15,0.0111,0.0006,0.0041
2018-02-16,0.0113,0.0086,0.0095
2018-02-20,0.0016,0.0029,-0.0003
2018-02-21,0.0023,-0.0014,0.0042
2018-02-22,0.0013,-0.0007,-0.0068
2018-02-23,0.0015,0.0018,0.0034
2018-02-26,0.0051,0.0035,0.0040
2018-02-27,-0.0001,-0.0029,-0.0008
2018-02-28,-0.0044,-0.0044,-0.0111
2018-03-01,-0.0109,-0.0197,-0.0101
2018-03-02,-0.0239,-0.0227,-0.0219
2018-03-05,0.0060,0.0149,0.0108
2018-03-06,0.0006,0.0019,0.0012
2018-03-07,0.0034,0.0109,0.0022
2018-03-08,0.0128,0.0090,0.0079
2018-03-09,0.0039,-0.0007,0.0067
2018-03-12,0.0004,0.0058,0.0006
2018-03-13,-0.0064,-0.0159,-0.0106
2018-03-14,-0.0018,0.0014,-0.0008
2018-03-15,0.0065,0.0088,0.0033
2018-03-16,0.0029,0.0036,0.0053
2018-03-19,-0.0113,-0.0139,0.0039
2018-03-20,0.0057,0.0074,-0.0103
2018-03-21,-0.0024,0.0001,0.0009
2018-03-22,-0.0138,-0.0170,-0.0136
2018-03-23,-0.0139,-0.0177,-0.0044
2018-03-26,-0.0057,-0.0083,-0.0062
2018-03-27,0.0098,0.0156,0.0136
2018-03-28,0.0029,-0.0025,0.0070
2018-03-29,0.0072,0.0131,0.0008
2018-04-02,0.0000,0.0000,0.0009
2018-04-03,-0.0029,-0.0078,0.0023
2018-04-04,-0.0020,-0.0037,-0.0030
2018-04-05,0.0262,0.0290,0.0225
2018-04-06,-0.0035,-0.0052,0.0015
2018-04-09,0.0010,0.0017,0.0000
2018-04-10,0.0084,0.0111,0.0104
2018-04-11,-0.0056,-0.0083,-0.0018
2018-04-12,0.0059,0.0098,0.0076
2018-04-13,0.0011,0.0022,0.0012
2018-04-16,-0.0004,-0.0041,-0.0065
2018-04-17,0.0076,0.0157,0.0042
2018-04-18,0.0050,0.0004,0.0048
2018-04-19,0.0021,-0.0019,0.0021
2018-04-20,0.0039,-0.0021,-0.0019
2018-04-23,0.0048,0.0025,0.0035
2018-04-24,0.0010,-0.0017,0.0045
2018-04-25,-0.0057,-0.0102,-0.0047
2018-04-26,0.0074,0.0063,0.0105
2018-04-27,0.0054,0.0064,0.0017
2018-04-30,0.0068,0.0025,-0.0001
