date,EZU,EEM
2010-01-04,38.48,42.71
2010-01-05,38.60,43.02
2010-01-06,38.76,43.11
2010-01-07,38.58,42.86
2010-01-08,38.91,43.20
2010-01-11,39.16,43.11
2010-01-12,38.59,42.42
2010-01-13,38.87,42.55
2010-01-14,38.95,42.44
2010-01-15,37.95,41.95
2010-01-19,38.35,42.80
2010-01-20,37.18,41.77
2010-01-21,36.02,40.51
2010-01-22,35.33,39.61
2010-01-25,35.81,39.90
2010-01-26,35.67,39.07
2010-01-27,35.57,38.97
2010-01-28,34.79,38.70
2010-01-29,34.49,38.28
2010-02-01,35.17,39.31
2010-02-02,36.03,39.63
2010-02-03,35.35,39.40
2010-02-04,33.50,37.62
2010-02-05,32.86,37.20
2010-02-08,32.53,36.83
2010-02-09,33.77,38.03
2010-02-10,33.58,37.93
2010-02-11,33.52,38.93
2010-02-12,33.11,38.44
2010-02-16,34.06,39.43
2010-02-17,33.95,39.57
2010-02-18,34.20,39.72
2010-02-19,34.10,39.38
2010-02-22,34.04,39.43
2010-02-23,33.40,38.52
2010-02-24,33.51,38.89
2010-02-25,33.17,38.57
2010-02-26,33.46,38.96
2010-03-01,33.86,39.62
2010-03-02,34.29,40.07
2010-03-03,34.73,40.12
2010-03-04,34.64,39.91
2010-03-05,35.50,40.95
2010-03-08,35.46,40.98
2010-03-09,35.43,41.21
2010-03-10,35.65,41.50
2010-03-11,35.82,41.51
2010-03-12,35.98,41.37
2010-03-15,35.76,41.07
2010-03-16,36.24,41.60
2010-03-17,36.35,42.05
2010-03-18,36.01,41.73
2010-03-19,35.58,41.19
2010-03-22,35.50,41.34
2010-03-23,35.75,41.63
2010-03-24,35.05,41.01
2010-03-25,35.27,40.90
2010-03-26,35.69,41.10
2010-03-29,35.98,41.84
2010-03-30,35.83,42.00
2010-03-31,35.93,42.12
2010-04-01,36.58,43.22
2010-04-05,36.65,43.61
2010-04-06,36.43,43.74
2010-04-07,35.96,43.36
2010-04-08,35.90,43.51
2010-04-09,36.55,43.78
2010-04-12,36.92,43.43
2010-04-13,36.94,43.34
2010-04-14,37.34,43.98
2010-04-15,37.16,43.74
2010-04-16,36.23,42.46
2010-04-19,36.10,42.29
2010-04-20,36.49,42.79
2010-04-21,36.06,42.65
2010-04-22,35.56,42.83
2010-04-23,35.89,43.06
2010-04-26,35.75,43.06
2010-04-27,33.90,41.52
2010-04-28,33.63,41.87
2010-04-29,34.32,42.56
2010-04-30,34.15,42.05
2010-05-03,34.30,42.28
2010-05-04,32.65,40.34
2010-05-05,31.68,39.61
2010-05-06,29.85,37.99
2010-05-07,29.69,38.19
2010-05-10,32.52,40.94
2010-05-11,32.00,40.20
2010-05-12,32.48,40.70
2010-05-13,31.92,40.32
2010-05-14,30.56,39.49
2010-05-17,30.79,39.25
2010-05-18,30.13,38.43
2010-05-19,30.51,38.06
2010-05-20,29.45,36.17
2010-05-21,30.38,37.34
2010-05-24,29.38,36.95
2010-05-25,29.22,36.55
2010-05-26,28.48,36.53
2010-05-27,30.50,38.74
2010-05-28,29.84,38.10
2010-06-01,29.36,37.40
2010-06-02,30.38,38.71
2010-06-03,30.20,38.57
2010-06-04,28.48,37.20
2010-06-07,28.14,36.62
2010-06-08,28.46,37.46
2010-06-09,28.50,37.26
2010-06-10,29.94,38.56
2010-06-11,30.19,38.76
2010-06-14,30.52,38.77
2010-06-15,31.79,39.94
2010-06-16,31.56,39.94
2010-06-17,31.76,39.74
2010-06-18,31.79,39.92
2010-06-21,31.67,40.61
2010-06-22,31.25,39.83
2010-06-23,30.79,39.67
2010-06-24,30.08,38.97
2010-06-25,30.19,39.43
2010-06-28,29.97,39.16
2010-06-29,28.70,37.57
2010-06-30,28.55,37.32
2010-07-01,29.25,37.59
2010-07-02,29.11,37.75
2010-07-06,29.79,38.45
2010-07-07,30.97,39.30
2010-07-08,31.30,39.49
2010-07-09,31.28,39.97
2010-07-12,31.10,39.65
2010-07-13,31.93,40.11
2010-07-14,31.93,40.03
2010-07-15,32.26,39.84
2010-07-16,31.28,38.65
2010-07-19,31.58,39.16
2010-07-20,31.52,40.08
2010-07-21,30.81,39.67
2010-07-22,32.24,40.87
2010-07-23,32.56,41.15
2010-07-26,32.94,41.43
2010-07-27,33.12,41.36
2010-07-28,32.89,41.13
2010-07-29,32.98,41.20
2010-07-30,32.84,41.40
2010-08-02,34.23,42.47
2010-08-03,34.24,42.27
2010-08-04,34.23,42.33
2010-08-05,34.16,42.14
2010-08-06,34.18,42.08
2010-08-09,34.25,42.30
2010-08-10,33.91,41.72
2010-08-11,32.06,40.39
2010-08-12,31.87,40.46
2010-08-13,31.62,40.68
2010-08-16,31.72,41.06
2010-08-17,32.31,41.49
2010-08-18,32.23,41.46
2010-08-19,31.50,41.14
2010-08-20,30.96,41.02
2010-08-23,30.89,40.65
2010-08-24,30.40,40.13
2010-08-25,30.37,39.87
2010-08-26,30.28,39.62
2010-08-27,30.98,40.49
2010-08-30,30.33,39.82
2010-08-31,30.55,40.06
2010-09-01,31.81,41.47
2010-09-02,32.16,41.54
2010-09-03,32.54,42.03
2010-09-07,31.72,41.42
2010-09-08,31.93,41.87
2010-09-09,32.17,42.11
2010-09-10,32.38,42.26
2010-09-13,33.12,43.27
2010-09-14,33.42,43.25
2010-09-15,33.49,43.31
2010-09-16,33.52,43.09
2010-09-17,33.21,43.02
2010-09-20,33.80,43.70
2010-09-21,34.03,43.57
2010-09-22,34.10,43.60
2010-09-23,33.54,43.32
2010-09-24,34.80,44.12
2010-09-27,34.50,44.04
2010-09-28,34.86,44.36
2010-09-29,34.71,44.51
2010-09-30,34.63,44.77
2010-10-01,34.89,45.43
2010-10-04,34.31,45.29
2010-10-05,35.55,46.11
2010-10-06,35.82,46.09
2010-10-07,35.86,45.68
2010-10-08,36.00,46.23
2010-10-11,35.82,46.20
2010-10-12,35.96,46.01
2010-10-13,36.59,46.86
2010-10-14,36.92,46.78
2010-10-15,36.78,46.72
2010-10-18,38.00,46.74
2010-10-19,35.96,45.26
2010-10-20,36.79,45.98
2010-10-21,36.87,45.98
2010-10-22,37.05,46.03
2010-10-25,37.15,46.53
2010-10-26,36.80,46.49
2010-10-27,36.35,45.70
2010-10-28,36.77,45.99
2010-10-29,36.73,46.12
2010-11-01,36.40,46.63
2010-11-02,37.17,47.21
2010-11-03,37.31,47.50
2010-11-04,37.97,48.58
2010-11-05,37.46,48.49
2010-11-08,37.12,48.29
2010-11-09,36.78,47.68
2010-11-10,36.70,48.03
2010-11-11,36.12,47.56
2010-11-12,35.93,46.41
2010-11-15,35.92,46.39
2010-11-16,35.05,45.17
2010-11-17,35.32,45.40
2010-11-18,36.18,46.48
2010-11-19,36.41,46.51
2010-11-22,35.82,46.37
2010-11-23,34.43,44.90
2010-11-24,34.70,45.94
2010-11-26,34.05,44.80
2010-11-29,33.31,45.15
2010-11-30,32.66,44.78
2010-12-01,33.90,46.06
2010-12-02,34.79,46.97
2010-12-03,35.30,47.14
2010-12-06,34.84,47.06
2010-12-07,35.10,46.84
2010-12-08,35.34,46.54
2010-12-09,35.38,46.38
2010-12-10,35.44,46.59
2010-12-13,35.89,46.89
2010-12-14,35.87,46.96
2010-12-15,35.19,46.20
2010-12-16,35.40,46.33
2010-12-17,35.15,46.40
2010-12-20,35.12,46.19
2010-12-21,35.16,46.50
2010-12-22,35.14,46.66
2010-12-23,35.11,46.61
2010-12-27,34.81,46.46
2010-12-28,34.71,46.50
2010-12-29,35.02,47.07
2010-12-30,34.87,47.31
2010-12-31,35.27,47.64
2011-01-03,35.47,48.10
2011-01-04,35.40,48.32
2011-01-05,35.05,48.20
2011-01-06,34.48,47.69
2011-01-07,34.10,47.25
2011-01-10,33.79,46.76
2011-01-11,34.11,47.26
2011-01-12,35.45,48.21
2011-01-13,35.99,47.79
2011-01-14,36.50,47.93
2011-01-18,36.69,47.86
2011-01-19,36.64,47.49
2011-01-20,36.72,46.97
2011-01-21,37.32,46.48
2011-01-24,37.59,46.84
2011-01-25,37.53,46.56
2011-01-26,37.63,46.97
2011-01-27,38.09,46.81
2011-01-28,37.04,45.33
2011-01-31,37.51,45.81
2011-02-01,38.57,46.92
2011-02-02,38.35,46.57
2011-02-03,38.04,46.51
2011-02-04,37.91,46.50
2011-02-07,38.10,46.56
2011-02-08,38.49,46.58
2011-02-09,38.72,45.51
2011-02-10,38.24,45.08
2011-02-11,38.19,45.63
2011-02-14,38.02,45.40
2011-02-15,37.97,45.49
2011-02-16,38.44,45.87
2011-02-17,38.64,46.03
2011-02-18,38.80,46.31
2011-02-22,37.60,44.83
2011-02-23,37.63,44.87
2011-02-24,37.71,44.98
2011-02-25,38.13,45.52
2011-02-28,38.61,45.79
2011-03-01,37.90,45.32
2011-03-02,38.16,45.94
2011-03-03,38.76,46.85
2011-03-04,38.27,46.90
2011-03-07,38.12,46.24
2011-03-08,38.20,46.86
2011-03-09,38.18,46.95
2011-03-10,37.32,45.56
2011-03-11,37.50,46.03
2011-03-14,37.35,46.30
2011-03-15,36.49,45.53
2011-03-16,35.14,44.60
2011-03-17,36.36,45.15
2011-03-18,36.90,45.23
2011-03-21,38.03,46.10
2011-03-22,37.78,46.24
2011-03-23,37.73,46.85
2011-03-24,38.58,47.39
2011-03-25,38.18,47.34
2011-03-28,38.19,47.10
2011-03-29,38.44,47.64
2011-03-30,38.83,48.25
2011-03-31,38.74,48.67
2011-04-01,39.18,49.45
2011-04-04,39.32,49.87
2011-04-05,39.31,49.77
2011-04-06,39.84,50.04
2011-04-07,39.68,49.99
2011-04-08,39.99,50.04
2011-04-11,39.87,49.45
2011-04-12,39.57,48.52
2011-04-13,39.58,48.92
2011-04-14,39.65,49.07
2011-04-15,39.45,49.13
2011-04-18,38.23,47.90
2011-04-19,38.56,48.59
2011-04-20,39.76,49.74
2011-04-21,40.03,50.18
2011-04-25,40.21,49.77
2011-04-26,40.64,50.20
2011-04-27,41.50,50.11
2011-04-28,41.74,49.70
2011-04-29,41.83,50.00
2011-05-02,41.80,50.01
2011-05-03,41.66,48.90
2011-05-04,41.18,48.09
2011-05-05,40.02,47.63
2011-05-06,39.69,48.25
2011-05-09,39.79,48.34
2011-05-10,40.39,48.91
2011-05-11,39.55,47.83
2011-05-12,39.76,47.97
2011-05-13,38.96,46.92
2011-05-16,38.95,46.85
2011-05-17,38.99,47.00
2011-05-18,39.21,47.76
2011-05-19,39.78,47.45
2011-05-20,38.77,47.07
2011-05-23,37.85,46.09
2011-05-24,37.99,46.55
2011-05-25,38.21,46.65
2011-05-26,38.41,47.25
2011-05-27,38.67,47.75
2011-05-31,39.84,48.53
2011-06-01,38.70,47.66
2011-06-02,39.10,48.11
2011-06-03,39.43,47.87
2011-06-06,38.68,47.10
2011-06-07,39.18,47.47
2011-06-08,38.48,47.13
2011-06-09,39.01,47.50
2011-06-10,37.80,46.47
2011-06-13,37.91,46.39
2011-06-14,38.74,47.09
2011-06-15,37.15,46.08
2011-06-16,37.11,45.73
2011-06-17,37.91,45.79
2011-06-20,37.79,45.72
2011-06-21,38.79,46.56
2011-06-22,37.52,45.64
2011-06-23,36.98,45.58
2011-06-24,36.20,45.50
2011-06-27,36.69,46.03
2011-06-28,37.31,46.66
2011-06-29,38.07,47.09
2011-06-30,38.83,47.60
2011-07-01,39.28,48.16
2011-07-05,38.70,48.14
2011-07-06,38.24,47.82
2011-07-07,38.59,48.48
2011-07-08,37.64,47.93
2011-07-11,35.77,46.59
2011-07-12,35.46,46.12
2011-07-13,36.06,46.87
2011-07-14,35.79,46.37
2011-07-15,35.81,46.66
2011-07-18,35.19,46.12
2011-07-19,35.71,46.79
2011-07-20,36.31,46.93
2011-07-21,37.52,47.68
2011-07-22,37.61,47.65
2011-07-25,37.25,47.55
2011-07-26,37.40,47.71
2011-07-27,36.29,46.87
2011-07-28,35.89,46.91
2011-07-29,35.90,47.11
2011-08-01,35.02,47.07
2011-08-02,33.63,45.62
2011-08-03,33.97,45.46
2011-08-04,31.36,42.86
2011-08-05,32.47,42.58
2011-08-08,29.48,39.03
2011-08-09,31.31,41.32
2011-08-10,28.98,39.13
2011-08-11,30.36,41.29
2011-08-12,31.30,41.27
2011-08-15,32.24,42.23
2011-08-16,31.52,41.87
2011-08-17,31.62,42.17
2011-08-18,29.87,40.18
2011-08-19,29.17,39.68
2011-08-22,29.47,39.64
2011-08-23,30.51,41.03
2011-08-24,30.72,40.63
2011-08-25,29.92,39.84
2011-08-26,30.27,40.52
2011-08-29,31.15,41.83
2011-08-30,30.91,41.89
2011-08-31,31.52,42.75
2011-09-01,30.92,42.52
2011-09-02,29.86,41.56
2011-09-06,28.41,41.13
2011-09-07,29.43,42.35
2011-09-08,28.70,41.41
2011-09-09,27.19,40.01
2011-09-12,26.78,39.93
2011-09-13,27.11,39.99
2011-09-14,28.02,39.88
2011-09-15,29.05,40.46
2011-09-16,28.91,40.53
2011-09-19,27.93,39.33
2011-09-20,27.99,39.04
2011-09-21,27.12,37.59
2011-09-22,26.07,34.95
2011-09-23,26.40,35.88
2011-09-26,27.22,36.42
2011-09-27,28.17,37.58
2011-09-28,27.69,36.45
2011-09-29,28.57,36.95
2011-09-30,27.32,35.10
2011-10-03,26.16,34.36
2011-10-04,26.86,34.89
2011-10-05,27.56,35.70
2011-10-06,28.57,36.88
2011-10-07,28.30,36.44
2011-10-10,29.74,38.07
2011-10-11,29.65,38.09
2011-10-12,30.56,39.16
2011-10-13,30.40,38.81
2011-10-14,30.85,39.59
2011-10-17,29.68,38.25
2011-10-18,30.32,39.27
2011-10-19,29.71,38.52
2011-10-20,29.59,37.78
2011-10-21,30.65,38.86
2011-10-24,31.08,40.38
2011-10-25,30.49,39.58
2011-10-26,30.93,40.31
2011-10-27,33.24,42.76
2011-10-28,32.77,42.40
2011-10-31,30.77,40.81
2011-11-01,29.15,39.82
2011-11-02,29.56,41.04
2011-11-03,30.80,41.46
2011-11-04,29.94,41.19
2011-11-07,30.02,41.54
2011-11-08,30.62,42.03
2011-11-09,28.46,39.57
2011-11-10,29.04,39.83
2011-11-11,30.12,40.79
2011-11-14,29.27,40.23
2011-11-15,29.00,40.48
2011-11-16,28.43,39.39
2011-11-17,28.04,38.39
2011-11-18,28.31,38.54
2011-11-21,27.45,37.30
2011-11-22,27.21,37.43
2011-11-23,26.27,36.22
2011-11-25,26.09,36.10
2011-11-28,27.66,37.83
2011-11-29,27.82,37.66
2011-11-30,29.47,40.01
2011-12-01,29.21,39.89
2011-12-02,29.19,39.77
2011-12-05,29.56,40.42
2011-12-06,29.55,39.87
2011-12-07,29.64,40.03
2011-12-08,28.34,38.59
2011-12-09,29.22,39.37
2011-12-12,28.00,37.89
2011-12-13,27.26,37.54
2011-12-14,26.87,37.00
2011-12-15,27.02,37.24
2011-12-16,26.83,37.52
2011-12-19,26.70,36.55
2011-12-20,27.60,37.72
2011-12-21,27.37,37.84
2011-12-22,27.74,38.34
2011-12-23,27.87,38.49
2011-12-27,27.80,38.12
2011-12-28,27.21,37.48
2011-12-29,27.81,37.91
2011-12-30,27.90,37.94
2012-01-03,28.85,39.10
2012-01-04,28.37,38.88
2012-01-05,27.76,38.71
2012-01-06,27.30,38.22
2012-01-09,27.51,38.62
2012-01-10,28.05,39.46
2012-01-11,27.96,39.49
2012-01-12,28.33,39.65
2012-01-13,27.73,39.29
2012-01-17,28.40,40.04
2012-01-18,28.98,41.05
2012-01-19,29.56,41.41
2012-01-20,29.54,41.38
2012-01-23,29.82,41.78
2012-01-24,29.66,41.84
2012-01-25,30.06,42.31
2012-01-26,30.18,42.14
2012-01-27,30.23,42.36
2012-01-30,29.72,41.75
2012-01-31,29.87,42.11
2012-02-01,30.51,43.04
2012-02-02,30.64,43.16
2012-02-03,31.16,43.88
2012-02-06,30.91,43.51
2012-02-07,31.25,43.60
2012-02-08,31.48,43.91
2012-02-09,31.58,43.89
2012-02-10,30.80,42.92
2012-02-13,31.03,43.62
2012-02-14,30.73,43.26
2012-02-15,30.55,43.38
2012-02-16,31.01,43.85
2012-02-17,31.36,43.93
2012-02-21,31.58,43.75
2012-02-22,31.36,43.83
2012-02-23,31.61,43.75
2012-02-24,31.91,44.19
2012-02-27,31.65,43.75
2012-02-28,31.95,44.36
2012-02-29,31.51,44.33
2012-03-01,32.05,44.75
2012-03-02,31.69,44.64
2012-03-05,31.61,43.87
2012-03-06,30.14,42.40
2012-03-07,30.63,42.91
2012-03-08,31.61,43.81
2012-03-09,31.27,43.79
2012-03-12,31.37,43.31
2012-03-13,31.86,44.49
2012-03-14,31.69,43.79
2012-03-15,32.15,44.14
2012-03-16,32.38,44.09
2012-03-19,32.60,43.92
2012-03-20,32.25,43.16
2012-03-21,32.01,43.24
2012-03-22,31.55,42.58
2012-03-23,31.80,42.90
2012-03-26,32.37,43.65
2012-03-27,31.90,43.42
2012-03-28,31.57,42.69
2012-03-29,31.22,42.64
2012-03-30,31.55,42.95
2012-04-02,31.91,43.54
2012-04-03,31.08,43.29
2012-04-04,30.17,42.51
2012-04-05,29.85,42.74
2012-04-09,29.67,42.11
2012-04-10,28.90,41.29
2012-04-11,29.39,41.74
2012-04-12,29.91,42.81
2012-04-13,28.96,42.16
2012-04-16,29.30,41.95
2012-04-17,29.91,42.43
2012-04-18,29.40,42.23
2012-04-19,28.98,42.04
2012-04-20,29.35,42.33
2012-04-23,28.62,41.52
2012-04-24,28.95,41.61
2012-04-25,29.67,41.99
2012-04-26,29.87,42.25
2012-04-27,30.09,42.31
2012-04-30,29.78,42.22
2012-05-01,30.01,42.50
2012-05-02,29.57,42.42
2012-05-03,29.23,42.10
2012-05-04,28.75,41.36
2012-05-07,29.08,41.51
2012-05-08,28.69,40.85
2012-05-09,28.17,40.32
2012-05-10,28.38,40.49
2012-05-11,28.31,39.97
2012-05-14,27.60,39.06
2012-05-15,27.06,38.72
2012-05-16,26.89,38.17
2012-05-17,26.55,37.65
2012-05-18,26.58,37.29
2012-05-21,27.23,38.18
2012-05-22,27.08,37.78
2012-05-23,26.79,37.52
2012-05-24,26.44,37.33
2012-05-25,26.46,37.15
2012-05-29,26.66,38.20
2012-05-30,25.85,37.54
2012-05-31,25.94,37.70
2012-06-01,25.21,36.69
2012-06-04,25.54,36.85
2012-06-05,25.61,36.95
2012-06-06,26.50,38.03
2012-06-07,26.44,38.26
2012-06-08,26.45,37.93
2012-06-11,26.08,37.38
2012-06-12,26.43,38.16
2012-06-13,26.25,38.02
2012-06-14,26.58,38.29
2012-06-15,27.08,38.99
2012-06-18,26.72,39.07
2012-06-19,27.40,39.70
2012-06-20,27.65,39.57
2012-06-21,26.14,37.67
2012-06-22,26.41,37.79
2012-06-25,25.57,37.09
2012-06-26,25.57,37.41
2012-06-27,25.88,37.65
2012-06-28,25.88,37.47
2012-06-29,27.45,39.13
2012-07-02,27.61,39.13
2012-07-03,27.87,39.91
2012-07-05,27.03,39.49
2012-07-06,26.34,38.77
2012-07-09,26.35,38.63
2012-07-10,26.16,38.20
2012-07-11,26.28,38.40
2012-07-12,26.01,37.76
2012-07-13,26.44,38.49
2012-07-16,26.42,38.40
2012-07-17,26.62,38.91
2012-07-18,26.84,38.81
2012-07-19,27.07,39.17
2012-07-20,26.18,38.59
2012-07-23,25.46,37.58
2012-07-24,24.99,37.42
2012-07-25,25.26,37.60
2012-07-26,26.48,38.45
2012-07-27,27.46,39.53
2012-07-30,27.34,39.30
2012-07-31,27.18,39.12
2012-08-01,27.15,39.19
2012-08-02,26.32,38.73
2012-08-03,27.87,39.93
2012-08-06,28.22,40.18
2012-08-07,28.60,40.29
2012-08-08,28.46,40.37
2012-08-09,28.32,40.54
2012-08-10,28.35,40.73
2012-08-13,28.28,40.37
2012-08-14,28.33,40.36
2012-08-15,28.29,40.30
2012-08-16,28.83,40.67
2012-08-17,28.97,40.47
2012-08-20,28.90,40.45
2012-08-21,29.30,40.39
2012-08-22,29.28,40.41
2012-08-23,28.92,40.04
2012-08-24,28.87,40.05
2012-08-27,29.04,39.64
2012-08-28,29.16,39.56
2012-08-29,28.99,39.37
2012-08-30,28.52,38.91
2012-08-31,28.98,39.28
2012-09-04,29.13,39.06
2012-09-05,29.09,38.86
2012-09-06,30.17,39.72
2012-09-07,30.76,40.64
2012-09-10,30.41,40.12
2012-09-11,30.96,40.60
2012-09-12,31.25,40.78
2012-09-13,31.64,41.88
2012-09-14,32.12,42.37
2012-09-17,31.94,41.91
2012-09-18,31.50,41.93
2012-09-19,31.65,41.93
2012-09-20,31.40,41.68
2012-09-21,31.50,41.78
2012-09-24,31.29,41.74
2012-09-25,30.99,41.12
2012-09-26,30.47,40.93
2012-09-27,30.83,41.58
2012-09-28,30.05,41.33
2012-10-01,30.39,41.74
2012-10-02,30.66,41.80
2012-10-03,30.56,41.52
2012-10-04,30.94,41.95
2012-10-05,31.20,41.95
2012-10-08,30.90,41.58
2012-10-09,30.29,41.27
2012-10-10,30.15,41.02
2012-10-11,30.49,41.40
2012-10-12,30.47,41.27
2012-10-15,30.77,41.51
2012-10-16,31.55,41.94
2012-10-17,31.96,42.27
2012-10-18,31.83,42.15
2012-10-19,31.31,41.50
2012-10-22,31.50,41.90
2012-10-23,30.71,41.04
2012-10-24,30.57,41.08
2012-10-25,30.62,41.53
2012-10-26,30.75,41.21
2012-10-31,30.82,41.15
2012-11-01,31.18,41.82
2012-11-02,30.83,41.60
2012-11-05,30.64,41.80
2012-11-06,30.98,42.13
2012-11-07,30.38,41.44
2012-11-08,29.97,40.92
2012-11-09,29.87,41.00
2012-11-12,29.95,41.15
2012-11-13,29.81,40.78
2012-11-14,29.70,40.15
2012-11-15,29.77,40.29
2012-11-16,29.48,40.41
2012-11-19,30.26,41.12
2012-11-20,30.47,41.04
2012-11-21,30.59,40.96
2012-11-23,31.44,41.63
2012-11-26,31.35,41.63
2012-11-27,31.13,41.28
2012-11-28,31.44,41.51
2012-11-29,31.73,41.81
2012-11-30,31.87,41.79
2012-12-03,31.97,41.77
2012-12-04,32.18,41.89
2012-12-05,32.22,42.34
2012-12-06,32.19,42.66
2012-12-07,32.04,42.79
2012-12-10,31.99,43.03
2012-12-11,32.34,43.25
2012-12-12,32.55,43.38
2012-12-13,32.51,43.19
2012-12-14,32.78,43.38
2012-12-17,32.84,43.49
2012-12-18,33.08,43.53
2012-12-19,33.23,43.51
2012-12-20,33.40,43.77
2012-12-21,33.20,43.27
2012-12-24,33.06,43.18
2012-12-26,32.99,43.31
2012-12-27,33.30,43.54
2012-12-28,32.72,43.70
2012-12-31,33.46,44.35
2013-01-02,33.71,45.22
2013-01-03,33.24,44.90
2013-01-04,33.55,44.99
2013-01-07,33.41,44.65
2013-01-08,33.31,44.25
2013-01-09,33.34,44.44
2013-01-10,33.96,44.83
2013-01-11,34.25,44.47
2013-01-14,34.23,44.66
2013-01-15,34.12,44.47
2013-01-16,33.98,44.43
2013-01-17,34.46,44.68
2013-01-18,34.35,44.78
2013-01-22,34.40,44.71
2013-01-23,34.29,44.47
2013-01-24,34.51,44.31
2013-01-25,35.16,44.16
2013-01-28,35.13,43.85
2013-01-29,35.18,44.34
2013-01-30,35.09,44.13
2013-01-31,34.72,44.22
2013-02-01,35.28,44.51
2013-02-04,33.88,43.92
2013-02-05,34.22,43.97
2013-02-06,33.95,43.92
2013-02-07,33.45,43.53
2013-02-08,33.69,43.85
2013-02-11,33.59,43.83
2013-02-12,33.99,43.95
2013-02-13,34.18,44.17
2013-02-14,33.85,44.15
2013-02-15,33.62,43.99
2013-02-19,34.20,44.08
2013-02-20,33.65,43.69
2013-02-21,32.93,43.09
2013-02-22,33.55,43.28
2013-02-25,32.36,42.70
2013-02-26,32.59,42.94
2013-02-27,33.27,43.41
2013-02-28,33.12,43.21
2013-03-01,32.93,43.31
2013-03-04,33.10,42.90
2013-03-05,33.56,43.42
2013-03-06,33.62,43.63
2013-03-07,33.99,43.75
2013-03-08,34.04,44.13
2013-03-11,34.13,43.89
2013-03-12,33.98,43.39
2013-03-13,33.84,42.98
2013-03-14,34.29,43.16
2013-03-15,34.24,42.77
2013-03-18,33.65,42.29
2013-03-19,33.37,41.99
2013-03-20,33.78,42.23
2013-03-21,33.30,41.80
2013-03-22,33.68,41.96
2013-03-25,32.89,41.92
2013-03-26,32.90,42.52
2013-03-27,32.42,42.68
2013-03-28,32.65,42.77
2013-04-01,32.47,42.31
2013-04-02,32.97,42.33
2013-04-03,32.78,41.83
2013-04-04,32.87,41.71
2013-04-05,32.58,41.61
2013-04-08,32.72,41.68
2013-04-09,32.95,42.09
2013-04-10,33.55,42.49
2013-04-11,33.75,42.53
2013-04-12,33.60,41.88
2013-04-15,32.77,40.86
2013-04-16,33.33,41.70
2013-04-17,32.31,41.04
2013-04-18,32.20,41.04
2013-04-19,32.47,41.64
2013-04-22,32.72,41.84
2013-04-23,33.45,42.04
2013-04-24,33.81,42.29
2013-04-25,33.83,42.67
2013-04-26,33.87,42.24
2013-04-29,34.53,42.68
2013-04-30,34.53,43.29
2013-05-01,34.29,42.82
2013-05-02,34.46,43.16
2013-05-03,35.00,43.52
2013-05-06,34.98,43.58
2013-05-07,35.17,43.89
2013-05-08,35.59,44.23
2013-05-09,35.18,43.91
2013-05-10,35.31,43.57
2013-05-13,35.13,43.17
2013-05-14,35.23,43.37
2013-05-15,35.28,43.38
2013-05-16,35.10,43.23
2013-05-17,35.41,43.42
2013-05-20,35.54,43.53
2013-05-21,35.62,43.44
2013-05-22,35.30,42.96
2013-05-23,35.31,42.64
2013-05-24,35.18,42.27
2013-05-28,35.51,42.50
2013-05-29,35.37,41.96
2013-05-30,35.72,41.96
2013-05-31,34.98,41.20
2013-06-03,35.33,41.81
2013-06-04,35.09,41.30
2013-06-05,34.61,40.56
2013-06-06,34.91,40.90
2013-06-07,35.19,40.69
2013-06-10,35.24,40.14
2013-06-11,34.81,39.38
2013-06-12,34.69,39.11
2013-06-13,35.11,39.94
2013-06-14,34.79,39.31
2013-06-17,35.24,39.67
2013-06-18,35.49,39.84
2013-06-19,34.75,38.61
2013-06-20,33.59,36.88
2013-06-21,33.22,37.41
2013-06-24,32.66,36.65
2013-06-25,32.97,37.43
2013-06-26,33.28,38.02
2013-06-27,32.72,38.28
2013-06-28,32.48,38.50
2013-07-01,32.83,38.62
2013-07-02,32.40,37.93
2013-07-03,32.37,37.58
2013-07-05,32.41,37.34
2013-07-08,32.84,37.39
2013-07-09,32.89,37.88
2013-07-10,33.12,37.52
2013-07-11,34.01,39.36
2013-07-12,33.70,38.94
2013-07-15,33.87,39.34
2013-07-16,33.93,39.50
2013-07-17,33.95,39.86
2013-07-18,34.33,39.39
2013-07-19,34.42,39.28
2013-07-22,34.58,39.67
2013-07-23,34.75,40.10
2013-07-24,34.99,39.69
2013-07-25,35.32,39.92
2013-07-26,35.29,39.83
2013-07-29,35.14,39.33
2013-07-30,35.10,39.24
2013-07-31,35.32,39.01
2013-08-01,35.84,39.72
2013-08-02,35.99,39.71
2013-08-05,35.91,39.46
2013-08-06,35.69,38.96
2013-08-07,35.88,38.54
2013-08-08,36.38,39.28
2013-08-09,36.42,39.36
2013-08-12,36.27,39.73
2013-08-13,36.43,39.97
2013-08-14,36.51,40.10
2013-08-15,36.47,39.64
2013-08-16,36.56,39.30
2013-08-19,36.17,38.56
2013-08-20,36.14,38.49
2013-08-21,35.86,37.59
2013-08-22,36.39,38.20
2013-08-23,36.57,38.65
2013-08-26,36.30,38.23
2013-08-27,35.36,37.35
2013-08-28,35.24,37.43
2013-08-29,35.10,37.73
2013-08-30,34.68,38.02
2013-09-03,35.15,38.26
2013-09-04,35.28,38.94
2013-09-05,35.28,39.40
2013-09-06,35.58,39.98
2013-09-09,35.91,41.03
2013-09-10,36.53,41.34
2013-09-11,36.87,41.37
2013-09-12,36.69,40.89
2013-09-13,36.87,41.16
2013-09-16,37.18,41.62
2013-09-17,37.34,41.53
2013-09-18,38.38,43.27
2013-09-19,38.20,43.04
2013-09-20,38.02,42.08
2013-09-23,37.86,42.23
2013-09-24,37.91,41.87
2013-09-25,38.05,41.55
2013-09-26,38.03,41.72
2013-09-27,37.99,41.23
2013-09-30,37.73,40.76
2013-10-01,38.19,41.57
2013-10-02,38.28,41.73
2013-10-03,38.02,41.57
2013-10-04,38.12,42.11
2013-10-07,38.00,41.75
2013-10-08,37.71,41.35
2013-10-09,37.79,41.66
2013-10-10,38.61,42.64
2013-10-11,38.72,42.83
2013-10-14,38.85,43.08
2013-10-15,38.73,42.66
2013-10-16,39.10,43.00
2013-10-17,39.55,43.27
2013-10-18,39.82,43.31
2013-10-21,39.86,43.24
2013-10-22,40.28,43.66
2013-10-23,39.99,42.64
2013-10-24,40.17,42.55
2013-10-25,40.12,42.75
2013-10-28,39.93,43.00
2013-10-29,40.13,43.14
2013-10-30,39.91,42.90
2013-10-31,39.78,42.46
2013-11-01,39.53,42.48
2013-11-04,39.78,42.74
2013-11-05,39.30,41.88
2013-11-06,39.70,42.01
2013-11-07,39.01,41.25
2013-11-08,39.26,41.16
2013-11-11,39.49,40.95
2013-11-12,39.33,40.73
2013-11-13,39.48,40.80
2013-11-14,39.56,41.46
2013-11-15,39.75,42.25
2013-11-18,39.88,42.63
2013-11-19,39.71,42.37
2013-11-20,39.24,41.79
2013-11-21,39.62,41.75
2013-11-22,39.95,42.05
2013-11-25,39.91,41.51
2013-11-26,40.06,41.65
2013-11-27,40.27,41.92
2013-11-29,40.36,42.35
2013-12-02,40.06,41.46
2013-12-03,39.55,41.32
2013-12-04,39.22,41.27
2013-12-05,39.02,41.03
2013-12-06,39.55,41.94
2013-12-09,39.62,42.00
2013-12-10,39.49,42.02
2013-12-11,39.22,41.09
2013-12-12,38.92,40.85
2013-12-13,38.92,40.95
2013-12-16,39.48,41.22
2013-12-17,39.22,40.86
2013-12-18,39.69,41.30
2013-12-19,39.79,40.54
2013-12-20,40.04,40.48
2013-12-23,40.43,40.78
2013-12-24,40.64,41.02
2013-12-26,40.90,40.67
2013-12-27,41.04,41.30
2013-12-30,41.25,41.48
2013-12-31,41.38,41.80
2014-01-02,40.37,40.19
2014-01-03,40.26,40.12
2014-01-06,40.38,39.74
2014-01-07,40.78,39.91
2014-01-08,40.74,39.78
2014-01-09,40.73,39.57
2014-01-10,41.13,40.27
2014-01-13,40.84,39.79
2014-01-14,41.38,40.22
2014-01-15,41.70,40.21
2014-01-16,41.64,39.99
2014-01-17,41.18,39.79
2014-01-21,41.44,39.73
2014-01-22,41.36,40.26
2014-01-23,41.35,39.27
2014-01-24,39.95,38.24
2014-01-27,39.81,38.09
2014-01-28,40.41,38.33
2014-01-29,39.79,37.78
2014-01-30,39.98,38.13
2014-01-31,39.27,38.19
2014-02-03,38.47,37.11
2014-02-04,38.92,37.86
2014-02-05,39.05,37.72
2014-02-06,39.95,38.51
2014-02-07,40.48,38.73
2014-02-10,40.30,38.30
2014-02-11,40.96,39.13
2014-02-12,40.97,39.14
2014-02-13,41.37,39.18
2014-02-14,41.59,39.66
2014-02-18,41.72,39.29
2014-02-19,41.36,39.02
2014-02-20,41.58,39.16
2014-02-21,41.70,39.43
2014-02-24,42.02,39.43
2014-02-25,42.00,38.98
2014-02-26,41.72,39.01
2014-02-27,41.86,39.75
2014-02-28,42.01,39.48
2014-03-03,40.77,38.78
2014-03-04,41.74,39.44
2014-03-05,41.78,39.47
2014-03-06,42.32,40.03
2014-03-07,42.04,39.52
2014-03-10,41.84,39.25
2014-03-11,41.59,38.81
2014-03-12,41.49,38.89
2014-03-13,40.38,38.19
2014-03-14,40.48,38.40
2014-03-17,41.18,38.87
2014-03-18,41.65,39.41
2014-03-19,41.06,38.57
2014-03-20,41.17,38.74
2014-03-21,41.02,38.98
2014-03-24,41.03,39.36
2014-03-25,41.57,39.81
2014-03-26,41.60,39.90
2014-03-27,41.67,40.42
2014-03-28,42.10,40.74
2014-03-31,42.27,41.01
2014-04-01,42.72,41.49
2014-04-02,42.65,41.57
2014-04-03,42.67,41.41
2014-04-04,42.51,41.30
2014-04-07,42.34,41.48
2014-04-08,42.33,41.96
2014-04-09,42.90,42.28
2014-04-10,41.98,41.83
2014-04-11,41.73,41.83
2014-04-14,41.82,41.74
2014-04-15,41.55,41.11
2014-04-16,42.14,41.63
2014-04-17,42.38,42.01
2014-04-21,42.46,41.75
2014-04-22,42.79,41.64
2014-04-23,42.62,41.34
2014-04-24,42.62,41.38
2014-04-25,42.29,40.82
2014-04-28,42.46,41.02
2014-04-29,42.81,41.41
2014-04-30,43.05,41.33
2014-05-01,43.08,41.38
2014-05-02,42.89,41.61
2014-05-05,42.86,41.38
2014-05-06,42.67,41.57
2014-05-07,42.87,41.79
2014-05-08,42.98,41.69
2014-05-09,42.68,41.62
2014-05-12,43.09,42.32
2014-05-13,42.97,42.48
2014-05-14,42.85,42.78
2014-05-15,42.45,42.38
2014-05-16,42.42,42.94
2014-05-19,42.49,42.94
2014-05-20,42.31,42.59
2014-05-21,42.64,42.92
2014-05-22,42.57,43.22
2014-05-23,42.74,43.14
2014-05-27,43.32,42.77
2014-05-28,43.17,43.02
2014-05-29,43.32,43.14
2014-05-30,43.41,42.55
2014-06-02,43.43,42.68
2014-06-03,43.25,42.92
2014-06-04,43.19,42.68
2014-06-05,43.84,43.13
2014-06-06,44.19,43.56
2014-06-09,44.09,43.72
2014-06-10,43.98,43.95
2014-06-11,43.56,43.80
2014-06-12,43.55,43.59
2014-06-13,43.38,43.61
2014-06-16,43.39,43.41
2014-06-17,43.41,43.42
2014-06-18,43.84,43.90
2014-06-19,43.93,43.65
2014-06-20,43.75,43.56
2014-06-23,43.59,43.47
2014-06-24,43.29,43.45
2014-06-25,42.47,43.20
2014-06-26,42.36,43.25
2014-06-27,42.32,43.35
2014-06-30,42.32,43.23
2014-07-01,42.67,43.64
2014-07-02,42.66,43.90
2014-07-03,42.94,44.16
2014-07-07,42.26,44.13
2014-07-08,41.62,43.93
2014-07-09,41.85,44.18
2014-07-10,41.17,43.94
2014-07-11,41.17,43.89
2014-07-14,41.43,44.23
2014-07-15,41.06,44.20
2014-07-16,41.50,44.31
2014-07-17,40.74,43.48
2014-07-18,41.12,44.16
2014-07-21,40.79,44.31
2014-07-22,41.02,44.72
2014-07-23,41.15,44.76
2014-07-24,41.50,44.96
2014-07-25,41.02,44.78
2014-07-28,40.92,45.09
2014-07-29,40.88,44.82
2014-07-30,40.77,44.60
2014-07-31,39.80,43.82
2014-08-01,39.41,44.06
2014-08-04,39.65,44.47
2014-08-05,38.89,43.79
2014-08-06,38.89,43.49
2014-08-07,38.29,43.32
2014-08-08,38.86,43.71
2014-08-11,38.88,44.27
2014-08-12,38.73,44.32
2014-08-13,38.97,44.56
2014-08-14,39.19,44.63
2014-08-15,39.08,44.51
2014-08-18,39.41,44.94
2014-08-19,39.46,45.15
2014-08-20,39.30,45.06
2014-08-21,39.69,44.87
2014-08-22,39.39,44.75
2014-08-25,39.87,45.08
2014-08-26,40.16,45.35
2014-08-27,40.32,45.58
2014-08-28,39.93,45.13
2014-08-29,39.87,45.06
2014-09-02,39.98,44.99
2014-09-03,40.40,45.58
2014-09-04,40.36,45.46
2014-09-05,40.59,45.85
2014-09-08,40.13,45.31
2014-09-09,40.04,44.75
2014-09-10,40.08,44.56
2014-09-11,39.89,44.26
2014-09-12,39.85,43.79
2014-09-15,39.81,43.57
2014-09-16,39.91,44.14
2014-09-17,39.84,43.73
2014-09-18,40.14,43.79
2014-09-19,39.90,43.46
2014-09-22,39.74,42.80
2014-09-23,39.18,42.56
2014-09-24,39.42,43.17
2014-09-25,38.67,42.23
2014-09-26,38.93,42.42
2014-09-29,38.48,41.56
2014-09-30,38.50,41.56
2014-10-01,38.06,40.71
2014-10-02,37.53,40.93
2014-10-03,37.42,41.28
2014-10-06,37.65,41.82
2014-10-07,36.79,41.45
2014-10-08,37.51,42.07
2014-10-09,36.34,41.41
2014-10-10,35.80,40.51
2014-10-13,35.81,40.92
2014-10-14,35.93,41.16
2014-10-15,35.56,40.64
2014-10-16,35.04,40.27
2014-10-17,35.93,40.72
2014-10-20,35.97,40.84
2014-10-21,36.59,41.01
2014-10-22,36.07,40.74
2014-10-23,36.69,40.73
2014-10-24,36.85,41.02
2014-10-27,36.53,40.70
2014-10-28,37.24,41.52
2014-10-29,36.67,41.58
2014-10-30,36.89,41.97
2014-10-31,37.40,42.15
2014-11-03,36.92,41.80
2014-11-04,36.73,41.84
2014-11-05,36.97,41.47
2014-11-06,36.88,40.96
2014-11-07,36.71,41.22
2014-11-10,36.91,41.33
2014-11-11,37.17,41.29
2014-11-12,36.61,41.21
2014-11-13,36.76,41.10
2014-11-14,36.90,41.44
2014-11-17,37.04,41.00
2014-11-18,37.73,41.22
2014-11-19,37.71,41.20
2014-11-20,37.49,41.13
2014-11-21,37.95,42.44
2014-11-24,38.54,42.09
2014-11-25,38.76,41.82
2014-11-26,38.92,42.35
2014-11-28,38.85,41.50
2014-12-01,38.78,40.79
2014-12-02,38.71,40.78
2014-12-03,38.63,40.89
2014-12-04,38.43,40.96
2014-12-05,38.79,40.88
2014-12-08,38.44,40.28
2014-12-09,38.11,39.90
2014-12-10,37.59,39.31
2014-12-11,37.46,38.98
2014-12-12,36.68,38.34
2014-12-15,35.95,37.79
2014-12-16,36.36,37.73
2014-12-17,36.55,38.05
2014-12-18,37.31,38.57
2014-12-19,37.01,38.84
2014-12-22,37.26,39.38
2014-12-23,37.28,39.02
2014-12-24,37.55,39.11
2014-12-26,37.51,39.42
2014-12-29,37.21,39.18
2014-12-30,36.74,39.26
2014-12-31,36.33,39.29
2015-01-02,36.37,38.77
2015-01-05,35.01,38.08
2015-01-06,34.65,37.92
2015-01-07,34.95,38.74
2015-01-08,35.44,39.40
2015-01-09,35.11,39.27
2015-01-12,35.21,38.95
2015-01-13,35.39,39.29
2015-01-14,35.46,39.07
2015-01-15,35.37,39.16
2015-01-16,36.06,39.49
2015-01-20,36.36,39.43
2015-01-21,36.72,40.30
2015-01-22,36.86,41.07
2015-01-23,36.55,40.76
2015-01-26,37.30,40.78
2015-01-27,37.19,40.56
2015-01-28,36.34,40.12
2015-01-29,37.33,40.12
2015-01-30,36.68,39.02
2015-02-02,37.13,39.72
2015-02-03,38.11,40.47
2015-02-04,37.33,40.27
2015-02-05,37.98,40.51
2015-02-06,37.12,39.82
2015-02-09,36.81,39.76
2015-02-10,37.31,39.66
2015-02-11,37.22,39.37
2015-02-12,38.20,40.21
2015-02-13,38.29,40.67
2015-02-17,38.34,40.58
2015-02-18,38.44,40.57
2015-02-19,38.40,40.40
2015-02-20,39.01,40.67
2015-02-23,38.76,40.26
2015-02-24,39.12,40.84
2015-02-25,39.03,40.76
2015-02-26,38.81,40.77
2015-02-27,38.96,40.74
2015-03-02,39.07,40.68
2015-03-03,38.67,40.37
2015-03-04,38.48,39.93
2015-03-05,38.66,39.87
2015-03-06,38.00,39.26
2015-03-09,38.13,39.11
2015-03-10,37.22,38.24
2015-03-11,37.49,38.53
2015-03-12,37.81,38.77
2015-03-13,37.56,38.30
2015-03-16,38.21,38.76
2015-03-17,37.97,39.21
2015-03-18,38.64,40.17
2015-03-19,38.00,39.49
2015-03-20,39.08,40.08
2015-03-23,39.27,40.20
2015-03-24,39.43,40.36
2015-03-25,39.16,39.72
2015-03-26,38.79,39.35
2015-03-27,39.01,39.46
2015-03-30,39.17,40.22
2015-03-31,38.58,40.13
2015-04-01,38.95,40.63
2015-04-02,39.39,41.24
2015-04-06,39.76,41.77
2015-04-07,39.53,41.56
2015-04-08,39.43,42.43
2015-04-09,39.41,42.85
2015-04-10,39.51,42.88
2015-04-13,39.30,42.63
2015-04-14,39.54,42.82
2015-04-15,39.62,43.12
2015-04-16,39.53,43.46
2015-04-17,38.85,42.70
2015-04-20,38.92,42.66
2015-04-21,39.22,42.91
2015-04-22,39.22,43.37
2015-04-23,39.31,43.69
2015-04-24,39.50,43.85
2015-04-27,40.01,44.02
2015-04-28,39.96,44.09
2015-04-29,39.40,43.54
2015-04-30,39.44,42.88
2015-05-01,39.91,43.14
2015-05-04,39.73,43.39
2015-05-05,38.98,42.92
2015-05-06,39.44,42.39
2015-05-07,39.29,42.33
2015-05-08,40.16,42.87
2015-05-11,39.73,42.46
2015-05-12,39.60,42.32
2015-05-13,39.83,42.40
2015-05-14,40.67,42.82
2015-05-15,40.70,43.15
2015-05-18,40.40,42.71
2015-05-19,40.42,42.78
2015-05-20,40.52,42.75
2015-05-21,40.64,42.60
2015-05-22,40.20,42.74
2015-05-26,39.14,42.06
2015-05-27,39.77,42.07
2015-05-28,39.77,41.52
2015-05-29,39.19,41.12
2015-06-01,39.09,40.96
2015-06-02,39.56,41.12
2015-06-03,40.08,40.91
2015-06-04,39.49,40.29
2015-06-05,38.79,40.11
2015-06-08,38.78,40.10
2015-06-09,38.65,39.86
2015-06-10,39.72,40.44
2015-06-11,39.83,40.24
2015-06-12,39.31,40.24
2015-06-15,38.80,39.79
2015-06-16,38.78,39.80
2015-06-17,38.60,40.04
2015-06-18,39.21,40.41
2015-06-19,38.99,40.06
2015-06-22,40.34,40.64
2015-06-23,40.25,41.04
2015-06-24,39.88,40.75
2015-06-25,39.30,40.31
2015-06-26,39.51,39.93
2015-06-29,37.82,39.04
2015-06-30,37.54,39.62
2015-07-01,37.84,39.59
2015-07-02,37.67,39.78
2015-07-06,36.48,38.67
2015-07-07,36.57,38.09
2015-07-08,36.07,36.78
2015-07-09,36.84,37.49
2015-07-10,38.74,38.44
2015-07-13,38.63,38.70
2015-07-14,38.84,38.77
2015-07-15,38.69,38.33
2015-07-16,39.06,38.81
2015-07-17,38.95,38.76
2015-07-20,39.12,38.51
2015-07-21,39.04,38.52
2015-07-22,38.84,37.97
2015-07-23,38.84,37.60
2015-07-24,38.45,37.06
2015-07-27,38.10,36.36
2015-07-28,38.52,36.73
2015-07-29,38.51,37.09
2015-07-30,38.35,36.72
2015-07-31,38.69,37.12
2015-08-03,38.83,36.50
2015-08-04,38.69,36.63
2015-08-05,39.01,36.64
2015-08-06,39.10,36.32
2015-08-07,39.00,36.30
2015-08-10,39.49,36.91
2015-08-11,38.92,36.10
2015-08-12,38.54,35.54
2015-08-13,38.32,35.48
2015-08-14,38.25,35.53
2015-08-17,38.12,35.14
2015-08-18,37.80,34.76
2015-08-19,37.52,34.33
2015-08-20,36.54,33.79
2015-08-21,35.96,32.75
2015-08-24,35.11,31.32
2015-08-25,35.30,31.72
2015-08-26,36.12,32.77
2015-08-27,36.39,34.22
2015-08-28,36.12,33.78
2015-08-31,36.02,33.84
2015-09-01,35.14,32.53
2015-09-02,35.58,33.00
2015-09-03,35.56,33.13
2015-09-04,34.83,32.14
2015-09-08,35.85,33.16
2015-09-09,35.55,32.99
2015-09-10,36.03,33.33
2015-09-11,35.94,33.46
2015-09-14,35.59,33.41
2015-09-15,35.86,33.73
2015-09-16,36.27,34.55
2015-09-17,36.60,34.47
2015-09-18,35.43,33.83
2015-09-21,35.29,33.77
2015-09-22,34.19,33.14
2015-09-23,34.09,32.61
2015-09-24,33.97,32.47
2015-09-25,34.26,32.40
2015-09-28,33.66,31.71
2015-09-29,33.83,31.86
2015-09-30,34.34,32.78
2015-10-01,34.27,32.96
2015-10-02,34.86,33.84
2015-10-05,35.59,34.57
2015-10-06,35.86,34.51
2015-10-07,36.21,35.43
2015-10-08,36.44,35.81
2015-10-09,36.61,35.94
2015-10-12,36.48,35.67
2015-10-13,36.16,35.09
2015-10-14,36.34,35.36
2015-10-15,36.76,36.22
2015-10-16,36.70,36.25
2015-10-19,36.65,35.88
2015-10-20,36.51,35.87
2015-10-21,36.47,35.35
2015-10-22,36.88,36.08
2015-10-23,37.30,36.29
2015-10-26,37.15,35.96
2015-10-27,36.74,35.55
2015-10-28,36.94,35.14
2015-10-29,36.85,34.81
2015-10-30,36.85,34.87
2015-11-02,37.35,35.56
2015-11-03,37.19,36.03
2015-11-04,36.82,35.74
2015-11-05,36.88,35.80
2015-11-06,36.83,35.30
2015-11-09,36.28,34.42
2015-11-10,36.16,34.27
2015-11-11,36.31,34.34
2015-11-12,35.86,34.01
2015-11-13,35.52,33.54
2015-11-16,35.85,34.19
2015-11-17,35.93,34.09
2015-11-18,36.34,34.46
2015-11-19,36.52,34.77
2015-11-20,36.28,35.12
2015-11-23,36.06,34.79
2015-11-24,35.94,34.97
2015-11-25,36.20,34.70
2015-11-27,36.51,33.94
2015-11-30,36.56,33.99
2015-12-01,36.67,34.25
2015-12-02,36.15,33.84
2015-12-03,36.02,33.65
2015-12-04,36.44,33.88
2015-12-07,36.34,33.32
2015-12-08,35.78,32.95
2015-12-09,35.64,32.68
2015-12-10,35.54,32.46
2015-12-11,34.88,31.55
2015-12-14,34.87,32.06
2015-12-15,35.22,32.55
2015-12-16,35.84,33.19
2015-12-17,35.48,32.76
2015-12-18,35.01,32.65
2015-12-21,35.06,32.40
2015-12-22,35.28,32.66
2015-12-23,35.84,33.12
2015-12-24,35.80,33.00
2015-12-28,35.66,32.77
2015-12-29,36.00,32.80
2015-12-30,35.64,32.29
2015-12-31,35.04,32.19
2016-01-04,34.47,31.31
2016-01-05,34.17,31.38
2016-01-06,33.61,30.78
2016-01-07,33.14,29.83
2016-01-08,32.84,29.51
2016-01-11,33.02,29.50
2016-01-12,33.47,29.56
2016-01-13,32.81,29.25
2016-01-14,33.12,29.63
2016-01-15,31.97,28.46
2016-01-19,32.24,28.88
2016-01-20,31.59,28.25
2016-01-21,31.98,28.36
2016-01-22,32.77,29.33
2016-01-25,32.33,28.83
2016-01-26,33.04,29.25
2016-01-27,32.74,29.15
2016-01-28,32.77,29.61
2016-01-29,33.20,30.57
2016-02-01,33.12,30.28
2016-02-02,32.17,29.30
2016-02-03,32.65,30.13
2016-02-04,32.76,30.36
2016-02-05,32.24,30.01
2016-02-08,31.33,29.60
2016-02-09,31.08,29.19
2016-02-10,31.25,29.31
2016-02-11,30.75,28.82
2016-02-12,31.12,29.32
2016-02-16,32.14,29.97
2016-02-17,32.46,30.56
2016-02-18,32.18,30.38
2016-02-19,32.13,30.24
2016-02-22,32.46,30.99
2016-02-23,31.97,30.33
2016-02-24,31.67,30.26
2016-02-25,32.08,30.36
2016-02-26,31.99,30.06
2016-02-29,31.80,30.32
2016-03-01,32.82,31.40
2016-03-02,32.87,31.82
2016-03-03,33.20,32.18
2016-03-04,33.31,32.82
2016-03-07,33.27,32.77
2016-03-08,32.96,32.21
2016-03-09,33.13,32.41
2016-03-10,33.29,32.46
2016-03-11,34.38,33.14
2016-03-14,34.32,32.94
2016-03-15,34.15,32.47
2016-03-16,34.51,33.12
2016-03-17,34.55,33.85
2016-03-18,34.66,34.03
2016-03-21,34.56,34.10
2016-03-22,34.44,34.02
2016-03-23,34.17,33.44
2016-03-24,33.84,33.36
2016-03-28,33.96,33.47
2016-03-29,34.42,33.93
2016-03-30,34.86,34.28
2016-03-31,34.39,34.25
2016-04-01,34.11,34.15
2016-04-04,34.08,33.74
2016-04-05,33.36,33.08
2016-04-06,33.74,33.48
2016-04-07,33.02,32.81
2016-04-08,33.68,33.38
2016-04-11,33.74,33.81
2016-04-12,34.08,34.33
2016-04-13,34.65,34.94
2016-04-14,34.69,34.77
2016-04-15,34.65,34.57
2016-04-18,35.02,34.73
2016-04-19,35.76,35.26
2016-04-20,35.74,35.10
2016-04-21,35.55,34.75
2016-04-22,35.39,34.54
2016-04-25,35.26,34.32
2016-04-26,35.45,34.69
2016-04-27,35.67,34.90
2016-04-28,35.40,34.54
2016-04-29,35.27,34.39
2016-05-02,35.56,34.30
2016-05-03,34.84,33.33
2016-05-04,34.45,32.79
2016-05-05,34.26,32.78
2016-05-06,34.46,32.83
2016-05-09,34.40,32.41
2016-05-10,34.74,33.03
2016-05-11,34.48,32.95
2016-05-12,34.35,32.86
2016-05-13,33.95,32.27
2016-05-16,34.28,32.66
2016-05-17,33.90,32.51
2016-05-18,33.91,32.19
2016-05-19,33.68,31.89
2016-05-20,34.03,32.21
2016-05-23,33.88,32.15
2016-05-24,34.51,32.48
2016-05-25,34.90,32.87
2016-05-26,35.17,33.09
2016-05-27,35.06,33.08
2016-05-31,33.99,33.12
2016-06-01,34.98,33.10
2016-06-02,35.02,33.37
2016-06-03,35.14,33.88
2016-06-06,35.22,34.24
2016-06-07,35.55,34.55
2016-06-08,35.62,34.80
2016-06-09,35.03,34.40
2016-06-10,33.80,33.53
2016-06-13,33.23,33.06
2016-06-14,32.69,32.95
2016-06-15,32.87,33.30
2016-06-16,33.09,33.18
2016-06-17,33.51,33.27
2016-06-20,34.25,33.86
2016-06-21,34.63,34.12
2016-06-22,33.74,33.94
2016-06-23,34.92,34.76
2016-06-24,30.90,32.65
2016-06-27,30.24,32.23
2016-06-28,31.04,33.18
2016-06-29,31.63,34.02
2016-06-30,32.27,34.36
2016-07-01,32.29,34.69
2016-07-05,31.26,33.95
2016-07-06,31.16,33.86
2016-07-07,30.96,33.77
2016-07-08,31.63,34.50
2016-07-11,32.05,34.83
2016-07-12,32.63,35.32
2016-07-13,32.70,35.26
2016-07-14,33.08,35.77
2016-07-15,32.89,35.69
2016-07-18,32.87,36.01
2016-07-19,32.63,35.64
2016-07-20,32.91,35.82
2016-07-21,32.83,35.71
2016-07-22,32.91,35.97
2016-07-25,32.94,35.61
2016-07-26,33.09,35.89
2016-07-27,33.40,36.01
2016-07-28,33.45,36.02
2016-07-29,33.83,36.21
2016-08-01,33.46,36.14
2016-08-02,33.15,35.88
2016-08-03,33.04,36.00
2016-08-04,33.14,36.20
2016-08-05,33.42,36.62
2016-08-08,33.52,36.88
2016-08-09,34.01,37.13
2016-08-10,34.21,37.14
2016-08-11,34.45,37.62
2016-08-12,34.47,37.48
2016-08-15,34.58,37.87
2016-08-16,34.54,37.70
2016-08-17,34.46,37.46
2016-08-18,34.65,37.81
2016-08-19,34.35,37.60
2016-08-22,34.31,37.10
2016-08-23,34.49,36.95
2016-08-24,34.41,37.05
2016-08-25,34.26,37.08
2016-08-26,34.13,36.76
2016-08-29,34.23,37.04
2016-08-30,34.28,36.94
2016-08-31,34.21,36.53
2016-09-01,34.48,36.81
2016-09-02,34.91,37.41
2016-09-06,35.10,38.21
2016-09-07,35.19,38.09
2016-09-08,35.17,37.99
2016-09-09,34.40,36.71
2016-09-12,34.63,36.96
2016-09-13,33.98,36.03
2016-09-14,33.88,36.14
2016-09-15,34.12,36.76
2016-09-16,33.47,36.51
2016-09-19,33.73,36.80
2016-09-20,33.79,36.82
2016-09-21,34.29,37.85
2016-09-22,34.81,38.12
2016-09-23,34.61,37.63
2016-09-26,34.19,37.08
2016-09-27,34.14,37.61
2016-09-28,34.52,37.95
2016-09-29,33.89,37.29
2016-09-30,34.49,37.45
2016-10-03,34.35,37.71
2016-10-04,34.40,37.29
2016-10-05,34.57,37.83
2016-10-06,34.44,37.86
2016-10-07,34.19,37.69
2016-10-10,34.33,38.10
2016-10-11,33.94,37.22
2016-10-12,33.77,37.15
2016-10-13,33.62,36.82
2016-10-14,33.75,36.88
2016-10-17,33.73,36.84
2016-10-18,34.07,37.49
2016-10-19,34.15,37.72
2016-10-20,34.22,37.61
2016-10-21,34.09,37.60
2016-10-24,34.24,37.76
2016-10-25,34.18,37.80
2016-10-26,34.05,37.40
2016-10-27,34.08,37.08
2016-10-28,34.22,36.93
2016-10-31,34.14,37.14
2016-11-01,33.96,36.84
2016-11-02,33.69,36.40
2016-11-03,33.63,36.30
2016-11-04,33.31,35.93
2016-11-07,33.83,37.23
2016-11-08,33.99,37.47
2016-11-09,33.91,36.25
2016-11-10,33.69,35.22
2016-11-11,33.31,34.55
2016-11-14,33.00,34.30
2016-11-15,33.24,34.99
2016-11-16,32.77,34.70
2016-11-17,32.87,34.75
2016-11-18,32.49,34.59
2016-11-21,32.80,34.93
2016-11-22,32.92,35.46
2016-11-23,32.57,35.08
2016-11-25,32.77,35.25
2016-11-28,32.41,35.39
2016-11-29,32.79,35.44
2016-11-30,32.78,35.50
2016-12-01,32.64,35.08
2016-12-02,32.69,35.12
2016-12-05,33.41,35.41
2016-12-06,33.83,35.60
2016-12-07,34.44,36.20
2016-12-08,34.23,36.36
2016-12-09,34.25,36.17
2016-12-12,34.32,35.93
2016-12-13,34.66,36.33
2016-12-14,34.11,35.25
2016-12-15,34.15,35.31
2016-12-16,34.28,35.15
2016-12-19,34.17,34.91
2016-12-20,34.35,35.03
2016-12-21,34.30,34.49
2016-12-22,34.22,34.08
2016-12-23,34.35,34.28
2016-12-27,34.39,34.43
2016-12-28,34.12,34.69
2016-12-29,34.39,35.26
2016-12-30,34.60,35.01
2017-01-03,34.68,35.43
2017-01-04,34.90,35.70
2017-01-05,35.19,36.09
2017-01-06,35.13,35.94
2017-01-09,35.03,35.91
2017-01-10,34.97,36.12
2017-01-11,35.17,36.55
2017-01-12,35.20,36.71
2017-01-13,35.36,36.68
2017-01-17,35.36,36.66
2017-01-18,35.22,36.46
2017-01-19,35.19,36.35
2017-01-20,35.42,36.42
2017-01-23,35.48,36.96
2017-01-24,35.56,37.19
2017-01-25,35.97,37.60
2017-01-26,35.61,37.44
2017-01-27,35.64,37.47
2017-01-30,35.29,37.27
2017-01-31,35.34,37.34
2017-02-01,35.40,37.36
2017-02-02,35.49,37.52
2017-02-03,35.68,37.75
2017-02-06,35.18,37.66
2017-02-07,35.06,37.47
2017-02-08,35.07,37.70
2017-02-09,35.30,37.87
2017-02-10,35.23,38.22
2017-02-13,35.41,38.34
2017-02-14,35.49,38.38
2017-02-15,35.60,38.69
2017-02-16,35.84,38.55
2017-02-17,35.59,38.39
2017-02-21,35.59,38.81
2017-02-22,35.63,38.93
2017-02-23,35.58,38.94
2017-02-24,35.27,38.48
2017-02-27,35.42,38.36
2017-02-28,35.41,37.99
2017-03-01,35.95,38.58
2017-03-02,35.74,37.90
2017-03-03,36.24,38.19
2017-03-06,36.11,38.21
2017-03-07,35.90,38.25
2017-03-08,35.80,37.89
2017-03-09,36.24,37.59
2017-03-10,36.65,38.01
2017-03-13,36.70,38.54
2017-03-14,36.34,38.32
2017-03-15,36.82,39.32
2017-03-16,37.29,39.56
2017-03-17,37.25,39.49
2017-03-20,37.17,39.95
2017-03-21,37.11,39.51
2017-03-22,37.16,39.70
2017-03-23,37.31,39.71
2017-03-24,37.44,39.81
2017-03-27,37.63,39.70
2017-03-28,37.79,39.81
2017-03-29,37.67,39.88
2017-03-30,37.50,39.67
2017-03-31,37.60,39.39
2017-04-03,37.50,39.61
2017-04-04,37.57,39.63
2017-04-05,37.30,39.51
2017-04-06,37.46,39.44
2017-04-07,37.39,39.37
2017-04-10,37.20,39.21
2017-04-11,37.28,39.12
2017-04-12,37.25,39.31
2017-04-13,36.97,39.14
2017-04-17,37.20,39.55
2017-04-18,37.00,39.05
2017-04-19,37.01,38.81
2017-04-20,37.38,39.29
2017-04-21,37.39,39.29
2017-04-24,39.32,39.85
2017-04-25,39.60,40.20
2017-04-26,39.34,40.05
2017-04-27,39.28,40.00
2017-04-28,39.24,40.06
2017-05-01,39.49,40.29
2017-05-02,39.78,40.58
2017-05-03,39.66,40.31
2017-05-04,40.55,39.86
2017-05-05,41.20,40.19
2017-05-08,40.54,40.18
2017-05-09,40.38,40.69
2017-05-10,40.41,40.96
2017-05-11,40.25,41.05
2017-05-12,40.63,41.22
2017-05-15,40.92,41.64
2017-05-16,41.31,41.68
2017-05-17,40.66,40.97
2017-05-18,40.65,40.29
2017-05-19,41.22,41.15
2017-05-22,41.29,41.19
2017-05-23,41.28,41.23
2017-05-24,41.40,41.39
2017-05-25,41.36,41.59
2017-05-26,41.21,41.74
2017-05-30,41.06,41.52
2017-05-31,41.18,41.20
2017-06-01,41.50,41.55
2017-06-02,41.95,41.76
2017-06-05,41.64,41.71
2017-06-06,41.42,41.73
2017-06-07,41.51,41.68
2017-06-08,41.44,41.93
2017-06-09,41.42,41.61
2017-06-12,41.10,41.39
2017-06-13,41.44,41.59
2017-06-14,41.41,41.58
2017-06-15,40.82,41.15
2017-06-16,41.25,41.22
2017-06-19,41.51,41.63
2017-06-20,40.40,40.98
2017-06-21,40.45,41.07
2017-06-22,40.34,41.28
2017-06-23,40.39,41.50
2017-06-26,40.53,41.90
2017-06-27,40.61,41.41
2017-06-28,41.03,41.73
2017-06-29,40.39,41.20
2017-06-30,40.33,41.39
2017-07-03,40.37,41.63
2017-07-05,40.41,41.55
2017-07-06,40.31,41.05
2017-07-07,40.43,41.13
2017-07-10,40.56,41.52
2017-07-11,40.78,41.86
2017-07-12,41.04,42.67
2017-07-13,41.20,42.88
2017-07-14,41.47,43.42
2017-07-17,41.36,43.22
2017-07-18,41.30,43.35
2017-07-19,41.42,43.71
2017-07-20,41.66,43.66
2017-07-21,41.34,43.63
2017-07-24,41.23,43.76
2017-07-25,41.34,43.65
2017-07-26,41.69,44.01
2017-07-27,41.59,43.77
2017-07-28,41.63,43.75
2017-07-31,41.63,43.80
2017-08-01,41.92,43.93
2017-08-02,41.96,43.97
2017-08-03,42.06,43.79
2017-08-04,42.25,43.95
2017-08-07,42.26,44.25
2017-08-08,42.03,44.26
2017-08-09,41.86,43.86
2017-08-10,41.23,42.82
2017-08-11,41.20,42.92
2017-08-14,41.65,43.36
2017-08-15,41.65,43.41
2017-08-16,41.89,43.86
2017-08-17,41.35,43.30
2017-08-18,41.49,43.67
2017-08-21,41.45,43.83
2017-08-22,41.73,44.32
2017-08-23,41.74,44.53
2017-08-24,41.62,44.67
2017-08-25,41.99,44.93
2017-08-28,41.99,44.77
2017-08-29,41.70,44.69
2017-08-30,41.59,44.76
2017-08-31,41.83,44.83
2017-09-01,41.93,45.16
2017-09-05,41.63,44.57
2017-09-06,42.09,44.86
2017-09-07,42.43,45.19
2017-09-08,42.42,44.89
2017-09-11,42.85,45.49
2017-09-12,43.03,45.44
2017-09-13,42.77,45.20
2017-09-14,42.85,45.32
2017-09-15,42.98,45.59
2017-09-18,43.08,45.75
2017-09-19,43.29,45.85
2017-09-20,43.08,45.64
2017-09-21,43.11,45.64
2017-09-22,43.20,45.38
2017-09-25,42.73,44.61
2017-09-26,42.57,44.49
2017-09-27,42.73,44.33
2017-09-28,42.90,44.30
2017-09-29,43.32,44.81
2017-10-02,43.19,44.82
2017-10-03,43.32,45.53
2017-10-04,43.10,45.52
2017-10-05,43.18,45.86
2017-10-06,43.18,45.63
2017-10-09,43.16,45.60
2017-10-10,43.55,46.05
2017-10-11,43.74,46.26
2017-10-12,43.61,46.24
2017-10-13,43.60,46.66
2017-10-16,43.52,46.63
2017-10-17,43.46,46.39
2017-10-18,43.67,46.50
2017-10-19,43.63,46.09
2017-10-20,43.39,46.26
2017-10-23,43.26,45.89
2017-10-24,43.50,45.89
2017-10-25,43.46,45.79
2017-10-26,43.43,45.48
2017-10-27,43.34,46.14
2017-10-30,43.60,45.85
2017-10-31,43.83,46.28
2017-11-01,43.94,46.52
2017-11-02,44.11,46.58
2017-11-03,43.84,46.34
2017-11-06,43.80,46.86
2017-11-07,43.43,46.56
2017-11-08,43.51,46.78
2017-11-09,43.18,46.49
2017-11-10,43.07,46.29
2017-11-13,42.91,46.19
2017-11-14,43.10,45.88
2017-11-15,42.90,45.64
2017-11-16,43.22,46.59
2017-11-17,43.00,46.82
2017-11-20,42.97,47.06
2017-11-21,43.22,47.69
2017-11-22,43.21,47.81
2017-11-24,43.83,47.71
2017-11-27,43.58,47.01
2017-11-28,43.74,47.36
2017-11-29,43.64,46.61
2017-11-30,43.72,46.10
2017-12-01,43.42,45.84
2017-12-04,43.49,45.93
2017-12-05,43.39,45.90
2017-12-06,43.31,45.28
2017-12-07,43.48,45.41
2017-12-08,43.71,45.94
2017-12-11,43.68,46.17
2017-12-12,43.62,45.86
2017-12-13,43.55,46.41
2017-12-14,43.18,46.07
2017-12-15,43.23,46.17
2017-12-18,43.82,46.69
2017-12-19,43.65,45.75
2017-12-20,43.42,45.81
2017-12-21,43.51,46.11
2017-12-22,43.49,46.50
2017-12-26,43.48,46.46
2017-12-27,43.49,46.58
2017-12-28,43.48,46.90
2017-12-29,43.38,47.12
2018-01-02,43.60,48.01
2018-01-03,43.83,48.47
2018-01-04,44.56,48.71
2018-01-05,45.00,49.13
2018-01-08,44.81,49.13
2018-01-09,44.94,49.05
2018-01-10,44.75,48.74
2018-01-11,45.06,49.04
2018-01-12,45.71,49.51
2018-01-16,45.81,49.32
2018-01-17,45.99,49.97
2018-01-18,46.07,50.03
2018-01-19,46.39,50.44
2018-01-22,46.72,50.73
2018-01-23,46.82,50.97
2018-01-24,46.83,51.40
2018-01-25,46.72,51.37
2018-01-26,47.11,52.08
2018-01-29,46.66,51.29
2018-01-30,46.33,50.59
2018-01-31,46.42,51.03
2018-02-01,46.54,50.34
2018-02-02,45.37,49.05
2018-02-05,43.50,47.33
2018-02-06,44.72,48.87
2018-02-07,43.90,47.33
2018-02-08,42.66,45.69
2018-02-09,42.84,46.42
2018-02-12,43.51,47.15
2018-02-13,43.39,47.51
2018-02-14,44.23,48.70
2018-02-15,44.47,49.70
2018-02-16,44.56,49.54
2018-02-20,44.09,48.86
2018-02-21,43.91,48.82
2018-02-22,44.13,48.85
2018-02-23,44.42,49.72
2018-02-26,44.70,50.18
2018-02-27,43.92,48.72
2018-02-28,43.64,48.02
2018-03-01,43.14,47.93
2018-03-02,43.21,48.13
2018-03-05,43.47,48.20
2018-03-06,43.77,48.65
2018-03-07,44.00,48.70
2018-03-08,44.02,48.71
2018-03-09,44.19,49.75
2018-03-12,44.30,49.87
2018-03-13,43.88,49.42
2018-03-14,44.01,49.50
2018-03-15,44.00,49.32
2018-03-16,44.04,49.21
2018-03-19,43.83,48.68
2018-03-20,43.77,49.22
2018-03-21,43.76,49.51
2018-03-22,42.82,47.86
2018-03-23,42.40,46.89
2018-03-26,43.26,48.41
2018-03-27,42.75,47.53
2018-03-28,42.94,47.29
2018-03-29,43.35,48.28
2018-04-02,42.75,47.41
2018-04-03,43.11,47.88
2018-04-04,43.23,47.90
2018-04-05,43.64,48.02
2018-04-06,43.50,47.08
2018-04-09,43.85,47.13
2018-04-10,44.37,48.05
2018-04-11,44.11,48.07
2018-04-12,44.35,48.05
2018-04-13,44.46,47.57
2018-04-16,44.58,47.63
2018-04-17,44.97,47.73
2018-04-18,45.16,48.14
2018-04-19,44.99,47.86
2018-04-20,44.79,47.26
2018-04-23,44.68,46.88
2018-04-24,44.46,46.66
2018-04-25,44.30,46.30
2018-04-26,44.44,46.97
2018-04-27,44.58,47.26
2018-04-30,44.33,46.92
2018-05-01,44.20,46.69
2018-05-02,44.31,46.32
2018-05-03,44.42,46.22
2018-05-04,44.54,46.43
2018-05-07,44.52,46.16
2018-05-08,44.42,46.42
2018-05-09,44.46,46.51
2018-05-10,44.81,47.48
2018-05-11,44.84,47.40
2018-05-14,44.85,47.46
2018-05-15,44.52,46.48
2018-05-16,44.39,47.18
2018-05-17,44.50,46.46
2018-05-18,44.30,46.07
2018-05-21,44.60,46.35
2018-05-22,44.63,46.51
2018-05-23,43.96,46.49
2018-05-24,43.83,46.24
2018-05-25,43.43,46.43
2018-05-29,41.95,45.35
2018-05-30,42.84,45.71
2018-05-31,42.74,45.69
2018-06-01,43.02,46.33
2018-06-04,43.24,46.80
2018-06-05,43.20,46.44
2018-06-06,43.71,47.14
2018-06-07,43.32,46.42
2018-06-08,43.39,46.33
2018-06-11,43.85,46.33
2018-06-12,43.56,46.21
2018-06-13,43.73,45.90
2018-06-14,43.67,45.59
2018-06-15,43.54,45.23
2018-06-18,43.06,44.68
2018-06-19,41.67,43.90
2018-06-20,41.55,44.09
2018-06-21,41.12,43.47
2018-06-22,41.56,43.92
2018-06-25,41.05,43.33
2018-06-26,40.93,43.16
2018-06-27,40.53,42.33
2018-06-28,40.55,42.69
2018-06-29,41.01,43.33
2018-07-02,40.80,42.90
2018-07-03,40.95,42.93
2018-07-05,41.68,42.82
2018-07-06,41.93,43.41
2018-07-09,42.17,44.19
2018-07-10,42.29,44.09
2018-07-11,41.54,43.23
2018-07-12,41.86,43.82
2018-07-13,41.96,43.85
2018-07-16,42.04,43.61
2018-07-17,42.14,43.93
2018-07-18,42.16,43.88
2018-07-19,41.98,43.34
2018-07-20,42.08,43.96
2018-07-23,42.02,43.67
2018-07-24,42.21,44.31
2018-07-25,42.59,45.03
2018-07-26,42.27,44.53
2018-07-27,42.41,44.69
2018-07-30,42.49,44.62
2018-07-31,42.57,44.86
2018-08-01,42.32,44.46
2018-08-02,41.93,43.87
2018-08-03,41.98,44.21
2018-08-06,41.79,43.87
2018-08-07,42.14,44.32
2018-08-08,42.03,44.26
2018-08-09,41.83,44.13
2018-08-10,40.63,43.19
2018-08-13,40.50,42.48
2018-08-14,40.49,42.74
2018-08-15,39.69,41.51
2018-08-16,40.00,41.77
2018-08-17,40.26,42.21
2018-08-20,40.56,42.40
2018-08-21,41.16,42.94
2018-08-22,41.34,43.28
2018-08-23,41.09,42.58
2018-08-24,41.53,43.37
2018-08-27,42.11,43.99
2018-08-28,42.12,43.83
2018-08-29,42.26,44.10
2018-08-30,41.77,42.95
2018-08-31,41.22,43.17
2018-09-04,40.85,42.33
2018-09-05,40.45,41.72
2018-09-06,40.25,41.76
2018-09-07,39.88,41.55
2018-09-10,40.33,41.14
2018-09-11,40.38,41.23
2018-09-12,40.45,41.44
2018-09-13,40.87,42.00
2018-09-14,40.75,41.96
2018-09-17,40.82,41.58
2018-09-18,41.09,41.98
2018-09-19,41.22,42.56
2018-09-20,41.98,43.03
2018-09-21,41.98,43.23
2018-09-24,41.79,42.74
2018-09-25,41.91,42.91
2018-09-26,41.88,43.00
2018-09-27,41.66,43.21
2018-09-28,41.01,42.92
2018-10-01,41.01,42.93
2018-10-02,40.74,42.39
2018-10-03,40.87,42.04
2018-10-04,40.35,40.99
2018-10-05,40.01,40.84
2018-10-08,39.65,40.90
2018-10-09,39.57,40.75
2018-10-10,38.66,39.54
2018-10-11,38.32,39.14
2018-10-12,38.37,40.29
2018-10-15,38.43,39.86
2018-10-16,39.19,40.86
2018-10-17,38.75,40.36
2018-10-18,37.98,39.30
2018-10-19,38.22,39.67
2018-10-22,37.90,40.10
2018-10-23,37.61,39.66
2018-10-24,36.44,38.38
2018-10-25,37.04,39.12
2018-10-26,36.89,38.67
2018-10-29,36.91,38.00
2018-10-30,37.16,38.74
2018-10-31,37.37,39.16
2018-11-01,37.96,40.56
2018-11-02,38.12,40.82
2018-11-05,38.02,40.93
2018-11-06,38.16,40.86
2018-11-07,38.65,41.63
2018-11-08,38.06,40.55
2018-11-09,37.96,39.80
2018-11-12,37.11,39.24
2018-11-13,37.43,39.69
2018-11-14,37.66,39.93
2018-11-15,37.74,40.82
2018-11-16,37.75,40.90
2018-11-19,37.35,40.35
2018-11-20,36.57,39.48
2018-11-21,37.04,40.21
2018-11-23,36.74,39.74
2018-11-26,37.32,40.23
2018-11-27,37.14,40.51
2018-11-28,37.66,41.48
2018-11-29,37.51,41.12
2018-11-30,37.24,41.08
2018-12-03,37.71,41.91
2018-12-04,36.72,41.02
2018-12-06,36.29,40.64
2018-12-07,35.85,39.88
2018-12-10,35.61,39.46
2018-12-11,35.73,39.76
2018-12-12,36.40,40.41
2018-12-13,36.34,40.40
2018-12-14,35.80,39.83
2018-12-17,35.52,39.46
2018-12-18,35.41,39.14
2018-12-19,35.13,38.49
2018-12-20,34.94,38.79
2018-12-21,34.45,38.52
2018-12-24,33.85,38.16
2018-12-26,34.78,38.92
2018-12-27,34.77,38.87
2018-12-28,34.90,39.24
2018-12-31,35.06,39.06
2019-01-02,34.89,39.16
2019-01-03,34.49,38.45
2019-01-04,35.56,39.69
2019-01-07,35.73,39.78
2019-01-08,35.98,39.93
2019-01-09,36.49,40.64
2019-01-10,36.47,40.93
2019-01-11,36.18,40.73
2019-01-14,36.06,40.39
2019-01-15,36.06,40.67
2019-01-16,36.13,41.17
2019-01-17,36.21,41.35
2019-01-18,36.72,41.55
2019-01-22,36.23,40.83
2019-01-23,36.51,41.25
2019-01-24,36.58,41.65
2019-01-25,37.15,42.20
2019-01-28,37.05,41.76
2019-01-29,37.15,41.83
2019-01-30,37.52,42.74
2019-01-31,37.35,43.10
2019-02-01,37.38,42.76
2019-02-04,37.48,42.83
2019-02-05,37.84,43.42
2019-02-06,37.73,42.83
2019-02-07,36.97,42.40
2019-02-08,36.74,42.16
2019-02-11,36.74,42.02
2019-02-12,37.24,42.37
2019-02-13,37.19,42.07
2019-02-14,37.08,42.15
2019-02-15,37.79,42.09
2019-02-19,37.93,42.42
2019-02-20,38.12,42.66
2019-02-21,38.01,42.57
2019-02-22,38.12,43.04
2019-02-25,38.21,43.52
2019-02-26,38.45,43.37
2019-02-27,38.30,43.00
2019-02-28,38.52,42.44
2019-03-01,38.86,42.49
2019-03-04,38.67,42.55
2019-03-05,38.64,42.97
2019-03-06,38.56,42.73
2019-03-07,37.88,41.94
2019-03-08,37.98,41.64
2019-03-11,38.28,42.42
2019-03-12,38.31,42.64
2019-03-13,38.65,42.69
2019-03-14,38.80,42.46
2019-03-15,39.27,43.08
2019-03-18,39.43,43.56
2019-03-19,39.65,43.58
2019-03-20,39.63,43.65
2019-03-21,39.48,43.71
2019-03-22,38.33,42.43
2019-03-25,38.36,42.53
2019-03-26,38.46,42.66
2019-03-27,38.55,42.20
2019-03-28,38.36,42.48
2019-03-29,38.60,42.92
2019-04-01,39.11,43.63
2019-04-02,39.24,43.49
2019-04-03,39.65,43.79
2019-04-04,39.64,44.06
2019-04-05,39.76,44.40
2019-04-08,39.76,44.40
2019-04-09,39.50,44.31
2019-04-10,39.67,44.52
2019-04-11,39.75,44.04
2019-04-12,40.17,44.36
2019-04-15,40.19,44.13
2019-04-16,40.26,44.46
2019-04-17,40.54,44.59
2019-04-18,40.43,44.56
2019-04-22,40.51,44.27
2019-04-23,40.41,44.37
2019-04-24,40.09,43.77
2019-04-25,39.98,43.71
2019-04-26,40.06,43.88
2019-04-29,40.31,43.97
2019-04-30,40.53,43.93
2019-05-01,40.27,43.60
2019-05-02,40.08,43.70
2019-05-03,40.43,44.22
2019-05-06,39.98,43.31
2019-05-07,39.18,42.46
2019-05-08,39.41,42.40
2019-05-09,39.15,41.73
2019-05-10,39.43,41.98
2019-05-13,38.44,40.58
2019-05-14,38.86,41.15
2019-05-15,39.09,41.23
2019-05-16,39.46,41.03
2019-05-17,39.21,40.29
2019-05-20,38.84,40.12
2019-05-21,39.10,40.63
2019-05-22,38.97,40.43
2019-05-23,38.47,39.91
2019-05-24,38.86,39.95
2019-05-28,38.50,40.09
2019-05-29,38.11,40.35
2019-05-30,38.32,40.57
2019-05-31,37.92,40.71
2019-06-03,38.20,41.08
2019-06-04,38.84,41.17
2019-06-05,38.77,40.84
2019-06-06,38.90,40.86
2019-06-07,39.46,41.18
2019-06-10,39.54,41.61
2019-06-11,39.82,42.08
2019-06-12,39.49,41.63
2019-06-13,39.51,41.56
2019-06-14,39.18,41.10
2019-06-17,38.14,40.95
2019-06-18,38.83,41.94
2019-06-19,39.00,42.29
2019-06-20,39.38,42.91
2019-06-21,39.37,42.77
2019-06-24,39.43,42.71
2019-06-25,39.13,42.27
2019-06-26,39.21,42.67
2019-06-27,39.25,42.97
2019-06-28,39.56,42.91
2019-07-01,39.65,43.42
2019-07-02,39.67,43.31
2019-07-03,40.09,43.23
2019-07-05,39.76,42.93
2019-07-08,39.51,42.67
2019-07-09,39.39,42.54
2019-07-10,39.50,42.90
2019-07-11,39.44,42.82
2019-07-12,39.53,42.85
2019-07-15,39.60,43.01
2019-07-16,39.54,42.95
2019-07-17,39.35,42.82
2019-07-18,39.45,43.08
2019-07-19,39.13,42.86
2019-07-22,39.30,42.87
2019-07-23,39.64,42.92
2019-07-24,39.73,42.99
2019-07-25,39.34,42.61
2019-07-26,39.42,42.70
2019-07-29,39.47,42.62
2019-07-30,38.72,42.29
2019-07-31,38.49,41.77
2019-08-01,38.38,40.95
2019-08-02,37.97,40.55
2019-08-05,37.23,39.05
2019-08-06,37.45,39.61
2019-08-07,37.67,39.79
2019-08-08,37.96,40.28
2019-08-09,37.74,39.87
2019-08-12,37.43,39.39
2019-08-13,37.78,39.89
2019-08-14,36.59,38.74
2019-08-15,36.54,39.00
2019-08-16,37.03,39.54
2019-08-19,37.35,39.70
2019-08-20,37.17,39.78
2019-08-21,37.66,40.16
2019-08-22,37.54,39.64
2019-08-23,37.01,39.05
2019-08-26,37.34,39.26
2019-08-27,37.37,39.33
2019-08-28,37.34,39.44
2019-08-29,37.80,39.88
2019-08-30,37.91,40.19
2019-09-03,37.78,39.94
2019-09-04,38.39,40.61
2019-09-05,38.66,41.07
2019-09-06,38.73,41.25
2019-09-09,38.87,41.38
2019-09-10,38.95,41.41
2019-09-11,39.06,41.70
2019-09-12,39.42,42.00
2019-09-13,39.52,42.24
2019-09-16,39.05,41.91
2019-09-17,39.22,41.91
2019-09-18,39.19,41.74
2019-09-19,39.32,41.57
2019-09-20,39.19,41.61
2019-09-23,38.99,41.65
2019-09-24,38.78,41.21
2019-09-25,38.59,41.18
2019-09-26,38.70,41.17
2019-09-27,38.67,40.64
2019-09-30,38.89,40.87
2019-10-01,38.53,40.58
2019-10-02,37.57,40.27
2019-10-03,37.86,40.79
2019-10-04,38.18,40.97
2019-10-07,38.19,40.63
2019-10-08,37.74,40.34
2019-10-09,38.13,40.65
2019-10-10,38.47,41.07
2019-10-11,39.28,41.73
2019-10-14,39.23,41.55
2019-10-15,39.73,41.92
2019-10-16,39.85,42.04
2019-10-17,40.00,42.20
2019-10-18,40.06,41.98
2019-10-21,40.23,42.36
2019-10-22,40.01,42.39
2019-10-23,40.19,42.40
2019-10-24,40.23,42.40
2019-10-25,40.20,42.70
2019-10-28,40.39,42.95
2019-10-29,40.38,42.73
2019-10-30,40.53,42.92
2019-10-31,40.42,42.58
2019-11-01,40.72,43.22
2019-11-04,41.00,43.65
2019-11-05,40.92,43.90
2019-11-06,40.91,43.76
2019-11-07,40.95,44.08
2019-11-08,40.93,43.68
2019-11-11,40.91,43.37
2019-11-12,40.91,43.09
2019-11-13,40.77,42.76
2019-11-14,40.75,42.79
2019-11-15,41.04,43.13
2019-11-18,41.06,43.06
2019-11-19,40.96,43.15
2019-11-20,40.75,42.96
2019-11-21,40.72,42.87
2019-11-22,40.76,42.87
2019-11-25,40.90,43.30
2019-11-26,41.00,43.17
2019-11-27,40.97,43.22
2019-11-29,40.79,42.54
2019-12-02,40.40,42.53
2019-12-03,40.34,42.31
2019-12-04,40.67,42.63
2019-12-05,40.65,42.82
2019-12-06,40.90,43.07
2019-12-09,40.63,42.90
2019-12-10,40.76,43.05
2019-12-11,41.03,43.68
2019-12-12,41.38,44.44
2019-12-13,41.52,44.42
2019-12-16,41.77,43.86
2019-12-17,41.62,44.26
2019-12-18,41.49,44.50
2019-12-19,41.53,44.52
2019-12-20,41.62,44.61
2019-12-23,41.71,44.67
2019-12-24,41.65,44.57
2019-12-26,41.87,44.89
2019-12-27,42.02,45.07
2019-12-30,41.71,44.77
2019-12-31,41.92,44.87
2020-01-02,42.44,45.78
2020-01-03,41.84,44.93
2020-01-06,41.95,44.82
2020-01-07,41.72,44.79
2020-01-08,41.90,45.05
2020-01-09,42.06,45.35
2020-01-10,41.90,45.59
2020-01-13,42.07,46.30
2020-01-14,42.06,46.04
2020-01-15,41.95,45.68
2020-01-16,42.17,45.97
2020-01-17,42.30,46.23
2020-01-21,41.95,45.06
2020-01-22,41.84,45.43
2020-01-23,41.73,44.96
2020-01-24,41.61,44.60
2020-01-27,40.69,43.06
2020-01-28,41.15,43.42
2020-01-29,41.22,43.63
2020-01-30,41.19,42.98
2020-01-31,40.48,42.11
2020-02-03,40.64,42.58
2020-02-04,41.32,43.68
2020-02-05,41.78,43.93
2020-02-06,41.99,43.97
2020-02-07,41.63,43.36
2020-02-10,41.71,43.60
2020-02-11,41.98,44.17
2020-02-12,42.20,44.77
2020-02-13,41.92,44.18
2020-02-14,41.94,44.20
2020-02-18,41.75,43.91
2020-02-19,42.03,44.23
2020-02-20,41.76,43.54
2020-02-21,41.51,43.29
2020-02-24,39.71,41.67
2020-02-25,38.77,41.34
2020-02-26,38.81,41.67
2020-02-27,37.71,40.67
2020-02-28,37.49,40.52
2020-03-02,38.22,41.40
2020-03-03,37.70,41.12
2020-03-04,39.03,41.85
2020-03-05,37.65,40.97
2020-03-06,37.01,40.13
2020-03-09,33.64,37.39
2020-03-10,34.68,39.29
2020-03-11,32.73,37.46
2020-03-12,28.58,33.71
2020-03-13,30.43,36.14
2020-03-16,26.79,31.63
2020-03-17,27.93,33.81
2020-03-18,26.01,30.89
2020-03-19,26.39,31.13
2020-03-20,26.49,31.36
2020-03-23,26.79,30.61
2020-03-24,29.12,32.91
2020-03-25,30.25,34.07
2020-03-26,31.60,35.36
2020-03-27,30.31,33.35
2020-03-30,30.68,33.90
2020-03-31,30.51,34.13
2020-04-01,29.04,32.67
2020-04-02,29.48,33.77
2020-04-03,28.89,33.13
2020-04-06,30.60,34.94
2020-04-07,30.79,35.12
2020-04-08,31.21,35.48
2020-04-09,32.05,35.35
2020-04-13,31.58,35.40
2020-04-14,32.16,36.21
2020-04-15,30.78,35.28
2020-04-16,30.65,35.47
2020-04-17,31.71,36.26
2020-04-20,31.25,35.80
2020-04-21,30.60,34.81
2020-04-22,31.01,35.76
2020-04-23,30.74,35.63
2020-04-24,31.15,35.58
2020-04-27,31.68,36.30
2020-04-28,31.84,36.37
2020-04-29,33.00,37.43
2020-04-30,32.39,36.64
2020-05-01,31.75,35.32
2020-05-04,31.54,35.70
2020-05-05,31.47,35.90
2020-05-06,31.15,35.79
2020-05-07,31.76,36.08
2020-05-08,32.30,36.84
2020-05-11,32.09,36.60
2020-05-12,31.60,36.46
2020-05-13,31.12,36.39
2020-05-14,30.90,36.53
2020-05-15,30.93,36.03
2020-05-18,32.62,37.44
2020-05-19,32.00,37.14
2020-05-20,32.82,37.63
2020-05-21,32.51,37.20
2020-05-22,32.58,36.43
2020-05-26,33.66,37.23
2020-05-27,34.49,37.35
2020-05-28,34.72,37.09
2020-05-29,34.78,37.73
2020-06-01,35.58,38.60
2020-06-02,36.16,39.52
2020-06-03,37.45,40.44
2020-06-04,37.53,39.87
2020-06-05,38.29,40.92
2020-06-08,38.78,41.17
2020-06-09,38.02,40.89
2020-06-10,37.75,41.19
2020-06-11,35.42,39.04
2020-06-12,36.10,39.87
2020-06-15,36.15,39.28
2020-06-16,36.58,39.53
2020-06-17,36.63,39.91
2020-06-18,36.40,39.93
2020-06-19,36.15,39.92
2020-06-22,36.72,40.41
2020-06-23,37.08,40.80
2020-06-24,36.06,40.26
2020-06-25,36.64,40.43
2020-06-26,35.98,39.94
2020-06-29,36.51,40.12
2020-06-30,36.48,39.99
2020-07-01,36.59,40.44
2020-07-02,37.14,41.36
2020-07-06,37.90,43.14
2020-07-07,37.28,42.42
2020-07-08,37.71,43.52
2020-07-09,37.15,43.52
2020-07-10,37.59,43.24
2020-07-13,37.46,42.95
2020-07-14,38.06,43.01
2020-07-15,38.49,43.14
2020-07-16,38.44,42.53
2020-07-17,38.61,42.77
2020-07-20,38.92,43.32
2020-07-21,39.06,43.72
2020-07-22,39.27,43.53
2020-07-23,38.91,43.18
2020-07-24,38.63,43.14
2020-07-27,39.02,43.81
2020-07-28,38.71,43.45
2020-07-29,39.19,44.15
2020-07-30,38.49,43.59
2020-07-31,37.67,43.29
2020-08-03,38.43,43.59
2020-08-04,38.62,44.17
2020-08-05,38.81,44.65
2020-08-06,38.89,44.79
2020-08-07,38.67,43.87
2020-08-10,38.72,43.98
2020-08-11,38.96,43.86
2020-08-12,39.91,44.45
2020-08-13,39.67,44.32
2020-08-14,39.30,44.24
2020-08-17,39.56,44.80
2020-08-18,39.52,44.75
2020-08-19,39.39,44.20
2020-08-20,39.16,44.06
2020-08-21,38.85,44.28
2020-08-24,39.56,44.77
2020-08-25,39.76,45.22
2020-08-26,40.08,45.34
2020-08-27,39.52,44.96
2020-08-28,39.88,45.55
2020-08-31,39.39,44.54
2020-09-01,39.42,45.30
2020-09-02,40.09,45.18
2020-09-03,39.20,44.32
2020-09-04,39.24,44.34
2020-09-08,38.60,43.57
2020-09-09,39.55,44.22
2020-09-10,39.16,43.51
2020-09-11,39.44,43.93
2020-09-14,39.57,44.64
2020-09-15,39.76,45.11
2020-09-16,39.59,45.05
2020-09-17,39.73,44.87
2020-09-18,39.33,44.52
2020-09-21,37.98,44.11
2020-09-22,37.82,43.78
2020-09-23,37.26,43.10
2020-09-24,37.42,42.90
2020-09-25,37.33,42.94
2020-09-28,38.11,43.42
2020-09-29,38.17,43.39
2020-09-30,37.92,44.09
2020-10-01,38.24,44.50
2020-10-02,38.15,43.99
2020-10-05,38.92,44.58
2020-10-06,38.48,44.66
2020-10-07,38.88,45.15
2020-10-08,39.23,45.52
