date,open,high,low,close
2012-09-24,111.50,111.56,108.78,109.93
2012-09-25,109.93,111.47,109.44,109.96
2012-09-26,109.88,110.23,108.45,110.03
2012-09-27,110.17,112.49,109.68,112.39
2012-09-28,112.53,113.40,111.52,112.12
2012-10-01,112.34,113.27,111.47,112.14
2012-10-02,112.28,112.45,111.27,111.36
2012-10-03,111.36,111.36,107.67,107.94
2012-10-04,108.20,112.69,108.02,112.32
2012-10-05,112.45,113.05,110.54,111.82
2012-10-08,111.99,112.25,110.54,112.25
2012-10-09,112.22,114.72,111.97,114.43
2012-10-10,114.23,115.59,113.77,114.71
2012-10-11,114.56,116.02,114.42,115.72
2012-10-12,115.96,115.96,113.94,114.57
2012-10-15,114.64,115.91,113.58,115.88
2012-10-16,115.72,116.20,114.50,115.04
2012-10-18,112.66,112.82,111.71,111.75
2012-10-19,112.67,112.83,112.67,112.83
2012-10-22,109.66,109.66,109.66,109.66
2012-10-24,107.09,107.09,107.09,107.09
2012-10-25,108.32,108.32,108.32,108.32
2012-10-31,108.85,108.85,108.85,108.85
2012-11-01,108.28,108.28,108.19,108.24
2012-11-02,108.10,108.20,105.65,105.72
2012-11-05,105.35,105.55,105.34,105.55
2012-11-06,107.93,111.31,107.13,111.03
2012-11-07,110.83,111.64,106.53,106.77
2012-11-08,106.92,108.17,106.12,107.00
2012-11-09,107.15,109.78,106.25,109.44
2012-11-12,109.59,110.39,108.56,108.80
2012-11-13,108.70,108.98,107.38,108.09
2012-11-14,108.12,110.35,107.80,109.92
2012-11-15,109.68,111.12,109.66,110.97
2012-11-16,108.95,108.97,108.95,108.96
2012-11-19,111.59,111.80,111.59,111.80
2012-11-20,111.61,111.61,109.82,109.90
2012-11-21,110.80,110.90,110.80,110.85
2012-11-26,110.93,110.97,110.93,110.94
2012-11-27,109.86,109.95,109.86,109.95
2012-11-28,109.52,109.52,109.50,109.50
2012-11-29,110.79,110.79,110.71,110.75
2012-11-30,111.00,111.00,110.83,110.83
2012-12-07,107.05,107.89,106.66,107.16
2012-12-10,107.30,108.54,107.01,107.44
2012-12-11,107.45,108.37,107.09,108.12
2012-12-12,108.14,110.50,108.14,109.59
2012-12-13,109.36,109.52,107.80,108.13
2012-12-14,108.20,109.58,108.20,109.20
2012-12-17,107.71,107.71,107.71,107.71
2012-12-18,108.91,108.91,108.91,108.91
2012-12-19,110.43,110.43,110.43,110.43
2012-12-20,110.27,110.27,110.27,110.27
2012-12-21,109.04,109.04,109.04,109.04
2012-12-24,108.87,108.87,108.87,108.87
2012-12-26,111.14,111.14,111.14,111.14
2012-12-27,110.90,110.90,110.90,110.90
2013-01-02,112.47,112.47,112.47,112.47
2013-01-07,111.42,111.69,110.54,111.59
2013-01-08,111.42,112.47,111.12,112.05
2013-01-09,111.90,112.23,111.11,111.70
2013-01-10,111.68,113.29,111.60,111.88
2013-01-11,111.95,111.95,109.60,110.64
2013-01-13,110.62,110.62,110.62,110.62
2013-01-14,111.88,112.15,110.31,112.11
2013-01-15,111.93,112.46,110.19,110.31
2013-01-16,110.52,110.84,110.24,110.60
2013-01-18,111.89,111.89,111.89,111.89
2013-01-22,111.71,112.65,111.35,112.42
2013-01-23,112.42,113.15,112.06,112.79
2013-01-24,112.76,113.65,112.40,113.36
2013-01-25,113.28,113.84,112.83,113.40
2013-01-28,113.45,113.80,112.60,113.40
2013-01-29,113.48,114.49,113.07,114.20
2013-01-30,114.28,115.24,114.07,114.95
2013-01-31,114.91,115.76,114.28,111.56
2013-02-01,115.77,117.07,115.40,116.65
2013-02-04,116.50,116.67,115.32,115.60
2013-02-05,115.47,117.23,115.01,116.52
2013-02-06,116.45,117.05,115.72,116.92
2013-02-07,116.90,117.83,116.71,117.45
2013-02-08,117.48,119.17,117.31,118.89
2013-02-11,118.90,119.07,117.54,118.27
2013-02-12,118.27,118.90,117.81,118.64
2013-02-13,118.66,119.12,118.39,118.75
2013-02-14,118.05,118.29,117.25,118.00
2013-02-15,117.96,118.11,116.28,117.90
2013-02-18,117.81,118.19,116.92,117.43
2013-02-19,117.48,117.60,116.55,117.32
2013-02-20,117.35,117.66,115.02,115.17
2013-02-21,115.20,115.31,113.32,113.66
2013-02-22,113.60,114.79,113.60,114.23
2013-02-25,114.19,115.87,113.40,113.40
2013-02-26,113.64,114.34,112.41,112.92
2013-02-27,112.80,113.35,111.65,111.90
2013-02-28,111.95,112.57,110.87,110.97
2013-03-01,110.90,111.36,109.82,110.67
2013-03-04,110.58,110.89,109.58,110.19
2013-03-05,110.10,111.82,110.10,111.58
2013-03-06,111.83,112.23,110.46,111.06
2013-03-07,111.08,111.40,110.41,110.93
2013-03-08,110.90,111.33,109.14,110.64
2013-03-11,110.67,110.72,109.53,110.04
2013-03-12,110.13,111.20,109.30,109.54
2013-03-13,109.70,109.89,107.91,108.41
2013-03-14,108.36,109.98,108.18,109.47
2013-03-18,109.83,109.83,107.78,109.53
2013-03-19,109.41,109.54,107.25,107.45
2013-03-20,107.59,108.92,107.55,108.50
2013-03-21,108.65,108.75,107.08,107.20
2013-03-22,107.31,107.96,106.90,107.51
2013-03-25,106.86,109.07,106.80,108.15
2013-03-26,108.11,109.59,107.71,109.39
2013-03-27,109.40,109.98,108.85,109.80
2013-03-28,109.85,110.10,108.98,109.87
2013-04-02,111.07,111.79,110.00,110.38
2013-04-03,110.28,110.43,106.78,107.33
2013-04-04,107.07,108.06,105.29,106.44
2013-04-05,106.49,106.65,103.62,104.34
2013-04-08,104.28,105.55,103.40,104.76
2013-04-09,104.78,106.50,104.27,106.24
2013-04-10,106.19,106.47,105.16,105.63
2013-04-11,105.50,105.94,103.70,104.32
2013-04-12,104.29,104.39,101.09,102.98
2013-04-15,103.03,103.09,100.02,100.26
2013-04-16,103.03,103.09,100.02,100.17
2013-04-17,100.11,100.46,97.26,97.52
2013-04-18,97.46,99.85,96.75,99.59
2013-04-19,99.54,100.33,99.04,99.50
2013-04-22,99.56,101.04,99.20,100.46
2013-04-23,100.56,100.59,98.78,100.34
2013-04-24,100.34,101.96,100.22,101.91
2013-04-25,101.80,103.49,101.35,103.08
2013-04-26,103.20,103.48,102.25,102.91
2013-04-29,102.79,103.94,102.57,103.76
2013-04-30,103.78,104.00,101.48,101.70
2013-05-01,101.82,102.33,98.76,99.92
2013-05-02,99.82,102.98,99.51,102.86
2013-05-03,102.80,104.92,102.37,104.05
2013-05-06,104.25,105.54,103.89,105.38
2013-05-07,105.24,105.94,104.00,104.10
2013-05-08,104.11,104.80,103.53,104.26
2013-05-09,104.44,104.60,103.45,104.25
2013-05-10,104.35,104.45,101.56,103.78
2013-05-13,103.26,103.86,102.25,102.74
2013-05-14,102.82,103.10,101.96,102.50
2013-05-15,102.70,103.82,101.20,103.72
2013-05-16,103.74,104.40,102.95,103.93
2013-05-17,103.87,104.87,103.35,104.69
2013-05-20,104.75,105.31,103.83,104.80
2013-05-21,104.78,105.15,103.51,103.63
2013-05-22,103.52,103.79,102.22,102.39
2013-05-23,102.25,102.68,100.64,102.57
2013-05-24,102.55,102.79,101.65,102.64
2013-05-27,102.52,102.65,102.10,102.50
2013-05-28,102.51,104.69,102.48,104.46
2013-05-29,104.32,104.37,102.19,102.22
2013-05-30,102.40,102.85,101.08,102.12
2013-05-31,102.12,102.38,100.05,100.10
2013-06-03,100.15,102.48,99.66,102.09
2013-06-04,102.02,103.58,101.47,103.45
2013-06-05,103.48,104.07,102.85,102.86
2013-06-06,102.94,103.95,102.81,103.68
2013-06-07,103.65,105.01,102.89,104.75
2013-06-10,104.56,104.76,103.66,103.78
2013-06-11,103.89,103.89,101.82,102.59
2013-06-12,102.56,104.10,102.23,103.50
2013-06-13,103.33,104.26,102.75,104.26
2013-06-17,105.77,106.67,105.28,105.66
2013-06-18,105.66,106.24,105.11,106.10
2013-06-19,106.10,106.59,105.45,105.68
2013-06-20,105.62,105.62,101.75,102.05
2013-06-21,102.10,103.09,100.04,100.92
2013-06-24,100.61,101.64,99.67,101.09
2013-06-25,101.00,102.08,100.70,101.21
2013-06-26,101.10,101.89,100.25,101.71
2013-06-27,101.66,103.34,101.66,102.72
2013-06-28,102.76,103.44,101.87,102.10
2013-07-01,101.90,103.71,101.63,103.03
2013-07-02,102.92,104.12,102.91,103.93
2013-07-03,104.18,106.03,104.18,105.80
2013-07-04,105.85,105.99,104.91,105.47
2013-07-05,105.54,107.88,105.38,107.70
2013-07-08,108.00,108.04,106.79,107.10
2013-07-09,107.27,108.06,106.85,108.06
2013-07-10,108.12,108.69,107.71,108.05
2013-07-11,108.24,108.93,107.26,107.43
2013-07-12,107.33,109.09,107.28,108.95
2013-07-15,108.99,109.26,107.96,109.02
2013-07-16,109.05,109.72,108.63,109.39
2013-07-17,107.90,108.70,107.30,108.62
2013-07-18,108.63,108.82,108.03,108.78
2013-07-19,108.73,109.18,107.01,108.40
2013-07-22,108.30,108.68,107.55,108.14
2013-07-23,108.30,108.63,107.56,108.43
2013-07-24,108.44,108.60,106.25,107.07
2013-07-25,107.11,107.87,106.54,107.64
2013-07-26,107.59,107.79,106.53,107.15
2013-07-29,107.19,107.89,106.60,107.58
2013-07-30,107.45,107.56,106.54,106.81
2013-07-31,106.84,107.88,105.73,107.87
2013-08-01,107.81,109.64,107.52,109.43
2013-08-02,109.52,110.09,108.38,108.90
2013-08-05,109.09,109.44,107.55,108.65
2013-08-06,108.74,109.23,107.46,108.14
2013-08-07,108.07,108.16,107.07,107.40
2013-08-08,107.39,107.86,105.85,106.80
2013-08-09,106.81,108.32,106.60,108.22
2013-08-12,108.13,109.13,107.43,108.99
2013-08-13,109.08,110.06,108.95,109.63
2013-08-14,109.51,110.36,109.05,110.36
2013-08-15,110.35,111.53,110.35,111.10
2013-08-16,110.35,111.53,110.35,111.10
2013-08-19,110.53,111.00,109.59,109.70
2013-08-20,109.67,110.73,108.61,110.10
2013-08-21,110.11,110.28,109.23,109.75
2013-08-22,109.70,110.15,109.40,109.98
2013-08-23,109.90,111.23,109.77,111.05
2013-08-26,111.15,111.68,110.50,111.12
2013-08-27,111.16,114.42,110.73,114.38
2013-08-28,115.30,117.34,114.81,116.05
2013-08-29,115.86,117.04,114.18,114.67
2013-08-30,114.20,115.53,113.63,114.02
2013-09-02,114.00,114.57,112.20,114.36
2013-09-03,114.45,116.00,114.06,115.63
2013-09-04,115.65,116.09,114.40,115.09
2013-09-05,114.95,115.55,114.29,115.25
2013-09-06,115.35,116.56,115.02,115.95
2013-09-09,115.93,116.18,113.00,113.13
2013-09-10,113.00,113.55,110.59,111.40
2013-09-11,111.52,112.49,111.02,111.64
2013-09-12,111.51,113.05,111.33,113.04
2013-09-13,112.87,112.91,111.60,112.75
2013-09-16,111.25,111.49,108.73,109.67
2013-09-17,109.50,110.00,107.41,107.79
2013-09-18,107.85,111.06,107.64,110.52
2013-09-19,110.92,111.26,108.52,108.70
2013-09-20,108.62,109.67,108.40,109.26
2013-09-23,109.22,109.45,107.76,108.02
2013-09-24,107.96,108.90,107.43,108.73
2013-09-25,108.73,110.09,107.90,107.95
2013-09-26,108.00,109.26,108.00,109.09
2013-09-27,109.00,109.67,108.10,108.46
2013-09-30,108.20,108.68,107.22,108.25
2013-10-01,108.38,108.41,106.81,107.66
2013-10-02,107.55,109.48,107.44,108.99
2013-10-03,108.90,109.85,108.58,108.60
2013-10-04,108.69,109.77,108.61,109.32
2013-10-07,109.21,110.17,107.89,109.54
2013-10-08,109.64,110.80,109.38,110.12
2013-10-09,110.16,110.25,108.12,108.98
2013-10-10,109.04,112.00,108.92,111.80
2013-10-11,111.65,111.85,110.51,111.07
2013-10-14,110.87,111.41,109.87,110.96
2013-10-15,111.08,111.27,109.53,109.71
2013-10-16,109.45,111.23,109.45,110.94
2013-10-17,110.57,110.66,108.71,108.97
2013-10-18,109.13,110.24,108.95,110.11
2013-10-21,109.96,110.19,109.21,109.81
2013-10-22,109.76,110.94,109.57,109.98
2013-10-23,109.99,110.06,107.35,107.52
2013-10-24,107.65,108.26,106.90,107.04
2013-10-25,107.09,107.39,106.27,107.08
2013-10-28,107.04,109.68,106.85,109.42
2013-10-29,109.41,109.46,108.45,108.93
2013-10-30,108.76,110.16,108.59,109.81
2013-10-31,109.69,109.87,108.55,108.90
2013-11-01,109.05,109.41,105.78,106.05
2013-11-04,105.78,106.58,105.13,106.24
2013-11-05,106.25,106.53,105.19,105.51
2013-11-06,105.64,106.41,104.86,104.92
2013-11-07,105.00,105.21,103.24,103.47
2013-11-08,103.53,105.38,102.98,104.98
2013-11-11,105.17,106.53,105.15,106.48
2013-11-12,106.40,107.38,105.51,106.09
2013-11-13,105.93,107.45,105.89,107.08
2013-11-14,107.17,108.96,107.15,108.51
2013-11-15,107.17,108.96,107.15,108.51
2013-11-18,108.50,108.73,107.53,108.15
2013-11-19,108.30,108.63,106.81,107.09
2013-11-20,107.20,108.38,106.51,107.86
2013-11-21,107.76,110.25,107.62,110.22
2013-11-22,110.07,111.40,109.65,110.70
2013-11-25,109.00,111.66,108.05,110.90
2013-11-26,111.08,111.49,110.41,111.06
2013-11-27,111.00,111.65,110.51,111.46
2013-11-28,111.40,111.55,110.61,110.95
2013-11-29,111.04,111.50,109.62,110.11
2013-12-02,109.60,112.34,109.28,111.44
2013-12-03,111.53,112.93,111.04,112.82
2013-12-04,112.91,113.02,111.46,111.54
2013-12-05,111.65,112.23,110.76,111.09
2013-12-06,111.07,112.06,110.94,111.66
2013-12-09,111.69,111.79,109.02,109.09
2013-12-10,109.31,110.45,108.55,109.42
2013-12-11,109.45,109.89,108.62,109.80
2013-12-12,109.52,109.98,108.44,108.49
2013-12-13,108.53,109.00,108.02,108.74
2013-12-16,109.15,110.80,109.00,110.46
2013-12-17,109.20,109.41,108.20,108.33
2013-12-18,108.33,109.73,107.80,109.35
2013-12-19,109.25,110.53,109.14,110.15
2013-12-20,110.09,111.89,109.87,111.81
2013-12-23,111.55,111.93,111.27,111.64
2013-12-24,111.61,112.06,111.42,112.00
2013-12-27,111.95,112.80,111.50,112.11
2013-12-30,112.20,112.64,110.90,111.24
2013-12-31,111.18,111.52,110.40,110.90
2014-01-02,111.00,111.35,107.65,107.78
2014-01-03,107.88,108.64,106.79,107.02
2014-01-06,106.80,107.96,106.58,107.05
2014-01-07,107.03,107.72,106.88,107.47
2014-01-08,107.49,107.95,107.00,107.46
2014-01-09,107.35,108.20,106.12,106.43
2014-01-10,106.44,107.50,106.03,107.49
2014-01-13,107.25,107.64,106.50,106.50
2014-01-14,106.62,107.14,106.06,106.14
2014-01-15,106.17,107.55,105.80,107.04
2014-01-16,106.82,107.35,106.44,107.06
2014-01-17,105.55,106.95,105.44,106.29
2014-01-20,106.28,106.65,105.81,106.30
2014-01-21,106.35,108.00,106.28,106.86
2014-01-22,106.90,108.33,106.78,108.15
2014-01-23,108.14,108.28,107.37,107.52
2014-01-24,107.58,108.03,106.23,107.89
2014-01-27,107.91,108.09,106.45,107.01
2014-01-28,106.86,107.79,106.76,107.50
2014-01-29,107.36,108.05,106.93,107.70
2014-01-30,107.85,108.40,107.65,107.88
2014-01-31,107.75,107.94,106.31,106.33
2014-02-03,106.40,106.72,105.40,106.15
2014-02-04,105.85,106.23,105.49,106.00
2014-02-05,106.09,106.44,105.58,106.15
2014-02-06,106.28,107.44,106.15,107.44
2014-02-07,107.32,109.74,106.88,109.58
2014-02-10,109.75,109.75,108.48,108.52
2014-02-11,108.52,109.24,108.47,108.72
2014-02-12,108.78,109.50,108.47,108.57
2014-02-13,108.68,108.84,108.09,108.70
2014-02-14,108.58,109.25,107.85,109.07
2014-02-17,109.13,109.40,108.64,109.07
2014-02-18,109.07,110.61,108.84,110.61
2014-02-19,110.55,110.82,110.02,110.52
2014-02-20,110.39,110.46,109.58,110.41
2014-02-21,110.50,110.50,109.35,109.76
2014-02-24,109.65,110.77,109.50,110.70
2014-02-25,110.64,110.64,109.42,109.63
2014-02-26,109.56,109.97,109.20,109.46
2014-02-27,109.41,109.45,108.65,108.91
2014-02-28,108.85,109.34,108.40,109.09
2014-03-03,109.44,112.39,109.26,111.19
2014-03-04,111.16,111.32,109.02,109.10
2014-03-05,109.17,109.36,107.55,107.71
2014-03-06,107.66,108.54,107.37,108.37
2014-03-07,108.30,109.09,107.82,108.72
2014-03-10,108.73,108.85,107.75,107.94
2014-03-11,107.88,108.70,107.83,108.32
2014-03-12,108.41,108.55,107.61,108.30
2014-03-13,108.26,108.51,106.98,107.42
2014-03-14,107.25,108.69,107.24,108.54
2014-03-17,108.55,108.60,106.16,106.44
2014-03-18,106.40,106.85,105.85,106.72
2014-03-19,106.60,106.87,105.71,105.87
2014-03-20,105.90,106.75,105.41,106.15
2014-03-21,106.22,107.77,106.01,107.10
2014-03-24,107.01,107.50,106.45,106.60
2014-03-25,106.59,107.48,106.44,106.95
2014-03-26,106.97,107.35,106.48,107.00
2014-03-27,107.00,107.99,106.77,107.65
2014-03-28,107.73,108.39,107.62,107.97
2014-03-31,108.00,108.33,107.05,107.70
2014-04-01,107.66,107.80,105.10,105.38
2014-04-02,105.32,105.85,103.95,104.72
2014-04-03,104.59,106.32,104.45,106.28
2014-04-04,106.17,107.04,106.10,106.64
2014-04-07,106.35,106.63,105.13,106.03
2014-04-08,105.97,107.85,105.78,107.54
2014-04-09,107.50,108.14,107.12,107.80
2014-04-10,107.90,107.92,107.26,107.37
2014-04-11,107.35,107.87,106.98,107.13
2014-04-14,107.42,109.12,107.26,108.93
2014-04-15,108.92,109.11,108.27,108.72
2014-04-16,109.43,110.36,109.00,109.54
2014-04-17,109.60,110.19,109.08,109.65
2014-04-22,109.94,109.99,108.53,109.50
2014-04-23,109.50,109.54,108.60,109.21
2014-04-24,109.22,110.65,109.07,110.33
2014-04-25,110.33,110.63,109.25,109.46
2014-04-28,109.50,110.20,107.86,108.16
2014-04-29,108.13,109.37,108.00,108.85
2014-04-30,108.80,108.80,107.55,108.15
2014-05-02,107.72,108.95,107.60,108.60
2014-05-05,108.92,108.92,107.05,107.50
2014-05-06,107.53,108.21,106.97,107.03
2014-05-07,107.17,108.25,106.96,108.13
2014-05-08,108.07,108.15,107.38,108.02
2014-05-09,108.08,109.02,107.64,107.93
2014-05-12,107.94,108.77,107.94,108.41
2014-05-13,108.37,109.39,108.05,109.39
2014-05-14,109.39,110.41,109.32,110.21
2014-05-15,110.21,110.60,109.75,110.43
2014-05-16,108.96,110.05,108.88,109.74
2014-05-19,109.82,110.33,109.31,109.38
2014-05-20,109.33,110.00,109.10,109.87
2014-05-21,109.76,110.73,109.70,110.47
2014-05-22,110.49,111.04,110.17,110.38
2014-05-23,110.38,110.70,110.25,110.58
2014-05-26,110.40,110.55,109.75,110.39
2014-05-27,110.35,110.80,109.71,110.18
2014-05-28,110.22,110.40,109.41,109.98
2014-05-29,109.89,110.46,109.72,110.11
2014-05-30,110.02,110.13,109.22,109.56
2014-06-02,109.70,109.87,108.62,108.78
2014-06-03,108.80,108.98,108.32,108.83
2014-06-04,108.89,109.50,108.25,108.33
2014-06-05,108.13,108.94,107.77,108.90
2014-06-06,108.85,109.31,108.46,108.77
2014-06-09,108.68,110.16,108.55,109.90
2014-06-10,109.95,110.32,109.10,109.63
2014-06-11,109.61,110.25,109.44,110.10
2014-06-12,110.09,113.34,110.00,113.23
2014-06-13,113.75,114.69,112.75,113.50
2014-06-16,112.73,113.28,112.33,113.01
2014-06-17,112.97,113.80,112.16,113.38
2014-06-18,113.46,114.54,113.05,114.24
2014-06-19,114.22,115.71,114.15,115.01
2014-06-20,114.92,115.11,114.43,114.70
2014-06-23,114.99,115.66,113.86,114.06
2014-06-24,113.90,114.83,113.55,114.32
2014-06-25,114.31,114.65,113.23,114.16
2014-06-26,114.24,114.29,113.02,113.10
2014-06-27,113.07,113.71,112.90,113.19
2014-06-30,113.30,113.30,112.16,112.37
2014-07-01,112.50,112.83,111.85,112.20
2014-07-02,112.19,112.42,110.92,111.00
2014-07-03,111.00,111.17,110.53,111.06
2014-07-04,111.05,111.29,110.56,110.58
2014-07-07,110.65,110.92,109.94,110.03
2014-07-08,110.00,110.16,108.69,108.91
2014-07-09,108.97,109.00,108.14,108.20
2014-07-10,108.15,108.88,107.76,108.65
2014-07-11,108.58,108.74,106.27,106.59
2014-07-14,106.42,107.50,106.21,106.83
2014-07-15,106.81,106.90,104.39,105.94
2014-07-16,105.90,106.58,105.72,105.91
2014-07-17,107.13,108.52,106.80,108.34
2014-07-18,108.50,108.62,106.94,107.15
2014-07-21,107.15,107.87,106.79,107.84
2014-07-22,107.80,108.40,107.04,107.07
2014-07-23,106.87,108.21,106.87,108.13
2014-07-24,108.15,108.21,106.83,107.19
2014-07-25,107.20,108.46,106.73,108.16
2014-07-28,108.30,108.38,107.01,107.55
2014-07-29,107.46,108.05,107.13,107.63
2014-07-30,107.50,107.86,105.84,106.04
2014-07-31,106.06,106.59,105.45,105.65
2014-08-01,105.60,106.12,104.39,104.61
2014-08-04,104.82,105.71,104.52,105.47
2014-08-05,105.50,105.65,104.07,104.79
2014-08-06,104.88,105.44,104.54,104.76
2014-08-07,104.64,105.92,104.16,105.86
2014-08-08,105.67,106.85,104.67,104.79
2014-08-11,105.00,105.43,104.47,104.60
2014-08-12,104.50,104.61,102.65,102.97
2014-08-13,102.84,104.35,102.37,104.07
2014-08-14,104.06,104.33,101.92,101.95
2014-08-18,103.21,103.30,101.11,101.80
2014-08-19,101.62,102.07,101.07,101.59
2014-08-20,101.50,102.37,101.44,102.34
2014-08-21,102.14,102.79,101.21,102.73
2014-08-22,102.67,102.83,102.00,102.21
2014-08-26,102.71,103.40,102.35,102.60
2014-08-27,102.42,103.07,102.05,102.64
2014-08-28,102.54,103.20,102.25,102.48
2014-08-29,102.51,103.30,102.49,103.08
2014-09-01,102.95,103.30,102.56,102.60
2014-09-02,102.64,102.86,100.17,100.58
2014-09-03,100.40,103.13,100.40,102.35
2014-09-04,102.41,102.95,101.70,101.85
2014-09-05,101.87,102.44,100.35,100.95
2014-09-08,100.80,101.00,99.36,100.28
2014-09-09,100.20,100.62,99.03,99.22
2014-09-10,99.35,99.47,97.60,98.11
2014-09-11,98.12,98.49,96.72,98.17
2014-09-12,98.25,98.80,96.83,97.05
2014-09-15,96.90,97.33,96.21,96.63
2014-09-16,97.96,99.45,97.44,98.95
2014-09-17,98.95,99.61,98.51,98.71
2014-09-18,98.69,99.14,97.42,97.64
2014-09-22,98.50,98.50,96.38,98.12
2014-09-23,96.91,97.59,96.55,96.85
2014-09-24,96.89,97.33,95.60,97.10
2014-09-25,97.03,97.56,96.22,97.01
2014-09-26,97.11,97.50,96.46,97.02
2014-09-29,96.81,97.34,96.27,97.12
2014-09-30,97.15,97.80,94.24,94.94
2014-10-01,94.77,96.23,93.78,94.21
2014-10-02,94.30,94.37,91.55,93.83
2014-10-03,93.75,94.06,91.48,92.18
2014-10-06,91.90,93.21,91.25,92.94
2014-10-08,91.89,91.89,90.57,91.58
2014-10-09,91.62,91.85,88.57,88.78
2014-10-10,89.10,90.49,88.11,89.86
2014-10-13,89.89,90.18,87.74,88.10
2014-10-14,88.23,88.74,84.48,85.42
2014-10-15,85.54,85.62,83.02,83.32
2014-10-16,83.45,85.00,82.60,84.49
2014-10-17,86.50,87.34,85.49,86.14
2014-10-22,86.46,87.07,84.47,84.60
2014-10-23,84.71,87.19,84.12,86.83
2014-10-24,86.78,86.78,85.29,86.25
2014-10-27,86.08,86.25,84.55,85.43
2014-10-28,85.50,86.38,85.08,86.24
2014-10-29,86.10,87.94,86.06,86.78
2014-10-30,86.93,87.10,85.71,86.03
2014-11-03,85.85,86.40,84.01,84.18
2014-11-05,82.78,84.45,81.63,83.30
2014-11-06,83.10,83.27,82.05,82.79
2014-11-07,82.67,83.86,82.16,83.06
2014-11-10,83.26,84.97,81.99,82.04
2014-11-11,82.13,82.38,80.46,81.24
2014-11-12,81.25,81.65,79.72,79.90
2014-11-13,79.97,80.20,77.83,77.83
2014-11-14,77.67,79.75,76.76,79.67
2014-11-17,79.50,79.60,77.94,79.08
2014-11-19,78.41,79.45,78.05,78.20
2014-11-21,79.95,81.61,79.07,80.52
2014-11-24,80.50,80.85,79.41,79.49
2014-11-25,79.45,80.44,78.05,78.18
2014-11-26,78.28,78.86,77.30,77.57
2014-11-27,77.40,77.46,71.25,72.84
2014-11-28,72.58,73.41,69.78,70.02
2014-12-02,72.51,73.03,70.40,70.95
2014-12-03,70.95,71.46,69.50,69.90
2014-12-04,70.15,70.60,68.81,69.51
2014-12-05,69.53,69.82,68.10,68.70
2014-12-09,66.00,67.04,65.29,66.42
2014-12-10,66.25,66.36,63.56,64.52
2014-12-11,64.47,65.13,63.11,63.30
2014-12-12,63.01,63.66,61.35,61.44
2014-12-15,61.20,63.25,60.20,60.47
2014-12-16,60.65,61.01,58.50,59.75
2014-12-17,59.90,63.40,58.71,60.68
2014-12-18,60.94,63.70,59.17,59.86
2014-12-19,59.85,62.66,59.05,62.18
2014-12-22,61.99,62.97,59.84,60.10
2014-12-23,60.24,62.14,59.84,61.22
2014-12-24,61.63,61.71,59.37,60.15
2014-12-30,57.93,58.39,56.74,57.62
2014-12-31,57.35,57.68,55.81,57.55
2015-01-02,58.02,58.54,55.48,56.34
2015-01-05,56.25,56.30,52.66,53.04
2015-01-07,51.15,51.84,49.66,51.09
2015-01-08,51.06,51.91,49.81,51.07
2015-01-09,51.25,51.44,48.90,50.06
2015-01-12,49.93,49.98,47.16,47.25
2015-01-13,45.58,47.29,45.19,46.78
2015-01-14,46.84,49.21,45.59,48.71
2015-01-15,48.68,50.62,47.00,47.68
2015-01-16,48.25,50.41,48.07,49.97
2015-01-19,50.10,50.35,48.68,48.93
2015-01-20,48.91,49.48,47.78,48.16
2015-01-21,48.29,49.59,48.21,48.71
2015-01-22,48.60,50.45,48.02,48.74
2015-01-23,49.11,49.80,48.58,48.70
2015-01-26,48.56,49.29,47.57,48.12
2015-01-27,48.25,49.99,47.67,49.23
2015-01-28,49.10,49.72,48.29,48.53
2015-01-29,48.69,49.25,48.37,49.00
2015-01-30,49.15,53.08,48.76,52.39
2015-02-02,52.68,55.62,51.41,54.95
2015-02-03,55.00,59.00,54.84,56.97
2015-02-04,57.19,58.06,53.50,54.47
2015-02-05,54.80,57.87,53.07,56.55
2015-02-06,56.74,59.06,56.71,58.17
2015-02-09,57.93,59.61,57.30,58.03
2015-02-10,57.79,58.57,56.11,57.13
2015-02-11,56.81,57.00,53.91,55.18
2015-02-12,55.12,57.50,54.72,57.06
2015-02-13,59.27,61.77,59.08,61.45
2015-02-16,61.83,62.57,60.71,61.62
2015-02-17,61.70,63.00,60.27,62.25
2015-02-18,62.24,62.46,59.38,59.44
2015-02-19,59.54,60.99,57.80,60.06
2015-02-20,60.20,61.15,59.82,60.07
2015-02-23,60.30,60.67,58.37,58.98
2015-02-24,59.09,60.30,58.10,58.60
2015-02-25,58.75,62.20,58.41,61.92
2015-02-26,61.85,62.63,59.66,60.59
2015-02-27,60.75,62.83,60.51,62.21
2015-03-02,62.50,62.50,59.34,59.96
2015-03-03,60.00,61.81,59.84,60.90
2015-03-04,60.85,60.94,59.47,60.43
2015-03-05,60.60,61.57,60.08,60.69
2015-03-06,60.75,61.30,59.17,59.80
2015-03-09,59.62,60.02,58.38,58.56
2015-03-10,58.37,58.72,56.12,56.40
2015-03-11,56.45,57.95,55.92,57.91
2015-03-12,57.92,58.81,56.51,56.99
2015-03-13,57.03,57.40,54.43,54.58
2015-03-16,54.41,54.64,52.50,53.38
2015-03-17,54.41,54.38,52.57,53.30
2015-03-18,53.28,56.84,52.68,56.32
2015-03-19,56.18,56.20,53.91,54.41
2015-03-20,54.46,55.67,53.55,55.20
2015-03-23,55.24,56.19,54.12,55.83
2015-03-24,55.83,56.79,54.85,55.46
2015-03-25,55.09,57.17,54.70,56.56
2015-03-26,56.35,59.78,56.30,58.98
2015-03-27,58.97,59.04,55.95,56.14
2015-03-30,55.96,56.65,55.20,56.43
2015-03-31,56.31,56.33,54.72,55.31
2015-04-01,55.18,57.69,54.70,56.73
2015-04-02,56.72,57.28,54.00,55.03
2015-04-07,57.80,59.27,57.02,58.52
2015-04-08,58.30,58.72,55.45,56.06
2015-04-09,56.10,58.02,55.97,56.79
2015-04-10,56.84,58.12,56.25,57.97
2015-04-13,58.02,59.54,57.46,57.99
2015-04-14,58.17,59.24,57.76,58.91
2015-04-15,58.74,60.45,58.74,60.35
2015-04-16,62.90,64.95,62.00,63.75
2015-04-17,64.02,64.50,62.95,63.70
2015-04-20,63.85,64.40,62.10,63.46
2015-04-21,63.52,63.52,61.65,61.84
2015-04-22,61.90,63.33,61.39,62.71
2015-04-23,62.88,65.58,62.22,64.74
2015-04-24,64.75,65.80,64.48,65.40
2015-04-27,65.47,65.61,64.40,64.56
2015-04-28,64.74,65.49,63.90,64.62
2015-04-29,64.64,66.72,64.13,65.63
2015-04-30,65.63,66.93,65.37,66.83
2015-05-04,66.40,67.10,65.95,66.48
2015-05-05,66.33,68.40,66.14,67.64
2015-05-06,67.71,69.63,67.35,67.46
2015-05-07,67.37,68.49,65.17,65.61
2015-05-08,65.64,66.12,64.23,65.45
2015-05-11,65.37,65.75,64.25,64.85
2015-05-12,64.77,67.23,64.68,67.15
2015-05-13,67.32,68.17,66.41,66.51
2015-05-14,66.54,67.29,66.25,66.58
2015-05-15,66.75,67.00,65.37,66.93
2015-05-18,66.91,67.88,65.92,66.30
2015-05-19,66.19,66.39,63.95,64.37
2015-05-20,64.49,65.18,64.10,64.82
2015-05-21,64.89,66.88,64.83,66.55
2015-05-22,66.59,66.64,65.10,65.56
2015-05-26,65.70,65.70,63.29,63.94
2015-05-27,63.89,64.67,61.96,62.48
2015-05-28,62.20,62.93,61.24,62.91
2015-05-29,62.89,65.83,62.68,65.48
2015-06-01,65.59,65.80,64.25,64.93
2015-06-02,64.90,65.88,64.58,65.34
2015-06-03,65.38,65.40,63.50,63.76
2015-06-04,63.81,64.08,61.78,62.08
2015-06-05,62.08,63.43,60.94,63.21
2015-06-09,62.81,65.20,62.72,65.20
2015-06-10,65.04,66.36,64.88,65.60
2015-06-11,65.57,66.06,64.50,64.86
2015-06-12,64.87,64.95,63.68,63.87
2015-06-15,63.62,63.96,62.24,62.61
2015-06-16,63.80,64.41,63.42,63.71
2015-06-17,63.60,65.47,62.60,63.68
2015-06-18,63.74,64.96,63.44,64.21
2015-06-19,64.20,64.56,62.34,62.86
2015-06-22,62.57,63.74,62.10,63.32
2015-06-23,63.21,64.89,62.76,64.47
2015-06-24,64.66,65.05,63.01,63.57
2015-06-25,63.50,63.95,62.72,63.32
2015-06-26,63.34,63.62,62.50,63.19
2015-06-29,62.85,62.96,61.35,62.01
2015-06-30,61.77,63.83,61.71,63.24
2015-07-01,63.02,63.35,61.84,62.05
2015-07-02,61.92,63.20,61.78,61.83
2015-07-03,61.73,62.06,60.12,60.55
2015-07-06,60.00,60.00,56.38,56.83
2015-07-07,56.85,57.83,55.10,57.28
2015-07-08,57.25,57.75,55.87,57.29
2015-07-09,57.10,59.27,57.01,58.48
2015-07-10,58.49,59.66,57.86,58.73
2015-07-13,58.35,58.83,56.84,57.88
2015-07-14,57.71,58.78,56.43,58.65
2015-07-15,58.63,58.81,56.86,57.28
2015-07-16,57.31,58.21,56.95,57.53
2015-07-17,56.93,57.35,56.40,57.08
2015-07-20,57.12,57.44,56.33,56.50
2015-07-21,56.55,57.44,56.33,56.99
2015-07-22,56.88,56.90,55.92,56.05
2015-07-23,56.04,56.53,55.10,55.50
2015-07-24,55.39,55.60,54.30,54.63
2015-07-27,54.45,54.89,52.83,52.91
2015-07-28,53.08,54.08,52.28,53.03
2015-07-29,52.99,54.33,52.51,53.63
2015-07-30,53.60,54.38,53.02,53.38
2015-07-31,53.43,53.47,51.63,51.77
2015-08-03,51.55,52.01,49.36,49.65
2015-08-04,49.70,50.45,49.58,50.24
2015-08-05,50.14,50.99,49.02,49.62
2015-08-06,49.72,49.83,48.88,49.70
2015-08-07,49.62,50.06,48.42,48.53
2015-08-10,48.43,50.49,48.24,50.22
2015-08-11,50.22,51.10,48.61,49.19
2015-08-12,49.38,50.01,48.72,49.79
2015-08-13,49.82,50.39,48.85,49.26
2015-08-14,49.11,49.52,48.80,49.00
2015-08-17,48.76,49.44,48.35,48.61
2015-08-18,48.55,49.04,48.25,48.50
2015-08-19,48.50,49.11,46.78,46.79
2015-08-20,47.03,47.38,46.03,46.10
2015-08-21,46.34,46.51,45.07,45.32
2015-08-24,45.35,45.46,42.23,42.45
2015-08-25,42.79,44.50,42.68,43.32
2015-08-26,43.32,43.76,42.81,43.60
2015-08-27,43.75,47.75,43.70,47.57
2015-08-28,47.40,50.98,46.61,49.92
2015-08-31,50.05,54.32,48.25,52.96
2015-09-01,52.92,53.47,48.53,48.55
2015-09-02,48.62,51.00,47.74,50.45
2015-09-03,50.58,52.46,49.82,50.65
2015-09-04,50.69,51.05,49.35,49.35
2015-09-07,49.27,49.44,47.50,47.76
2015-09-08,47.76,49.85,47.64,49.37
2015-09-09,49.39,50.04,47.44,47.56
2015-09-10,47.46,48.95,46.76,48.70
2015-09-11,48.64,48.98,47.16,48.11
2015-09-14,48.08,48.35,46.26,46.53
2015-09-15,46.65,46.90,45.98,46.60
2015-09-16,48.06,50.34,47.71,49.91
2015-09-17,49.98,50.14,48.32,49.22
2015-09-18,49.26,49.75,47.16,47.70
2015-09-21,47.64,48.99,47.48,48.72
2015-09-22,48.50,49.20,47.70,49.16
2015-09-23,49.08,50.25,47.68,47.82
2015-09-24,47.88,48.47,47.40,48.33
2015-09-25,48.17,49.10,47.86,48.37
2015-09-28,48.34,48.44,47.25,47.35
2015-09-29,47.45,48.65,47.25,48.01
2015-09-30,47.96,49.00,47.79,48.53
2015-10-01,48.40,49.84,47.62,47.98
2015-10-02,47.99,48.50,46.93,48.20
2015-10-05,48.08,49.87,47.84,49.27
2015-10-06,49.35,52.25,48.86,52.10
2015-10-07,52.15,53.15,51.21,51.72
2015-10-08,51.76,53.52,51.28,53.23
2015-10-09,53.35,54.05,52.21,52.54
2015-10-12,52.64,53.31,49.77,50.25
2015-10-13,50.27,50.70,48.88,49.17
2015-10-14,49.22,49.52,48.71,48.95
2015-10-15,49.01,49.38,48.21,48.70
2015-10-16,50.21,50.70,49.31,50.50
2015-10-19,50.38,50.68,48.57,48.86
2015-10-20,48.83,49.20,48.22,48.52
2015-10-21,48.58,48.65,47.50,47.87
2015-10-22,47.96,48.73,47.65,48.25
2015-10-23,48.32,48.65,47.45,48.02
2015-10-27,47.43,47.57,46.41,46.97
2015-10-28,46.91,49.23,46.61,49.12
2015-10-29,49.15,49.38,48.17,48.61
2015-10-30,48.66,50.00,48.28,49.50
2015-11-02,49.50,49.69,48.61,48.76
2015-11-03,48.90,50.91,48.46,50.40
2015-11-04,50.25,50.87,48.49,48.82
2015-11-05,48.84,49.00,47.93,48.08
2015-11-06,48.05,48.58,47.27,47.69
2015-11-09,47.46,48.41,47.01,47.36
2015-11-10,47.32,47.86,46.96,47.12
2015-11-11,47.08,47.73,45.62,45.86
2015-11-13,44.08,44.85,43.57,43.60
2015-11-16,44.70,45.18,43.15,44.91
2015-11-18,43.97,44.74,43.34,44.26
2015-11-19,44.30,44.76,43.70,44.29
2015-11-20,44.38,45.50,44.06,44.42
2015-11-24,45.11,46.50,44.92,45.90
2015-11-25,46.04,46.50,45.03,46.24
2015-11-26,46.23,46.32,45.00,45.62
2015-11-27,45.57,45.63,44.79,44.87
2015-12-02,44.32,44.64,42.43,42.74
2015-12-03,42.77,44.69,42.61,44.09
2015-12-08,40.82,41.45,39.81,40.53
2015-12-09,40.63,41.59,39.57,40.29
2015-12-10,40.44,40.70,39.46,39.54
2015-12-11,39.55,39.74,37.36,37.66
2015-12-15,37.89,39.41,37.55,37.99
2015-12-16,38.09,38.45,37.11,37.18
2015-12-17,37.60,37.93,36.75,36.94
2015-12-18,36.81,37.73,36.41,36.66
2015-12-21,36.55,36.75,36.04,36.20
2015-12-23,36.37,37.88,36.28,37.77
2015-12-28,37.84,37.95,36.51,36.52
2015-12-30,37.29,37.55,36.35,36.70
2016-01-04,37.85,38.99,36.77,37.38
2016-01-05,37.27,37.57,36.24,36.58
2016-01-06,36.64,36.67,34.13,34.36
2016-01-07,34.52,34.74,32.16,33.69
2016-01-08,34.02,34.72,32.78,33.34
2016-01-11,33.34,33.38,31.17,31.33
2016-01-12,31.54,32.38,30.34,30.87
2016-01-13,30.82,31.92,29.96,30.24
2016-01-14,30.26,31.23,29.73,31.00
2016-01-15,31.00,31.02,28.82,29.26
2016-01-18,28.73,29.58,27.67,28.73
2016-01-19,28.70,30.24,28.60,28.73
2016-01-20,28.66,28.75,27.10,27.78
2016-01-21,27.99,29.84,27.29,29.60
2016-01-22,29.62,32.30,29.29,32.17
2016-01-25,32.10,32.81,30.00,30.11
2016-01-26,30.01,32.72,29.27,30.97
2016-01-27,31.20,33.49,30.83,32.96
2016-01-28,32.84,35.84,32.56,34.47
2016-01-29,34.08,35.00,33.59,34.73
2016-02-01,35.85,36.25,33.92,34.09
2016-02-02,34.18,34.18,32.23,32.42
2016-02-03,32.41,35.49,32.30,35.41
2016-02-04,35.32,35.84,34.15,34.43
2016-02-05,34.39,35.14,33.81,34.14
2016-02-08,33.99,34.68,32.77,33.13
2016-02-09,33.17,33.56,30.28,30.72
2016-02-10,30.95,31.90,30.35,30.87
2016-02-11,30.83,31.35,29.92,31.12
2016-02-12,31.31,33.44,30.85,32.89
2016-02-15,32.77,34.05,32.67,34.00
2016-02-16,34.51,35.55,31.92,32.33
2016-02-17,32.54,34.91,31.82,34.88
2016-02-18,34.91,35.73,33.79,34.07
2016-02-19,33.88,34.46,32.68,33.19
2016-02-22,33.25,34.97,32.85,34.63
2016-02-23,34.54,35.11,32.91,32.96
2016-02-24,32.98,34.67,32.37,34.42
2016-02-25,34.39,35.74,33.29,35.16
2016-02-26,35.10,37.00,34.73,35.22
2016-02-29,35.10,36.23,34.83,35.97
2016-03-01,36.60,37.25,35.95,36.50
2016-03-02,36.62,37.40,36.10,37.06
2016-03-03,37.05,37.37,36.35,37.01
2016-03-04,37.04,38.95,36.82,38.89
2016-03-07,38.88,41.04,38.87,40.69
2016-03-08,40.71,41.48,39.31,39.48
2016-03-09,39.65,41.18,39.39,40.83
2016-03-10,40.89,41.01,39.63,40.25
2016-03-11,40.33,41.03,40.02,40.41
2016-03-14,40.25,40.65,38.82,39.73
2016-03-15,39.67,39.74,38.32,38.99
2016-03-16,39.14,40.44,38.83,40.24
2016-03-17,40.45,41.60,40.41,41.40
2016-03-18,41.38,42.54,41.07,41.44
2016-03-21,41.31,41.88,40.48,41.43
2016-03-22,41.47,42.08,40.97,41.60
2016-03-23,41.56,41.82,40.42,40.52
2016-03-24,40.40,40.64,39.22,40.48
2016-03-28,40.58,41.00,39.64,40.24
2016-03-29,40.19,40.25,38.76,39.36
2016-03-30,39.42,40.61,39.09,39.23
2016-03-31,39.12,40.00,38.74,39.57
2016-04-01,40.14,40.43,38.55,38.65
2016-04-04,38.69,38.92,37.51,37.53
2016-04-05,37.50,38.40,37.27,38.35
2016-04-06,38.40,39.94,38.34,39.77
2016-04-07,39.90,40.29,38.70,39.63
2016-04-08,39.68,42.01,39.62,41.81
2016-04-11,42.00,43.06,41.41,42.77
2016-04-12,42.70,44.81,42.56,44.18
2016-04-13,44.44,44.94,43.76,43.91
2016-04-14,44.01,44.62,43.29,43.86
2016-04-15,43.80,44.05,42.28,43.08
2016-04-18,41.80,43.43,40.10,43.13
2016-04-19,43.14,44.50,42.60,44.03
2016-04-20,43.52,45.88,42.81,45.55
2016-04-21,45.54,46.18,44.44,44.70
2016-04-22,44.75,45.90,44.30,45.15
2016-04-25,45.13,45.59,44.26,44.79
2016-04-26,44.69,46.49,44.36,46.38
2016-04-27,46.26,47.45,45.63,47.25
2016-04-28,47.10,48.19,46.74,47.86
2016-04-29,47.90,48.50,47.41,48.14
2016-05-02,47.37,47.40,45.72,45.89
2016-05-03,45.80,46.40,44.62,45.32
2016-05-04,45.21,46.01,44.19,44.88
2016-05-05,45.08,46.77,44.65,45.14
2016-05-06,45.16,46.12,44.19,45.30
2016-05-09,45.75,46.48,43.50,43.56
2016-05-10,43.49,45.70,43.33,45.44
2016-05-11,45.59,47.75,44.80,47.35
2016-05-12,47.32,48.19,46.80,47.90
2016-05-13,47.85,48.12,47.26,47.85
2016-05-16,47.80,49.47,47.77,49.05
2016-05-17,49.03,49.75,48.57,49.49
2016-05-18,49.36,49.85,48.45,48.55
2016-05-19,48.67,48.88,47.38,48.81
2016-05-20,48.90,49.39,48.07,48.80
2016-05-23,48.72,48.84,47.58,48.36
2016-05-24,48.35,49.24,47.80,49.17
2016-05-25,49.16,49.96,48.91,49.85
2016-05-26,49.76,50.51,49.25,49.45
2016-05-27,49.42,49.55,48.69,49.43
2016-05-30,49.43,49.83,48.92,49.72
2016-05-31,49.70,50.05,49.23,49.68
2016-06-01,49.65,50.00,48.65,49.64
2016-06-02,49.63,50.30,48.84,49.91
2016-06-03,49.95,50.33,49.30,49.80
2016-06-06,49.83,50.83,49.72,50.53
2016-06-07,50.46,51.54,50.28,51.42
2016-06-08,51.41,52.80,51.32,52.70
2016-06-09,52.74,52.86,51.53,51.84
2016-06-10,51.91,52.10,50.33,50.46
2016-06-13,50.42,50.79,49.61,50.02
2016-06-14,49.89,50.05,49.25,49.26
2016-06-15,49.22,49.80,48.39,48.61
2016-06-16,48.56,48.77,46.94,47.12
2016-06-17,47.28,49.36,47.25,49.27
2016-06-20,49.42,50.68,49.24,50.39
2016-06-21,50.43,51.10,49.46,51.00
2016-06-22,51.06,51.24,49.18,49.80
2016-06-23,50.14,51.00,49.89,50.97
2016-06-24,50.69,50.74,47.54,48.45
2016-06-27,48.43,48.90,46.69,47.46
2016-06-28,47.61,48.70,47.47,48.71
2016-06-29,48.84,50.74,48.62,50.11
2016-06-30,50.21,50.28,49.47,49.72
2016-07-01,49.90,50.65,49.25,50.61
2016-07-04,50.60,50.75,50.03,50.04
2016-07-05,50.03,50.05,47.54,48.25
2016-07-06,48.06,49.30,47.17,49.29
2016-07-07,49.12,49.59,46.15,46.56
2016-07-08,46.60,47.23,46.15,46.59
2016-07-11,46.49,47.10,45.90,46.05
2016-07-12,46.17,48.57,46.09,48.15
2016-07-13,48.13,48.20,46.09,46.61
2016-07-14,46.59,47.47,46.34,47.14
2016-07-15,47.03,48.05,46.65,47.79
2016-07-18,47.92,47.95,46.50,46.96
2016-07-19,46.93,47.49,46.53,46.71
2016-07-20,46.76,47.49,45.90,47.13
2016-07-21,47.17,47.56,46.05,46.09
2016-07-22,46.21,46.50,45.17,45.71
2016-07-25,45.70,45.87,44.55,44.75
2016-07-26,44.82,44.96,44.14,44.59
2016-07-27,44.55,44.91,43.28,43.40
2016-07-28,43.53,43.72,42.56,42.69
2016-07-29,42.61,42.83,41.80,42.49
2016-08-01,43.11,43.85,41.87,42.22
2016-08-02,42.23,43.18,41.51,41.93
2016-08-03,41.94,43.44,41.56,43.42
2016-08-04,43.36,44.34,42.51,44.20
2016-08-05,44.18,44.49,43.51,44.39
2016-08-08,44.34,45.71,44.24,45.18
2016-08-09,45.25,45.77,44.76,44.99
2016-08-10,44.92,45.68,43.82,43.85
2016-08-11,43.78,46.30,43.46,46.04
2016-08-12,46.18,47.25,45.74,47.19
2016-08-15,47.14,48.54,46.84,48.24
2016-08-16,48.22,49.36,47.90,49.10
2016-08-17,48.94,49.93,48.55,49.84
2016-08-18,49.76,51.05,49.52,50.83
2016-08-19,50.96,51.22,50.32,50.83
2016-08-22,50.70,50.70,49.10,49.16
2016-08-23,49.04,50.21,48.48,49.55
2016-08-24,49.57,49.87,48.68,49.02
2016-08-25,49.03,49.78,48.70,49.68
2016-08-26,49.66,50.76,49.12,49.67
2016-08-29,49.48,49.60,48.97,49.23
2016-08-30,49.54,49.76,48.23,48.35
2016-08-31,48.29,48.42,46.96,47.04
2016-09-01,46.98,47.24,45.32,45.75
2016-09-02,45.79,47.02,45.41,46.72
2016-09-05,46.70,49.40,46.40,47.40
2016-09-06,47.43,47.99,46.29,47.35
2016-09-07,47.20,48.55,46.97,48.54
2016-09-08,48.55,50.14,48.21,49.70
2016-09-09,49.63,49.70,47.76,47.81
2016-09-12,47.81,48.63,46.90,48.14
2016-09-13,48.17,48.22,46.96,47.33
2016-09-14,47.33,47.48,45.70,46.00
2016-09-15,46.06,47.00,45.67,46.36
2016-09-16,46.31,46.41,45.48,46.03
2016-09-19,46.01,46.93,45.85,45.95
2016-09-20,45.91,46.30,45.09,46.16
2016-09-21,46.45,47.13,46.38,47.10
2016-09-22,46.99,47.83,46.99,47.54
2016-09-23,47.42,48.26,45.65,46.06
2016-09-26,46.05,47.66,45.74,46.99
2016-09-27,47.06,47.28,45.63,46.23
2016-09-28,46.14,48.96,45.70,48.67
2016-09-29,48.87,49.81,47.99,49.01
2016-09-30,49.18,49.25,48.21,49.05
2016-10-03,50.02,51.14,49.74,50.79
2016-10-04,50.93,51.37,50.34,51.20
2016-10-05,51.22,52.09,51.22,51.77
2016-10-06,51.76,52.75,51.32,52.67
2016-10-07,52.72,52.84,51.33,51.70
2016-10-10,51.63,53.73,51.30,52.97
2016-10-11,53.11,53.32,52.12,52.48
2016-10-12,52.48,52.87,51.61,51.84
2016-10-13,51.60,52.15,50.92,51.97
2016-10-14,52.06,52.55,51.50,52.01
2016-10-17,51.93,52.29,51.16,51.69
2016-10-18,51.72,52.09,51.25,52.07
2016-10-19,52.13,53.14,52.09,52.61
2016-10-20,52.60,52.72,51.17,51.37
2016-10-21,51.40,51.89,51.12,51.87
2016-10-24,51.89,52.01,50.50,51.41
2016-10-25,51.44,51.83,50.25,50.29
2016-10-26,50.26,50.68,49.65,49.94
2016-10-27,50.05,50.90,49.83,50.40
2016-10-28,50.41,50.58,49.31,49.66
2016-10-31,49.41,49.72,47.98,48.32
2016-11-01,49.41,49.26,47.72,47.90
2016-11-02,47.90,48.02,46.46,47.11
2016-11-03,47.15,47.52,45.99,46.39
2016-11-04,46.43,46.56,45.08,45.61
2016-11-07,45.70,46.38,45.38,46.29
2016-11-08,46.30,46.69,45.60,45.88
2016-11-09,46.04,46.95,44.40,46.53
2016-11-10,46.36,46.92,45.56,45.65
2016-11-11,45.80,45.89,44.19,44.61
2016-11-14,44.54,44.99,43.57,44.73
2016-11-15,44.70,47.25,44.67,46.91
2016-11-16,46.88,47.56,46.25,46.44
2016-11-17,46.44,47.62,46.01,46.06
2016-11-18,46.05,46.99,45.75,46.83
2016-11-21,46.92,49.15,46.92,49.02
2016-11-22,49.25,49.96,48.14,49.04
2016-11-23,49.20,49.50,48.56,48.93
2016-11-24,49.03,49.21,48.76,48.86
2016-11-25,48.96,49.02,46.85,47.12
2016-11-28,46.71,48.81,46.28,48.03
2016-11-29,48.07,48.10,45.92,46.52
2016-11-30,46.54,50.49,46.51,50.45
2016-12-01,51.72,54.53,51.51,53.70
2016-12-02,53.88,54.50,52.84,54.40
2016-12-05,54.40,55.33,53.77,54.19
2016-12-06,54.50,54.94,53.51,53.94
2016-12-07,53.94,54.23,52.92,53.06
2016-12-08,53.15,54.01,52.81,54.00
2016-12-09,53.97,54.46,53.77,54.27
2016-12-13,55.70,56.44,55.13,55.25
2016-12-14,55.16,55.81,53.52,53.62
2016-12-15,53.76,54.50,53.15,54.17
2016-12-16,54.11,55.38,53.71,55.33
2016-12-19,55.40,55.80,54.69,54.82
2016-12-20,55.02,55.92,54.75,55.60
2016-12-21,55.52,55.87,54.32,54.50
2016-12-22,54.55,55.23,54.05,54.84
2016-12-23,54.84,55.25,54.26,55.08
2016-12-27,55.18,56.27,55.04,56.10
2016-12-28,56.06,56.56,55.89,55.94
2016-12-29,56.01,56.63,55.91,56.14
2016-12-30,57.00,57.20,56.46,56.75
2017-01-03,57.05,58.37,55.30,55.66
2017-01-04,55.73,56.55,55.33,56.43
2017-01-05,56.35,57.35,56.01,56.93
2017-01-06,56.88,57.47,56.28,56.81
2017-01-09,56.81,57.00,54.76,54.76
2017-01-10,54.95,55.36,53.58,53.65
2017-01-11,53.80,55.67,53.70,55.40
2017-01-12,55.19,56.43,55.01,56.07
2017-01-13,56.00,56.21,55.28,55.59
2017-01-16,55.64,55.92,55.19,55.69
2017-01-17,55.74,56.95,55.40,55.52
2017-01-18,55.48,55.90,53.77,54.30
2017-01-19,54.29,54.77,53.90,54.17
2017-01-20,54.33,55.80,54.18,55.49
2017-01-23,55.70,55.75,54.65,55.36
2017-01-24,55.42,55.87,55.07,55.20
2017-01-25,55.24,55.65,54.75,55.26
2017-01-26,55.39,56.55,55.21,56.13
2017-01-27,56.09,56.50,54.86,55.43
2017-01-30,55.47,55.70,54.97,55.31
2017-01-31,55.25,56.00,54.90,55.68
2017-02-01,55.55,56.83,55.36,56.53
2017-02-02,56.53,57.44,56.33,56.74
2017-02-03,56.92,57.30,56.39,56.80
2017-02-06,56.85,57.13,55.65,55.84
2017-02-07,55.91,55.98,54.63,54.70
2017-02-08,54.50,55.68,54.44,55.17
2017-02-09,55.30,55.92,55.23,55.68
2017-02-10,55.66,56.88,55.59,56.63
2017-02-13,56.68,56.81,55.41,55.58
2017-02-14,55.75,56.46,55.53,55.80
2017-02-15,55.82,56.25,55.56,55.67
2017-02-16,55.74,56.24,55.13,55.76
2017-02-17,55.73,55.88,55.10,55.73
2017-02-20,55.90,56.42,55.70,56.15
2017-02-21,56.17,57.31,56.10,56.69
2017-02-22,56.74,57.01,55.64,56.16
2017-02-23,56.20,57.26,56.18,56.45
2017-02-24,56.40,56.66,55.74,56.05
2017-02-27,55.96,56.77,55.89,55.94
2017-02-28,56.02,56.15,55.23,55.56
2017-03-01,56.45,57.05,56.24,56.28
2017-03-02,56.31,56.44,55.03,55.05
2017-03-03,55.18,55.95,55.09,55.80
2017-03-06,55.80,56.25,55.32,56.02
2017-03-07,55.95,56.63,55.56,55.66
2017-03-08,55.63,55.77,52.93,53.12
2017-03-09,53.49,53.86,51.50,52.47
2017-03-10,52.33,53.02,51.14,51.29
2017-03-13,51.49,51.70,50.85,51.43
2017-03-14,51.34,51.85,50.25,51.75
2017-03-15,51.50,52.15,51.36,52.10
2017-03-16,52.08,52.65,51.50,51.74
2017-03-17,51.74,52.18,51.53,51.81
2017-03-20,51.80,51.93,51.01,51.69
2017-03-21,51.70,52.22,50.73,50.84
2017-03-22,50.86,50.98,49.72,50.76
2017-03-23,50.83,51.10,50.25,50.51
2017-03-24,50.64,51.06,50.40,51.03
2017-03-27,51.03,51.10,50.03,50.81
2017-03-28,50.77,51.87,50.77,51.31
2017-03-29,51.43,52.46,51.36,52.38
2017-03-30,52.39,53.10,52.03,52.95
2017-03-31,52.83,53.45,52.35,52.74
2017-04-03,53.62,53.74,53.03,53.17
2017-04-04,53.18,54.38,52.73,54.25
2017-04-05,54.22,55.09,53.98,54.09
2017-04-06,54.13,55.00,54.02,54.85
2017-04-07,54.88,56.08,54.57,55.27
2017-04-10,55.19,56.04,55.19,56.00
2017-04-11,56.08,56.29,55.45,56.28
2017-04-12,56.28,56.65,55.53,55.58
2017-04-13,55.66,56.06,55.57,55.67
2017-04-18,55.39,55.48,54.61,54.79
2017-04-19,54.78,55.20,52.58,53.02
2017-04-20,53.09,53.55,52.68,52.96
2017-04-21,53.00,53.29,51.57,51.99
2017-04-24,52.11,52.57,51.42,51.55
2017-04-25,51.60,52.39,51.30,51.81
2017-04-26,51.81,52.46,51.38,51.52
2017-04-27,51.57,51.76,50.45,51.65
2017-04-28,51.58,52.12,51.31,51.71
2017-05-02,51.39,52.16,50.14,50.90
2017-05-03,50.99,51.14,50.20,50.53
2017-05-04,50.59,50.73,48.16,48.45
2017-05-05,48.45,49.63,46.64,49.44
2017-05-08,49.27,49.92,48.48,49.42
2017-05-09,49.44,49.72,48.39,48.97
2017-05-10,48.95,50.63,48.81,50.26
2017-05-11,50.28,51.16,50.25,50.78
2017-05-12,50.76,51.09,50.33,50.84
2017-05-15,50.89,52.63,50.74,51.75
2017-05-16,51.88,52.36,51.10,51.30
2017-05-17,51.20,52.61,51.04,52.14
2017-05-18,52.19,52.74,51.11,52.46
2017-05-19,52.57,53.80,52.55,53.74
2017-05-22,53.85,54.37,53.66,53.76
2017-05-23,53.87,54.43,53.20,54.18
2017-05-24,54.14,54.62,53.66,53.92
2017-05-25,54.15,54.67,51.03,51.25
2017-05-26,51.38,52.27,50.71,52.25
2017-05-29,52.24,52.61,51.86,52.25
2017-05-30,52.25,52.35,51.19,51.79
2017-05-31,51.92,51.92,49.81,50.29
2017-06-01,51.17,51.45,50.24,50.30
2017-06-02,50.23,50.52,48.95,50.07
2017-06-05,49.87,50.74,49.04,49.47
2017-06-06,49.57,50.30,49.00,49.91
2017-06-07,49.97,50.14,47.96,48.19
2017-06-08,48.26,48.60,47.56,47.92
2017-06-09,47.79,48.56,47.44,48.25
2017-06-12,48.06,49.15,48.01,48.21
2017-06-13,48.32,48.82,47.87,48.31
2017-06-14,48.18,48.69,46.74,46.99
2017-06-15,46.80,47.20,46.70,46.86
2017-06-16,46.82,47.61,46.81,47.31
2017-06-19,47.21,47.76,46.77,46.87
2017-06-20,46.96,47.23,45.45,45.81
2017-06-21,45.89,46.63,44.35,44.77
2017-06-22,44.81,45.79,44.53,45.27
2017-06-23,45.28,45.75,45.03,45.64
2017-06-26,45.63,46.24,45.04,45.94
2017-06-27,45.85,47.06,45.79,46.12
2017-06-28,46.25,47.47,46.25,47.42
2017-06-29,47.39,48.03,47.14,47.35
2017-06-30,47.46,48.12,47.46,47.90
2017-07-03,48.95,49.71,48.54,49.57
2017-07-04,49.63,49.90,49.29,49.68
2017-07-05,49.67,49.84,47.00,48.22
2017-07-06,48.28,49.18,47.77,47.90
2017-07-07,47.76,47.76,46.28,46.82
2017-07-10,46.84,47.38,46.11,46.97
2017-07-11,46.99,48.20,46.29,48.15
2017-07-12,48.21,48.79,47.35,47.68
2017-07-13,47.70,48.53,47.18,48.42
2017-07-14,48.37,49.11,48.15,49.03
2017-07-17,49.14,49.26,48.31,48.35
2017-07-18,48.40,49.41,48.24,48.70
2017-07-19,48.70,49.81,48.58,49.66
2017-07-20,49.65,50.19,49.19,49.34
2017-07-21,49.33,49.65,47.81,47.92
2017-07-24,47.96,48.76,47.68,48.70
2017-07-25,48.64,50.78,48.63,50.78
2017-07-26,50.63,51.06,50.07,50.90
2017-07-27,50.86,51.64,50.50,51.62
2017-07-28,51.60,52.70,51.31,52.55
2017-07-31,52.60,52.92,52.20,52.62
2017-08-01,52.70,52.93,50.88,51.33
2017-08-02,51.38,52.43,51.18,52.34
2017-08-03,52.24,52.89,51.77,51.92
2017-08-04,51.97,52.52,51.43,52.39
2017-08-07,52.39,52.53,51.37,52.22
2017-08-08,52.24,52.73,51.82,51.94
2017-08-09,51.99,52.77,51.81,52.76
2017-08-10,52.72,53.64,51.67,51.87
2017-08-11,51.94,52.28,51.30,52.01
2017-08-14,52.02,52.38,50.58,50.65
2017-08-15,50.65,51.15,50.02,51.01
2017-08-16,50.98,51.40,50.15,50.34
2017-08-17,50.40,51.12,50.00,50.87
2017-08-18,50.89,52.96,50.78,52.87
2017-08-21,53.00,53.00,51.30,51.68
2017-08-22,51.78,52.28,51.39,51.60
2017-08-23,51.68,52.63,51.45,52.52
2017-08-24,52.55,52.71,51.61,52.16
2017-08-25,52.30,52.68,51.93,52.36
2017-08-28,52.38,52.84,51.52,52.03
2017-08-29,52.04,52.19,51.36,52.00
2017-08-30,51.97,52.01,50.58,50.66
2017-08-31,50.58,52.43,50.56,52.31
2017-09-01,52.84,52.95,52.24,52.76
2017-09-04,52.85,52.85,51.99,52.20
2017-09-05,52.30,53.66,52.09,53.12
2017-09-06,53.16,54.31,53.09,54.18
2017-09-07,54.13,54.67,53.89,54.54
2017-09-08,54.54,54.87,53.57,53.76
2017-09-11,53.82,54.14,53.04,53.86
2017-09-12,53.77,54.44,53.42,54.25
2017-09-13,54.18,55.21,54.03,55.13
2017-09-14,55.02,55.99,54.93,55.28
2017-09-15,55.29,55.85,54.86,55.55
2017-09-18,55.59,55.95,54.82,55.42
2017-09-19,55.48,55.89,54.89,55.40
2017-09-20,55.35,56.48,55.26,56.20
2017-09-21,56.17,56.53,55.76,56.51
2017-09-22,56.50,56.91,56.22,56.80
2017-09-25,56.80,59.20,56.70,59.11
2017-09-26,59.05,59.49,57.77,58.61
2017-09-27,58.57,58.89,57.57,57.70
2017-09-28,57.70,58.65,56.85,57.67
2017-09-29,57.60,57.80,57.14,57.51
2017-10-02,56.73,56.76,55.50,56.07
2017-10-03,56.10,56.40,55.70,55.75
2017-10-04,55.67,56.20,55.38,55.80
2017-10-05,55.77,57.24,55.70,57.00
2017-10-06,56.99,57.28,55.13,55.55
2017-10-09,55.50,55.98,55.06,55.65
2017-10-10,55.78,56.91,55.73,56.52
2017-10-11,56.56,57.09,56.14,56.64
2017-10-12,56.74,56.83,55.88,56.39
2017-10-13,56.44,57.57,56.34,57.19
2017-10-16,57.28,58.47,57.12,57.89
2017-10-17,57.78,58.35,57.18,58.11
2017-10-18,58.16,58.54,57.74,58.21
2017-10-19,58.24,58.30,57.02,57.27
2017-10-20,57.32,57.90,56.60,57.90
2017-10-23,57.95,58.05,57.27,57.32
2017-10-24,57.41,58.49,57.04,58.45
2017-10-25,58.44,58.74,57.85,58.42
2017-10-26,58.42,59.51,58.05,59.49
2017-10-27,59.37,60.53,58.82,60.50
2017-10-30,60.66,61.00,60.14,60.96
2017-10-31,60.86,61.41,60.53,61.32
2017-11-01,60.86,61.70,60.00,60.46
2017-11-02,60.50,60.86,60.02,60.69
2017-11-03,60.88,62.23,60.60,62.06
2017-11-06,62.27,64.44,62.08,64.15
2017-11-07,64.12,64.65,63.50,63.51
2017-11-08,63.69,64.64,62.95,63.51
2017-11-09,63.52,64.25,63.26,63.82
2017-11-10,63.80,64.27,63.35,63.62
2017-11-13,63.68,63.77,62.61,63.14
2017-11-14,63.06,63.17,61.33,61.34
2017-11-15,61.55,62.13,61.30,61.87
2017-11-16,61.88,62.15,61.25,61.35
2017-11-17,61.41,62.92,61.08,62.72
2017-11-20,62.80,62.80,61.44,62.13
2017-11-21,62.10,62.84,62.07,62.72
2017-11-22,62.78,63.43,62.62,63.33
2017-11-23,63.24,63.57,62.88,63.42
2017-11-24,63.35,63.95,63.28,63.73
2017-11-27,63.80,63.99,63.10,63.74
2017-11-28,63.78,63.89,63.10,63.35
2017-11-29,63.30,64.07,62.50,63.43
2017-11-30,63.28,64.21,63.21,63.57
2017-12-01,62.74,64.30,62.59,63.67
2017-12-04,63.50,63.68,62.31,62.44
2017-12-05,62.45,63.15,62.12,62.67
2017-12-06,62.64,62.93,61.13,61.23
2017-12-07,61.30,62.26,61.15,62.10
2017-12-08,62.08,63.64,62.01,63.32
2017-12-11,63.29,64.93,62.99,64.68
2017-12-12,64.66,65.83,63.07,63.84
2017-12-13,63.80,64.32,62.36,62.67
2017-12-14,62.81,63.50,62.01,63.41
2017-12-15,63.39,63.68,63.08,63.25
2017-12-18,63.36,63.91,63.00,63.38
2017-12-19,63.41,63.91,63.30,63.81
2017-12-20,63.83,64.60,63.67,64.54
2017-12-21,64.49,64.93,64.20,64.77
2017-12-22,64.63,65.28,64.38,65.04
2017-12-27,66.76,66.94,66.03,66.36
2017-12-28,66.43,66.85,66.23,66.57
2017-12-29,66.15,66.98,66.15,66.62
2018-01-02,66.55,67.29,66.24,66.54
2018-01-03,66.54,68.03,66.40,67.99
2018-01-04,67.89,68.27,67.62,68.02
2018-01-05,67.97,68.11,67.26,67.70
2018-01-08,67.80,67.99,67.44,67.94
2018-01-09,68.00,69.25,67.70,69.19
2018-01-10,69.12,69.37,68.75,69.09
2018-01-11,69.15,70.05,69.00,69.12
2018-01-12,69.15,69.93,68.61,69.86
2018-01-15,69.88,70.37,69.55,70.24
2018-01-16,70.05,70.13,68.83,69.32
2018-01-17,69.35,69.59,68.55,69.43
2018-01-18,69.53,69.63,68.80,69.15
2018-01-19,69.01,69.08,68.28,68.81
2018-01-22,68.80,69.51,68.39,69.38
2018-01-23,69.17,70.24,69.12,69.89
2018-01-24,69.97,70.94,69.54,70.76
2018-01-25,70.95,71.28,69.97,70.12
2018-01-26,70.07,70.83,70.05,70.49
2018-01-29,70.47,70.64,69.07,69.41
2018-01-30,69.30,69.39,68.40,68.53
2018-01-31,68.43,69.15,68.33,69.06
2018-02-01,69.00,69.97,68.81,69.84
2018-02-02,70.00,70.02,67.96,68.27
2018-02-05,68.15,68.46,66.99,67.03
2018-02-06,67.02,67.60,66.53,67.25
2018-02-07,67.20,67.72,65.16,65.36
2018-02-08,65.28,65.60,64.10,64.24
2018-02-09,64.44,64.64,61.77,62.78
2018-02-12,62.50,64.40,62.50,62.68
2018-02-13,62.85,63.10,61.76,62.55
2018-02-14,62.84,64.58,61.95,64.40
2018-02-15,64.44,65.15,63.12,64.47
2018-02-16,64.66,65.22,64.19,64.92
2018-02-19,64.96,65.90,64.84,65.53
2018-02-20,65.64,65.81,64.78,65.15
2018-02-21,65.05,65.53,64.40,65.08
2018-02-22,64.91,66.56,64.62,66.32
2018-02-23,66.30,67.37,65.79,67.32
2018-02-26,67.29,67.90,66.72,67.56
2018-02-27,67.57,67.61,66.32,66.46
2018-02-28,66.41,66.87,65.43,65.76
2018-03-01,64.57,65.04,63.19,64.17
2018-03-02,64.07,64.61,63.20,64.56
2018-03-05,64.65,65.88,64.10,65.56
2018-03-06,64.65,66.16,65.30,65.59
2018-03-07,65.23,65.80,63.83,64.52
2018-03-08,64.51,64.56,63.43,63.86
2018-03-09,63.93,65.63,63.69,65.57
2018-03-12,65.50,65.86,64.18,64.95
2018-03-13,64.92,65.68,64.05,64.79
2018-03-14,64.73,65.21,64.06,64.90
2018-03-15,64.90,65.38,64.61,65.02
2018-03-16,65.07,66.42,64.88,66.03
2018-03-19,66.01,66.39,65.39,66.15
2018-03-20,66.15,67.88,66.15,67.57
2018-03-21,67.61,69.86,67.48,69.86
2018-03-22,69.63,69.70,68.58,68.83
2018-03-23,69.11,70.57,68.87,70.36
2018-03-26,70.43,71.05,69.67,70.04
2018-03-27,70.13,71.03,69.45,69.56
2018-03-28,69.72,70.25,68.78,69.81
2018-03-29,69.86,70.44,69.10,70.22
2018-04-03,67.63,68.46,67.62,68.16
2018-04-04,68.15,68.28,66.69,68.24
2018-04-05,68.36,68.93,67.73,68.53
2018-04-06,68.09,68.62,66.86,67.04
2018-04-09,67.10,68.80,67.00,68.52
2018-04-10,68.46,71.34,68.46,71.02
2018-04-11,71.03,73.09,70.57,71.96
2018-04-12,72.09,72.49,71.10,72.08
2018-04-13,71.94,72.88,71.56,72.59
2018-04-16,72.70,72.85,71.11,71.49
2018-04-17,71.65,71.89,70.83,71.72
2018-04-18,71.72,73.93,71.66,73.83
2018-04-19,73.72,74.75,73.46,73.60
2018-04-20,73.94,74.20,72.83,73.68
2018-04-23,73.77,75.10,73.13,75.00
2018-04-24,75.09,75.47,73.68,73.86
2018-04-25,74.00,74.19,73.17,74.04
2018-04-26,74.23,74.97,74.11,74.77
2018-04-27,74.72,75.03,74.35,74.45
2018-04-30,74.62,75.41,73.47,75.16
2018-05-01,74.65,74.98,72.74,73.29
2018-05-02,73.28,73.63,72.38,73.09
2018-05-03,73.07,74.09,72.47,73.69
2018-05-04,73.74,75.08,73.24,74.97
2018-05-07,75.00,76.34,74.83,75.53
2018-05-08,75.60,76.18,73.10,75.96
2018-05-09,76.19,77.43,76.08,77.35
2018-05-10,77.44,78.00,76.51,77.45
2018-05-11,77.55,77.60,76.95,76.99
2018-05-14,77.05,78.53,76.55,78.43
2018-05-15,78.42,79.47,77.90,77.99
2018-05-16,78.10,79.33,77.61,79.30
2018-05-17,79.26,80.50,79.12,79.52
2018-05-18,79.46,79.87,78.33,78.67
2018-05-21,78.61,79.59,78.10,79.51
2018-05-22,79.36,80.49,79.16,79.46
2018-05-23,79.47,79.85,78.21,79.69
2018-05-24,79.65,79.78,78.57,78.77
2018-05-25,78.82,78.88,76.01,76.22
2018-05-28,76.11,76.17,74.49,75.32
2018-05-29,75.82,76.20,74.54,75.38
2018-05-30,75.37,77.73,74.81,77.47
2018-05-31,77.37,78.75,77.04,77.59
2018-06-01,77.71,77.95,76.35,76.56
2018-06-04,76.66,76.95,75.20,75.32
2018-06-05,75.40,75.74,73.81,75.07
2018-06-06,75.19,76.25,74.46,75.78
2018-06-07,75.88,77.39,75.44,77.31
2018-06-08,77.39,77.61,76.12,76.44
2018-06-11,76.30,76.84,75.52,76.37
2018-06-12,76.50,77.07,75.50,75.55
2018-06-13,75.40,76.87,75.26,76.53
2018-06-14,76.56,76.92,75.76,75.97
2018-06-15,75.98,76.06,73.06,73.09
2018-06-18,73.06,75.47,72.45,75.32
2018-06-19,75.24,75.55,74.45,75.01
2018-06-20,75.20,75.86,74.10,74.21
2018-06-21,74.46,74.69,72.93,73.10
2018-06-22,73.24,75.80,73.24,75.65
2018-06-25,74.80,75.13,73.74,74.93
2018-06-26,74.74,76.72,74.13,76.66
2018-06-27,76.54,78.16,76.28,77.34
2018-06-28,77.50,78.42,77.09,77.68
2018-06-29,77.79,79.70,77.45,79.42
2018-07-02,78.55,78.95,77.16,77.35
2018-07-03,77.40,78.55,76.67,77.81
2018-07-04,77.89,78.28,77.61,78.16
2018-07-05,78.14,78.50,77.30,77.57
2018-07-06,77.57,77.68,76.36,77.13
2018-07-09,77.21,78.31,77.04,78.22
2018-07-10,78.25,79.51,78.15,79.03
2018-07-11,78.78,78.83,73.04,74.03
2018-07-12,74.17,75.10,72.67,74.40
2018-07-13,74.34,75.93,73.22,74.87
2018-07-16,74.92,75.37,71.52,71.94
2018-07-17,72.01,72.78,71.35,71.60
2018-07-18,71.74,73.28,71.19,73.00
2018-07-19,73.06,73.79,71.83,72.61
2018-07-20,72.65,73.47,72.26,72.99
2018-07-23,73.22,74.50,72.52,72.94
2018-07-24,72.91,74.00,72.68,73.64
2018-07-25,73.70,74.30,73.07,74.04
2018-07-26,74.37,74.83,73.77,74.42
2018-07-27,74.50,74.85,73.83,74.27
2018-07-30,74.31,75.27,74.14,74.82
2018-07-31,74.93,75.10,74.14,74.25
2018-08-01,74.07,74.12,72.13,72.47
2018-08-02,72.42,73.75,71.84,73.40
2018-08-03,73.37,73.73,72.48,73.31
2018-08-06,73.21,74.47,73.08,73.65
2018-08-07,73.61,74.90,73.57,74.51
2018-08-08,74.64,74.87,71.65,72.21
2018-08-09,72.16,72.89,71.86,71.98
2018-08-10,71.97,73.14,71.40,72.94
2018-08-13,73.00,73.09,71.04,72.78
2018-08-14,72.82,73.93,72.16,72.20
2018-08-15,72.22,72.44,70.30,70.75
2018-08-16,70.65,71.52,70.40,71.40
2018-08-17,71.35,72.49,71.25,71.82
2018-08-20,71.77,72.75,71.42,72.22
2018-08-21,72.15,72.95,72.05,72.75
2018-08-22,72.76,75.00,72.70,74.78
2018-08-23,74.72,74.87,74.21,74.80
2018-08-24,74.73,76.42,74.68,75.67
2018-08-27,75.54,76.34,75.39,76.30
2018-08-28,76.34,76.97,75.73,75.96
2018-08-29,75.99,77.42,75.67,77.36
2018-08-30,77.33,78.03,77.18,77.59
2018-08-31,77.53,77.79,77.00,77.45
2018-09-03,77.69,78.44,77.30,78.01
2018-09-04,78.19,79.72,77.44,77.80
2018-09-05,77.82,78.09,76.91,77.11
2018-09-06,77.02,77.77,75.64,76.60
2018-09-07,76.69,77.10,75.88,77.01
2018-09-10,77.08,77.92,76.90,77.39
2018-09-11,77.38,79.54,77.36,79.35
2018-09-12,79.42,80.13,78.75,79.73
2018-09-13,79.60,79.71,77.87,78.30
2018-09-14,78.45,78.94,77.37,78.12
2018-09-17,78.07,78.90,77.73,77.90
2018-09-18,77.78,79.73,77.46,78.85
2018-09-19,78.97,79.50,78.51,79.30
2018-09-20,79.44,79.83,78.51,78.60
2018-09-21,78.67,80.12,78.23,78.73
2018-09-24,78.97,81.48,78.97,81.47
2018-09-25,81.35,82.55,81.17,81.50
2018-09-26,81.45,82.22,81.10,81.66
2018-09-27,82.19,82.44,81.32,81.68
2018-09-28,81.63,82.87,81.60,82.69
2018-10-01,82.79,85.45,82.55,85.16
2018-10-02,84.95,85.38,84.31,84.65
2018-10-03,84.79,86.74,84.01,85.97
2018-10-04,85.99,86.43,84.14,84.79
2018-10-05,84.89,85.12,83.92,84.03
2018-10-08,84.17,84.31,82.66,83.85
2018-10-09,83.91,85.45,83.73,84.88
2018-10-10,84.98,85.17,82.26,82.54
2018-10-11,82.47,82.63,79.80,80.19
2018-10-12,80.28,81.48,79.23,80.52
2018-10-15,81.00,81.92,79.85,80.80
2018-10-16,80.88,81.75,79.80,81.69
2018-10-17,81.74,81.85,79.17,80.31
2018-10-18,80.23,80.31,78.69,79.32
2018-10-19,79.44,80.88,79.22,80.00
2018-10-22,80.11,80.41,78.99,80.10
2018-10-23,80.04,80.12,75.88,76.12
2018-10-24,76.35,77.57,75.11,75.55
2018-10-25,75.67,77.08,75.35,76.74
2018-10-26,76.60,77.91,75.77,77.75
2018-10-29,77.64,78.03,76.55,76.86
2018-10-30,76.82,77.32,75.09,76.13
2018-10-31,76.28,76.92,75.42,75.46
2018-11-01,76.28,74.99,72.56,72.72
2018-11-02,72.75,73.50,72.16,72.61
2018-11-05,72.85,74.13,72.26,72.68
2018-11-06,72.85,73.28,71.18,71.63
2018-11-07,71.66,73.55,71.36,72.02
2018-11-08,72.10,73.08,70.56,70.83
2018-11-09,70.87,70.99,69.13,69.63
2018-11-12,70.69,71.88,68.87,69.22
2018-11-13,69.13,69.68,64.61,65.18
2018-11-14,65.62,67.63,65.02,65.87
2018-11-15,66.12,67.42,65.77,66.64
2018-11-16,66.68,68.38,66.06,66.98
2018-11-19,66.99,67.64,65.27,66.90
2018-11-20,66.90,66.90,61.71,62.36
2018-11-21,62.60,64.48,62.56,63.39
2018-11-22,63.60,63.81,62.27,62.52
2018-11-23,62.58,62.79,58.41,59.19
2018-11-26,58.98,61.13,58.60,60.53
2018-11-27,60.39,61.40,58.92,60.80
2018-11-28,60.63,61.27,58.56,58.69
2018-11-29,59.12,60.37,57.50,59.39
2018-11-30,59.28,59.93,58.25,58.68
2018-12-03,59.98,62.60,59.85,61.89
2018-12-04,61.90,63.58,61.25,61.37
2018-12-05,61.35,63.29,60.80,61.60
2018-12-06,61.36,61.97,58.36,60.32
2018-12-07,60.25,63.73,59.10,61.35
2018-12-10,61.34,62.33,59.61,59.92
2018-12-11,59.91,61.10,59.58,60.54
2018-12-12,60.67,61.43,59.98,60.16
2018-12-13,60.29,62.02,59.33,61.75
2018-12-14,61.53,61.58,59.92,60.28
2018-12-17,60.25,61.21,58.69,58.70
2018-12-18,59.00,59.24,55.89,56.17
2018-12-19,56.51,58.11,56.04,56.45
2018-12-20,56.49,56.75,54.28,54.73
2018-12-21,54.97,55.33,52.79,53.54
2018-12-24,53.49,54.66,50.36,50.49
2018-12-27,54.65,54.67,51.94,52.82
2018-12-28,53.44,53.80,51.60,52.23
2018-12-31,53.00,54.82,52.66,54.15
2019-01-02,54.12,56.56,52.51,54.96
2019-01-03,54.29,56.30,53.93,55.51
2019-01-04,55.67,58.31,55.34,57.44
2019-01-07,57.41,58.93,57.26,57.61
2019-01-08,57.64,58.87,57.13,58.72
2019-01-09,59.15,61.69,59.05,61.29
2019-01-10,61.15,61.91,60.44,61.32
2019-01-11,61.19,62.49,60.08,60.48
2019-01-14,60.28,61.04,58.90,59.20
2019-01-15,59.36,60.86,59.11,60.57
2019-01-16,60.42,61.45,60.03,61.35
2019-01-17,61.05,61.54,60.04,61.24
2019-01-18,61.33,63.00,61.32,62.71
2019-01-21,62.74,63.15,62.25,62.85
2019-01-22,62.59,62.71,60.57,61.48
2019-01-23,61.37,62.33,60.21,60.94
2019-01-24,61.02,61.51,60.41,61.17
2019-01-25,61.13,61.92,60.70,61.52
2019-01-28,61.49,61.69,59.49,59.93
2019-01-29,59.87,61.79,59.75,61.30
2019-01-30,61.26,62.67,61.04,61.80
2019-01-31,61.97,62.32,61.57,61.90
2019-02-01,61.06,62.97,60.46,62.85
2019-02-04,62.83,63.63,61.28,62.64
2019-02-05,62.64,63.02,61.72,62.00
2019-02-06,62.06,62.80,61.05,62.63
2019-02-07,62.50,62.91,60.60,61.63
2019-02-08,61.66,62.36,61.04,62.09
2019-02-11,62.11,62.34,60.90,61.50
2019-02-12,61.59,63.34,61.59,62.54
2019-02-13,62.70,63.98,62.69,63.72
2019-02-14,63.69,64.81,63.25,64.62
2019-02-15,64.86,66.39,64.42,66.27
2019-02-18,66.39,66.83,65.90,66.49
2019-02-19,66.44,66.65,65.58,66.43
2019-02-20,66.30,67.38,65.63,67.16
2019-02-21,67.05,67.31,66.69,66.91
2019-02-22,66.96,67.73,66.87,66.99
2019-02-25,66.97,67.47,64.54,64.71
2019-02-26,64.79,65.74,64.32,65.61
2019-02-27,65.64,66.70,65.27,66.37
2019-02-28,66.38,66.38,65.67,66.02
2019-03-01,66.48,67.14,64.59,64.90
2019-03-04,64.97,66.34,64.93,65.56
2019-03-05,65.46,66.23,65.04,65.65
2019-03-06,65.49,66.18,65.22,65.92
2019-03-07,65.88,67.00,65.75,66.11
2019-03-08,66.08,66.09,64.02,65.68
2019-03-11,65.76,66.75,65.63,66.63
2019-03-12,66.70,67.39,66.34,66.78
2019-03-13,66.91,67.76,66.70,67.64
2019-03-14,67.65,68.14,67.03,67.21
2019-03-15,67.18,67.71,66.14,66.20
2019-03-18,67.14,67.69,66.69,67.39
2019-03-19,67.49,68.20,67.13,67.68
2019-03-20,67.66,68.57,67.19,68.27
2019-03-21,68.38,68.69,67.93,68.12
2019-03-25,67.00,67.65,66.36,67.20
2019-03-26,67.36,68.23,67.24,68.00
2019-03-27,67.90,68.35,67.19,67.89
2019-03-28,67.75,68.00,66.54,68.00
2019-03-29,68.01,68.89,67.81,68.39
2019-04-01,67.58,69.19,67.58,69.12
2019-04-02,69.22,69.52,68.69,69.42
2019-04-03,69.47,69.96,68.80,69.45
2019-04-04,69.44,70.03,68.87,69.23
2019-04-05,69.13,70.48,68.92,70.41
2019-04-08,70.56,71.19,70.43,71.09
2019-04-09,71.19,71.34,70.30,70.80
2019-04-10,70.82,71.78,70.57,71.62
2019-04-11,71.56,71.68,70.57,70.94
2019-04-12,70.95,71.87,70.90,71.52
2019-04-15,71.55,71.60,70.78,71.26
2019-04-16,71.21,71.95,70.74,71.92
2019-04-17,71.83,72.27,71.45,71.61
2019-04-18,71.63,72.04,71.20,71.96
2019-04-23,74.38,74.73,73.99,74.41
2019-04-24,74.27,74.73,74.02,74.51
2019-04-25,74.46,75.60,74.00,74.29
2019-04-26,74.20,74.42,71.30,71.62
2019-04-29,71.56,72.50,71.06,72.06
2019-04-30,71.94,73.27,71.73,72.78
2019-05-02,72.00,72.22,69.68,70.44
2019-05-03,70.48,71.54,69.95,70.86
2019-05-06,70.59,71.79,68.79,71.51
2019-05-07,71.15,71.33,69.38,69.73
2019-05-08,69.88,70.70,69.33,70.25
2019-05-09,70.23,70.65,69.40,70.20
2019-05-10,70.45,71.23,70.18,70.76
2019-05-13,70.83,72.58,69.72,69.97
2019-05-14,70.02,71.65,69.93,70.92
2019-05-15,70.90,72.25,70.42,71.92
2019-05-16,72.05,73.36,71.82,72.78
2019-05-17,72.82,73.23,71.79,72.07
2019-05-20,72.50,73.40,71.60,72.06
2019-05-21,72.15,72.52,71.63,72.03
2019-05-22,71.91,72.04,70.42,70.82
2019-05-23,70.86,70.97,67.02,67.89
2019-05-24,67.99,69.30,67.33,69.30
2019-05-27,69.15,70.23,68.53,70.01
2019-05-28,69.99,70.59,69.58,70.07
2019-05-29,70.10,70.10,68.08,69.70
2019-05-30,69.68,69.96,66.31,66.50
2019-05-31,66.24,66.28,64.37,64.47
2019-06-03,61.64,62.84,60.55,60.75
2019-06-04,61.00,62.12,60.21,61.38
2019-06-05,61.58,62.27,59.45,60.61
2019-06-06,60.40,62.43,60.22,62.22
2019-06-07,62.40,63.59,61.77,63.35
2019-06-10,63.58,64.10,62.05,62.36
2019-06-11,62.30,62.87,62.01,62.16
2019-06-12,61.79,61.85,59.57,59.82
2019-06-13,59.94,62.64,59.78,61.34
2019-06-14,61.25,62.57,60.74,62.07
2019-06-17,62.07,62.37,60.74,61.01
2019-06-18,60.93,62.84,60.25,62.32
2019-06-19,62.40,62.55,61.40,62.26
2019-06-20,62.45,64.82,62.40,64.55
2019-06-21,64.86,65.76,64.00,65.34
2019-06-24,65.50,65.79,64.08,64.84
2019-06-25,64.89,65.98,64.17,65.87
2019-06-26,65.80,66.85,65.60,66.24
2019-06-27,66.05,66.82,65.63,66.41
2019-06-28,66.51,66.84,66.08,66.51
2019-07-01,65.05,66.75,64.22,65.08
2019-07-02,64.80,65.51,62.22,62.58
2019-07-03,62.90,64.01,62.09,63.89
2019-07-04,63.88,64.07,62.95,63.18
2019-07-05,63.27,64.52,62.91,64.47
2019-07-08,64.34,65.14,63.79,63.90
2019-07-09,63.81,64.75,63.76,64.57
2019-07-10,64.78,67.12,64.63,66.67
2019-07-11,66.81,67.65,66.43,66.71
2019-07-12,66.83,67.29,66.51,66.85
2019-07-15,66.87,67.47,66.11,66.15
2019-07-16,66.31,67.09,63.82,64.40
2019-07-17,64.44,65.28,63.22,63.41
2019-07-18,63.52,64.46,61.29,62.51
2019-07-19,62.50,63.37,61.83,62.87
2019-07-22,63.05,64.03,62.77,63.37
2019-07-23,63.26,64.46,62.66,64.21
2019-07-24,64.13,64.66,62.59,63.10
2019-07-25,63.21,64.23,63.01,63.07
2019-07-26,63.28,63.96,63.01,63.32
2019-07-29,63.32,63.89,62.92,63.86
2019-07-30,63.91,65.14,63.90,64.97
2019-07-31,64.95,65.42,64.95,65.18
2019-08-01,64.09,64.54,60.02,61.09
2019-08-02,61.16,62.95,60.98,61.29
2019-08-05,61.46,61.56,59.66,59.91
2019-08-06,59.56,60.56,58.81,58.85
2019-08-07,58.68,59.23,55.88,57.46
2019-08-08,57.48,58.01,56.77,57.74
2019-08-09,57.74,59.10,57.11,58.28
2019-08-12,58.30,58.88,57.88,58.53
2019-08-13,58.47,61.50,58.00,60.99
2019-08-14,61.07,61.08,58.21,58.97
2019-08-15,59.07,59.42,57.67,58.32
2019-08-16,58.41,59.50,58.28,58.61
2019-08-19,58.72,59.92,58.64,59.79
2019-08-20,59.68,60.32,58.95,60.12
2019-08-21,60.11,61.41,60.07,60.38
2019-08-22,60.43,60.89,59.47,59.99
2019-08-23,60.11,60.29,58.30,59.13
2019-08-26,58.35,60.17,58.24,58.86
2019-08-27,58.80,59.94,58.51,59.94
2019-08-28,60.04,61.00,59.80,60.44
2019-08-29,60.48,61.19,59.98,61.00
2019-08-30,60.98,61.17,60.25,60.43
2019-09-02,58.80,59.26,58.10,58.61
2019-09-03,58.54,58.87,57.23,58.28
2019-09-04,58.17,60.96,58.13,60.48
2019-09-05,60.49,62.40,60.25,60.74
2019-09-06,60.81,61.88,59.40,61.59
2019-09-09,61.60,63.00,61.57,62.71
2019-09-10,62.82,63.78,62.17,62.79
2019-09-11,62.88,63.27,60.52,61.00
2019-09-12,61.16,61.39,58.92,60.35
2019-09-13,60.45,60.81,59.60,60.17
2019-09-16,66.45,71.95,64.75,67.78
2019-09-17,68.15,69.26,63.55,64.04
2019-09-18,64.23,64.99,63.04,63.66
2019-09-19,63.51,65.57,63.46,64.85
2019-09-20,65.00,65.28,64.05,64.66
2019-09-23,65.23,65.50,63.53,64.45
2019-09-24,64.40,64.60,62.37,62.47
2019-09-25,62.44,62.81,61.23,62.43
2019-09-26,62.58,62.92,61.45,62.65
2019-09-27,62.48,62.75,60.76,61.93
2019-09-30,62.24,62.24,60.73,60.75
2019-10-01,59.38,60.10,58.41,59.21
2019-10-02,59.25,59.50,57.22,57.49
2019-10-03,57.54,57.99,56.15,57.65
2019-10-04,57.69,58.96,57.67,58.49
2019-10-07,58.02,59.68,58.02,58.45
2019-10-08,58.47,58.92,57.38,58.15
2019-10-09,58.02,59.35,57.91,58.33
2019-10-10,58.04,59.55,57.80,59.53
2019-10-11,59.53,60.69,59.21,60.64
2019-10-14,60.69,60.73,58.50,59.19
2019-10-15,59.30,59.68,58.00,58.83
2019-10-16,58.90,59.75,58.36,59.10
2019-10-17,58.99,60.04,58.69,59.90
2019-10-18,59.78,60.29,59.01,59.29
2019-10-21,59.23,59.55,58.26,59.06
2019-10-22,59.05,60.26,58.75,59.61
2019-10-23,59.48,61.30,58.85,61.04
2019-10-24,60.99,61.90,60.64,61.47
2019-10-25,61.50,62.11,60.93,61.99
2019-10-28,62.04,62.34,61.19,61.57
2019-10-29,61.61,61.98,60.66,61.49
2019-10-30,61.60,61.93,60.45,60.63
2019-10-31,60.57,61.13,60.07,60.21
2019-11-01,60.57,61.82,59.40,61.63
2019-11-04,61.80,62.78,61.28,62.15
2019-11-05,62.04,63.19,61.85,62.92
2019-11-06,62.78,63.32,61.59,61.76
2019-11-07,61.73,62.89,61.65,62.27
2019-11-08,62.29,62.70,60.66,62.63
2019-11-11,62.60,62.76,61.57,62.25
2019-11-12,62.11,62.85,61.82,62.05
2019-11-13,61.85,62.74,61.22,62.62
2019-11-14,62.61,63.21,62.15,62.36
2019-11-15,62.47,63.65,61.70,63.37
2019-11-18,63.36,63.57,61.94,62.28
2019-11-19,62.28,62.57,60.70,60.78
2019-11-20,60.94,62.80,60.30,62.45
2019-11-21,62.22,64.03,61.92,63.71
2019-11-22,63.62,64.27,62.98,63.48
2019-11-25,63.60,63.80,62.97,63.61
2019-11-26,63.70,64.32,63.44,64.11
2019-11-27,64.02,64.60,63.51,64.12
2019-11-28,63.91,64.00,63.19,63.92
2019-11-29,63.77,63.86,62.36,62.42
2019-12-02,60.73,62.09,60.72,60.89
2019-12-03,61.05,61.58,60.30,61.05
2019-12-04,61.08,63.51,61.00,62.95
2019-12-05,62.97,63.91,62.75,63.29
2019-12-06,63.41,64.88,62.83,64.33
2019-12-09,64.29,64.50,63.61,64.12
2019-12-10,64.03,64.69,63.78,64.18
2019-12-11,64.00,64.26,63.01,63.89
2019-12-12,63.90,64.85,63.87,64.37
2019-12-13,64.56,65.79,64.50,64.94
2019-12-16,65.05,65.66,64.88,65.35
2019-12-17,65.31,66.24,65.12,65.84
2019-12-18,65.84,66.43,65.56,66.13
2019-12-19,66.19,66.78,66.03,66.62
2019-12-20,66.56,66.72,65.70,66.00
2019-12-23,66.15,66.62,65.81,66.58
2019-12-24,66.44,67.26,66.36,67.21
2019-12-27,67.91,68.33,67.57,68.14
2019-12-30,68.20,68.99,68.16,68.40
2019-12-31,66.65,66.93,65.63,66.03
2020-01-02,66.41,66.58,65.72,66.23
2020-01-03,66.28,69.50,66.22,68.63
2020-01-06,69.35,70.74,68.21,68.47
2020-01-07,68.63,68.75,67.65,68.42
2020-01-08,71.22,71.75,64.94,65.70
2020-01-09,66.00,66.10,64.56,65.43
2020-01-10,65.29,65.66,64.86,65.13
2020-01-13,65.13,65.27,63.92,64.24
2020-01-14,64.29,65.05,63.92,64.43
2020-01-15,64.44,64.60,63.55,64.30
2020-01-16,64.26,64.97,63.90,64.75
2020-01-17,64.69,65.15,64.48,65.07
2020-01-20,65.98,66.00,64.92,65.12
2020-01-21,65.26,65.35,64.06,64.51
2020-01-22,64.57,64.58,62.70,62.71
2020-01-23,62.68,62.69,61.25,62.10
2020-01-24,62.01,62.46,60.25,60.70
2020-01-27,60.23,60.49,58.50,58.90
2020-01-28,59.03,60.12,58.50,60.05
2020-01-29,59.86,60.62,59.26,59.62
2020-01-30,59.60,59.65,57.71,59.12
2020-01-31,59.30,59.45,57.94,58.19
2020-02-03,56.40,56.77,54.09,54.10
2020-02-04,54.33,55.65,53.77,53.79
2020-02-05,54.05,56.46,54.05,55.68
2020-02-06,55.56,56.58,54.25,55.17
2020-02-07,55.14,55.40,54.21,54.50
2020-02-10,54.20,54.71,53.11,53.47
2020-02-11,53.62,54.69,53.60,54.20
2020-02-12,54.41,56.26,54.39,56.22
2020-02-13,55.75,56.83,54.96,56.46
2020-02-14,56.41,57.53,56.15,57.39
2020-02-17,57.29,57.70,56.83,57.55
2020-02-18,57.35,57.83,56.30,57.75
2020-02-19,57.60,59.40,57.51,59.31
2020-02-20,59.31,60.00,58.90,59.17
2020-02-21,59.00,59.25,57.73,58.39
2020-02-24,57.85,57.86,55.13,56.04
2020-02-25,56.46,56.98,54.62,55.03
2020-02-26,55.13,55.45,53.03,53.38
2020-02-27,53.18,53.25,50.97,51.35
2020-02-28,51.42,51.52,50.05,50.50
2020-03-02,48.95,52.74,48.40,52.72
2020-03-03,53.47,53.90,51.22,51.96
2020-03-04,52.11,53.03,51.04,51.60
2020-03-05,51.66,52.04,49.70,50.02
2020-03-06,50.25,50.45,45.18,45.44
2020-03-09,38.28,38.34,31.02,33.29
2020-03-10,35.84,38.22,35.00,37.99
2020-03-11,37.27,39.70,35.35,35.85
2020-03-12,35.99,36.46,32.50,32.80
2020-03-13,32.85,36.15,32.50,34.97
2020-03-16,35.82,35.84,29.45,29.78
2020-03-17,30.14,31.25,28.50,28.85
2020-03-18,28.40,29.21,24.52,26.40
2020-03-19,27.19,29.42,24.96,28.13
2020-03-20,28.10,30.94,26.81,27.39
2020-03-23,26.75,27.54,24.68,27.51
2020-03-24,27.72,28.65,26.69,27.55
2020-03-25,27.80,28.29,25.68,27.51
2020-03-26,27.35,27.75,26.03,26.80
2020-03-27,26.68,27.00,24.13,25.10
2020-03-30,23.85,24.44,21.65,22.73
2020-03-31,23.00,23.87,22.59,22.71
2020-04-01,25.99,26.28,24.52,25.78
2020-04-02,25.61,36.29,25.45,29.70
2020-04-03,29.89,35.00,28.25,34.95
2020-04-06,31.76,34.24,30.03,33.25
2020-04-07,33.66,34.18,31.74,32.38
2020-04-08,32.63,33.87,31.54,33.66
2020-04-09,33.82,36.40,31.18,31.93
2020-04-14,32.25,32.32,29.38,30.05
2020-04-15,30.26,30.33,27.16,27.95
2020-04-16,28.05,29.00,27.20,28.24
2020-04-17,28.66,28.93,27.58,28.38
2020-04-20,28.05,28.25,25.37,26.01
2020-04-21,26.33,26.50,17.51,19.65
2020-04-22,20.23,22.45,15.98,20.96
2020-04-23,20.89,23.22,20.07,21.86
2020-04-24,21.93,22.70,20.50,21.90
2020-04-27,21.55,21.91,19.11,19.97
2020-04-28,19.90,21.29,18.73,20.92
2020-04-29,20.66,23.88,20.53,22.86
2020-04-30,22.87,25.76,22.87,25.39
2020-05-04,22.87,28.08,22.87,28.01
2020-05-05,28.10,31.45,27.77,31.34
2020-05-06,32.27,32.27,28.66,29.85
2020-05-07,29.64,31.84,29.08,29.47
2020-05-08,29.60,31.14,29.43,31.01
2020-05-11,30.70,31.47,29.35,29.94
2020-05-12,30.07,30.70,29.46,29.52
2020-05-13,29.35,30.55,28.86,29.38
2020-05-14,29.52,31.50,28.88,31.42
2020-05-15,31.52,32.91,30.94,32.86
2020-05-18,32.78,35.72,32.69,35.48
2020-05-19,35.66,35.76,34.20,34.68
2020-05-20,34.45,36.46,34.38,35.89
2020-05-21,35.82,36.98,35.75,36.11
2020-05-22,36.18,36.23,33.54,35.22
2020-05-25,34.98,35.97,34.46,35.58
2020-05-26,35.66,36.68,35.26,36.26
2020-05-27,35.93,36.16,33.98,34.07
2020-05-28,33.92,35.95,33.62,35.29
2020-05-29,35.15,35.37,34.06,35.31
2020-06-01,37.56,38.68,37.18,38.57
2020-06-02,38.34,39.75,38.26,39.67
2020-06-03,39.75,40.53,38.76,39.29
2020-06-04,39.60,40.10,39.04,39.97
2020-06-05,39.84,42.48,39.72,41.89
2020-06-08,42.40,43.41,40.68,40.82
2020-06-09,41.10,41.45,39.85,40.65
2020-06-10,40.72,41.99,40.14,41.22
2020-06-12,37.88,39.45,37.01,38.95
2020-06-15,38.80,39.90,37.24,39.79
2020-06-16,39.94,41.65,38.95,40.67
2020-06-17,40.61,41.46,40.03,40.56
2020-06-18,40.43,41.64,40.06,41.52
2020-06-19,41.72,42.92,41.03,41.98
2020-06-22,41.74,43.18,41.58,43.03
2020-06-23,43.21,43.93,42.21,42.55
2020-06-24,42.45,42.89,39.63,40.28
2020-06-25,40.35,41.64,39.47,41.53
2020-06-26,41.44,41.81,40.29,40.71
2020-06-29,41.44,41.95,40.04,41.70
2020-06-30,41.33,41.62,40.90,41.14
2020-07-01,41.58,42.62,41.03,41.95
2020-07-02,41.84,43.23,41.73,42.74
2020-07-03,42.76,42.99,42.32,42.78
2020-07-06,42.79,43.71,42.74,43.07
2020-07-07,43.13,43.45,42.46,42.88
2020-07-08,42.81,43.47,42.75,43.30
2020-07-09,43.30,43.50,41.94,42.34
2020-07-10,42.36,43.42,41.32,43.26
2020-07-13,43.12,43.34,42.19,42.22
2020-07-14,42.24,43.22,41.80,43.06
2020-07-15,43.07,43.85,42.70,43.63
2020-07-16,43.71,43.80,43.14,43.28
2020-07-17,43.40,43.45,42.64,43.11
2020-07-20,43.08,43.45,42.36,43.22
2020-07-21,43.17,44.89,43.16,44.04
2020-07-22,44.03,44.40,43.62,44.25
2020-07-23,44.10,44.77,43.13,43.27
2020-07-24,43.27,43.90,42.79,43.29
2020-07-27,43.35,43.77,42.39,43.53
2020-07-28,43.55,43.84,43.00,43.25
2020-07-29,43.31,43.95,43.20,43.80
2020-07-30,43.73,43.80,41.38,43.39
2020-07-31,43.29,43.44,43.05,43.32
2020-08-03,43.53,44.46,42.89,43.87
2020-08-04,43.84,44.82,43.24,44.36
2020-08-05,44.28,46.23,44.24,45.18
2020-08-06,45.32,45.71,44.85,45.15
2020-08-07,45.15,45.30,44.27,44.67
2020-08-10,44.66,45.26,44.37,44.98
2020-08-11,45.05,45.79,44.39,44.63
2020-08-12,44.62,45.63,44.49,45.30
2020-08-13,45.32,45.58,44.83,45.08
2020-08-14,45.29,45.29,44.47,44.94
2020-08-17,44.86,45.41,44.53,45.32
2020-08-18,45.27,45.55,44.76,44.99
2020-08-19,45.17,45.48,44.81,45.27
2020-08-20,45.14,45.18,44.02,44.90
2020-08-21,45.03,45.08,43.59,44.30
2020-08-24,44.50,45.18,44.29,45.00
2020-08-25,45.12,46.05,45.08,45.96
2020-08-26,45.97,46.10,45.54,45.74
2020-08-27,45.70,45.87,44.56,45.11
2020-08-28,45.10,45.30,44.80,45.08
2020-08-31,45.80,46.53,45.21,45.55
2020-09-01,45.60,46.22,45.47,45.81
2020-09-02,45.83,46.05,44.20,44.39
2020-09-03,44.65,44.65,43.15,44.02
2020-09-04,43.76,44.54,42.30,42.38
2020-09-07,42.20,42.43,41.51,42.05
2020-09-08,42.08,42.23,39.31,39.86
2020-09-09,39.65,41.20,39.37,40.64
2020-09-10,40.58,40.96,39.73,39.81
2020-09-11,39.96,40.34,39.38,39.77
2020-09-14,39.78,40.09,39.30,39.63
2020-09-15,39.70,40.82,39.39,40.64
2020-09-16,40.72,42.44,40.59,42.34
2020-09-17,42.32,43.50,41.50,43.30
2020-09-18,43.22,43.80,42.53,43.02
2020-09-21,43.01,43.30,40.96,41.75
2020-09-22,41.79,42.20,41.21,41.70
2020-09-23,41.67,42.62,41.21,41.45
2020-09-24,41.36,42.02,41.27,41.80
2020-09-25,41.85,42.33,41.52,41.87
2020-09-28,41.87,42.62,41.48,42.48
2020-09-29,42.47,42.52,40.43,40.89
2020-09-30,40.66,40.98,40.30,40.95
2020-10-01,42.17,42.56,39.92,40.86
2020-10-02,40.65,40.77,38.79,39.20
2020-10-05,39.19,41.78,39.14,41.48
2020-10-06,41.41,42.84,41.22,41.96
2020-10-07,41.85,42.42,41.36,42.14
2020-10-08,42.15,43.46,41.86,43.44
2020-10-09,43.36,43.57,42.61,42.85
2020-10-12,42.60,42.71,41.36,41.76
2020-10-13,41.81,42.68,41.66,42.42
2020-10-14,42.43,43.44,42.13,43.37
2020-10-15,43.45,43.48,41.56,43.14
2020-10-16,43.10,43.21,42.27,42.81
2020-10-19,42.69,43.23,42.36,42.49
2020-10-20,42.45,43.30,42.19,42.77
2020-10-21,42.91,43.04,41.45,41.70
2020-10-22,41.59,42.79,41.46,42.45
2020-10-23,42.40,42.80,41.50,41.68
2020-10-26,41.53,41.63,40.22,40.45
2020-10-27,40.50,41.47,40.40,40.72
2020-10-28,40.61,40.70,38.75,39.03
2020-10-29,39.16,39.45,36.64,37.61
2020-10-30,37.50,38.10,36.80,37.45
2020-11-02,37.37,39.36,35.74,39.22
2020-11-03,39.26,40.45,38.65,40.21
2020-11-04,40.13,41.33,39.42,41.14
2020-11-05,40.96,41.53,40.33,40.68
2020-11-06,40.63,40.69,39.34,39.67
2020-11-09,39.65,43.48,39.46,42.03
2020-11-10,41.75,44.11,41.71,44.02
2020-11-11,43.77,45.30,43.60,43.92
2020-11-12,43.73,44.50,43.30,43.32
2020-11-13,43.20,43.34,42.67,42.72
2020-11-16,42.71,44.67,42.71,44.00
2020-11-17,43.89,44.25,43.08,43.79
2020-11-18,43.75,44.89,43.48,44.18
2020-11-19,43.96,44.57,43.79,44.24
2020-11-20,44.15,45.21,44.05,45.05
2020-11-23,45.08,46.12,44.89,45.85
2020-11-24,45.90,48.03,45.89,47.83
2020-11-25,47.80,49.06,47.72,48.84
2020-11-26,48.76,49.09,47.53,47.73
2020-11-27,47.81,48.44,47.34,48.27
2020-11-30,47.91,47.99,46.85,47.59
2020-12-01,47.79,48.30,46.88,47.26
2020-12-02,47.05,48.76,46.82,47.88
2020-12-03,48.00,48.94,47.67,48.79
2020-12-04,48.96,49.92,48.84,49.07
2020-12-07,49.23,49.43,48.40,48.64
2020-12-08,48.58,49.00,48.09,48.78
2020-12-09,48.84,49.55,48.40,49.00
2020-12-10,49.00,51.06,48.86,50.36
2020-12-11,50.45,50.74,49.74,49.97
2020-12-14,50.05,50.80,49.13,50.33
2020-12-15,50.30,50.89,49.78,50.74
2020-12-16,50.64,51.20,50.34,51.08
2020-12-17,51.12,51.90,51.08,51.50
2020-12-18,51.43,52.48,51.13,52.32
2020-12-21,52.22,52.32,49.20,50.78
2020-12-22,50.65,50.86,49.56,49.86
2020-12-23,49.70,51.59,49.20,51.14
2020-12-24,51.11,51.77,50.62,51.30
2020-12-28,51.25,52.02,50.53,50.93
2020-12-29,51.02,51.63,50.86,51.23
2020-12-30,51.32,51.56,51.04,51.39
2020-12-31,51.49,51.84,50.90,51.72
2021-01-04,51.50,53.33,50.56,50.75
2021-01-05,50.95,53.90,50.70,53.53
2021-01-06,53.52,54.73,53.02,54.12
2021-01-07,54.13,54.90,53.94,54.45
2021-01-08,54.56,56.33,54.34,56.24
2021-01-11,56.24,56.39,54.99,55.59
2021-01-12,55.66,56.78,55.51,56.67
2021-01-13,56.83,57.42,55.93,56.04
2021-01-14,55.93,56.53,55.24,56.41
2021-01-15,56.41,56.50,54.64,54.88
2021-01-18,54.75,55.21,54.49,54.75
2021-01-19,55.01,56.08,54.89,55.87
2021-01-20,56.07,56.64,55.72,55.72
2021-01-21,55.82,56.24,55.49,56.01
2021-01-22,56.00,56.03,54.48,55.19
2021-01-25,55.26,55.99,55.07,55.93
2021-01-26,55.93,56.34,55.39,56.06
2021-01-27,56.05,56.49,55.57,55.55
2021-01-28,55.41,56.59,55.31,55.44
2021-01-29,55.52,56.37,55.31,55.89
2021-02-01,54.91,56.53,54.60,56.30
2021-02-02,56.35,58.05,56.33,57.81
2021-02-03,57.85,58.94,57.50,58.59
2021-02-04,58.59,59.04,58.04,58.89
2021-02-05,59.17,59.79,59.08,59.49
2021-02-08,59.43,60.72,59.43,60.64
2021-02-09,60.80,61.27,60.05,61.16
2021-02-10,61.21,61.69,60.87,61.14
2021-02-11,61.01,61.46,60.78,60.84
2021-02-12,60.82,62.83,60.35,62.60
2021-02-15,62.83,63.76,62.82,63.31
2021-02-16,63.47,63.70,62.69,63.37
2021-02-17,63.15,64.88,62.73,64.82
2021-02-18,65.02,65.52,63.22,63.47
2021-02-19,63.30,63.94,62.09,62.66
2021-02-22,62.68,65.32,62.55,65.30
2021-02-23,65.51,66.79,64.61,65.15
2021-02-24,65.06,67.30,64.80,67.23
2021-02-25,67.20,67.70,66.48,66.90
2021-02-26,66.89,66.90,65.72,65.97
2021-03-01,64.85,65.93,63.19,63.38
2021-03-02,63.12,64.13,62.45,62.45
2021-03-03,62.38,64.70,62.38,63.95
2021-03-04,64.10,67.75,63.33,66.94
2021-03-05,67.16,69.64,66.67,69.58
2021-03-08,69.97,71.38,67.81,68.00
2021-03-09,68.13,69.33,67.12,67.24
2021-03-10,67.46,68.29,66.50,68.17
2021-03-11,68.45,69.84,67.99,69.64
2021-03-12,69.59,69.90,69.03,69.19
2021-03-15,69.08,70.03,67.83,68.80
2021-03-16,68.81,68.94,67.36,68.48
2021-03-17,68.39,68.89,66.96,67.76
2021-03-18,67.77,68.15,61.45,62.86
2021-03-19,62.99,64.95,62.24,64.46
2021-03-22,64.53,65.12,63.45,64.30
2021-03-23,64.30,64.30,60.27,60.37
2021-03-24,60.50,64.57,60.47,64.21
2021-03-25,63.99,64.19,60.98,61.75
2021-03-26,62.01,64.89,61.85,64.37
2021-03-29,64.58,65.46,63.13,65.05
2021-03-30,65.20,65.41,63.52,64.01
2021-03-31,64.13,64.79,63.53,63.57
2021-04-01,63.12,65.17,62.38,64.63
2021-04-06,62.32,64.28,62.08,62.72
2021-04-07,62.60,63.55,61.60,63.10
2021-04-08,63.02,63.43,62.38,63.32
2021-04-09,63.28,63.49,62.57,63.05
2021-04-12,63.03,64.31,62.41,63.36
2021-04-13,63.24,64.19,63.18,63.90
2021-04-14,64.01,66.90,63.88,66.28
2021-04-15,66.38,67.03,65.95,66.83
2021-04-16,66.86,67.38,66.44,66.74
2021-04-19,66.70,67.23,66.17,67.11
2021-04-20,67.20,68.08,65.51,66.30
2021-04-21,66.22,66.52,64.96,65.05
2021-04-22,65.13,65.83,64.58,65.60
2021-04-23,65.80,66.30,65.16,66.04
2021-04-26,66.10,66.26,64.57,65.70
2021-04-27,65.76,66.80,65.66,66.59
2021-04-28,66.58,67.85,66.13,67.00
2021-04-29,67.18,68.95,67.13,68.48
2021-04-30,68.33,68.40,67.06,67.26
2021-05-03,66.70,67.82,66.10,67.53
2021-05-04,67.75,69.38,67.37,69.32
2021-05-05,69.35,69.95,68.35,68.65
2021-05-06,68.47,69.37,67.93,68.33
2021-05-07,68.26,68.65,67.39,68.25
2021-05-10,68.74,69.20,67.41,68.26
2021-05-11,68.29,68.75,67.13,68.64
2021-05-12,68.78,69.90,68.18,69.03
2021-05-13,68.88,69.04,66.48,66.98
2021-05-14,67.00,68.82,66.50,68.82
2021-05-17,68.92,69.62,68.18,69.57
2021-05-18,69.61,70.24,67.28,68.52
2021-05-19,68.41,68.46,66.73,66.62
2021-05-20,66.63,67.17,64.80,64.88
2021-05-21,65.22,66.94,64.57,66.70
2021-05-24,66.72,68.64,66.46,68.47
2021-05-25,68.47,68.90,67.83,68.57
2021-05-26,68.55,69.17,68.02,68.78
2021-05-27,68.78,69.51,68.11,69.40
2021-05-28,69.69,69.92,69.26,69.65
2021-05-30,68.98,69.11,68.92,68.93
2021-06-01,69.39,71.34,69.29,70.55
2021-06-02,70.55,71.48,70.35,71.29
2021-06-03,71.27,71.99,70.66,71.36
2021-06-04,71.25,72.17,70.73,71.66
2021-06-07,71.82,72.27,71.10,71.51
2021-06-08,71.42,72.42,70.71,72.17
2021-06-09,72.17,72.87,71.82,72.05
2021-06-10,72.03,72.93,70.95,72.33
2021-06-11,72.41,73.09,71.88,72.61
2021-06-14,72.70,73.64,72.59,73.11
2021-06-15,73.03,74.32,72.79,74.30
2021-06-16,74.26,74.96,73.92,73.93
2021-06-17,73.80,74.50,72.01,72.99
2021-06-18,73.00,73.76,72.18,73.26
2021-06-21,73.33,74.95,72.98,74.88
2021-06-22,74.88,75.30,74.32,75.07
2021-06-23,74.75,76.02,74.70,75.38
2021-06-24,75.30,75.78,74.51,75.60
2021-06-25,75.54,76.21,74.95,76.13
2021-06-28,75.99,76.60,74.51,74.64
2021-06-29,74.67,75.51,73.90,75.08
2021-06-30,75.18,75.60,74.39,75.13
2021-07-01,74.69,76.74,74.55,75.53
2021-07-02,75.64,76.43,75.21,76.10
2021-07-05,76.23,77.26,75.70,77.10
2021-07-06,77.06,77.84,74.13,74.85
2021-07-07,74.69,75.99,72.60,73.39
2021-07-08,73.35,74.39,72.11,74.33
2021-07-09,74.39,75.80,73.80,75.62
2021-07-12,75.79,75.84,74.23,75.24
2021-07-13,75.25,76.60,74.93,76.41
2021-07-14,76.28,76.72,73.79,74.56
2021-07-15,74.50,74.59,73.19,73.28
2021-07-16,73.18,74.09,72.34,73.16
2021-07-19,72.86,73.34,67.75,68.78
2021-07-20,68.99,69.73,67.44,68.98
2021-07-21,68.92,72.38,68.63,72.18
2021-07-22,72.24,73.90,71.74,73.62
2021-07-23,73.56,74.18,73.32,74.17
2021-07-26,74.12,74.82,72.75,74.79
2021-07-27,74.67,75.05,74.02,74.71
2021-07-28,74.77,75.32,74.42,74.69
2021-07-29,74.76,76.15,74.63,75.93
2021-07-30,75.81,76.38,75.38,76.33
2021-08-02,75.39,75.39,72.31,73.12
2021-08-03,73.08,73.55,71.05,72.31
2021-08-04,72.33,72.83,70.11,70.23
2021-08-05,70.27,71.50,69.75,71.27
2021-08-06,71.20,72.43,70.31,70.40
2021-08-09,70.26,70.26,67.60,69.25
2021-08-10,69.35,71.24,68.94,70.80
2021-08-11,70.83,71.63,69.07,71.56
2021-08-12,71.57,71.90,70.67,71.13
2021-08-13,71.12,71.38,70.00,70.16
2021-08-16,70.05,70.45,68.14,69.68
2021-08-17,69.77,70.00,68.82,68.99
2021-08-18,68.96,70.04,67.32,67.34
2021-08-19,67.57,67.64,65.57,66.61
2021-08-20,66.54,66.93,65.00,65.06
2021-08-23,64.97,68.90,64.60,68.54
2021-08-24,68.66,71.27,68.53,71.18
2021-08-25,71.00,72.42,70.50,71.95
2021-08-26,71.94,72.13,70.66,71.44
2021-08-27,71.53,72.76,71.17,72.63
2021-08-29,73.25,73.64,72.94,73.47
2021-08-31,73.14,73.52,72.62,72.96
2021-09-01,71.68,72.38,70.42,71.31
2021-09-02,71.31,73.47,70.92,72.76
2021-09-03,72.86,73.69,72.40,72.55
2021-09-06,72.57,72.78,71.51,72.10
2021-09-07,72.29,72.81,71.10,71.63
2021-09-08,71.64,72.95,71.55,72.68
2021-09-09,72.61,73.20,70.88,71.22
2021-09-10,71.37,73.15,70.94,72.82
2021-09-13,72.88,73.92,72.69,73.68
2021-09-14,73.62,74.28,73.08,73.84
2021-09-15,73.92,76.13,73.78,75.55
2021-09-16,75.46,75.87,74.48,75.63
2021-09-17,75.68,75.78,74.58,75.29
2021-09-20,75.33,75.40,73.52,74.23
2021-09-21,74.33,75.18,73.26,74.70
2021-09-22,74.56,76.26,74.49,75.94
2021-09-23,75.90,77.35,75.60,77.25
2021-09-24,77.26,78.24,76.85,78.05
2021-09-27,78.25,79.90,78.21,79.44
2021-09-28,79.40,80.75,78.10,78.14
2021-09-29,78.25,79.40,77.50,78.35
2021-09-30,78.46,79.11,77.60,78.51
2021-10-01,78.49,79.41,77.55,79.20
2021-10-04,79.49,82.00,78.75,81.28
2021-10-05,81.27,83.13,81.19,82.67
2021-10-06,82.57,83.47,80.60,80.83
2021-10-07,80.98,82.50,79.08,82.39
2021-10-08,82.38,83.43,81.96,82.50
2021-10-11,82.65,84.60,82.54,83.60
2021-10-12,83.49,84.23,82.72,83.29
2021-10-13,83.10,83.69,82.22,83.37
2021-10-14,83.45,84.50,83.18,84.22
2021-10-15,84.30,85.10,84.16,84.80
2021-10-18,84.95,86.04,83.95,84.07
2021-10-19,84.21,85.40,83.70,85.14
2021-10-20,85.19,85.88,83.61,85.85
2021-10-21,85.90,86.10,83.36,84.73
2021-10-22,84.52,85.93,83.82,85.88
2021-10-25,85.65,86.70,85.43,85.89
2021-10-26,86.03,86.50,85.27,86.25
2021-10-27,86.07,86.28,84.05,84.05
2021-10-28,84.21,84.57,82.32,84.56
2021-10-29,84.33,84.83,83.79,84.38
2021-11-01,83.63,85.12,83.03,84.52
2021-11-02,84.45,85.23,83.76,84.09
2021-11-03,84.07,84.20,81.10,81.29
2021-11-04,81.58,84.49,80.20,80.95
2021-11-05,81.25,83.16,80.26,82.55
2021-11-08,82.58,84.00,82.53,83.63
2021-11-09,83.47,85.14,83.16,85.08
2021-11-10,84.99,85.50,82.08,82.51
2021-11-11,82.85,83.44,81.66,82.56
2021-11-12,82.83,82.87,81.26,82.08
2021-11-15,81.92,82.49,80.67,82.14
2021-11-16,82.00,83.14,81.55,82.38
2021-11-17,82.05,82.22,79.78,80.06
2021-11-18,80.10,81.41,79.28,81.09
2021-11-19,81.00,82.24,78.05,78.45
2021-11-22,78.58,80.07,77.58,79.39
2021-11-23,79.51,82.60,78.55,82.31
2021-11-24,81.88,83.00,81.74,82.17
2021-11-25,82.24,82.58,81.70,82.25
2021-11-26,81.65,81.66,72.14,72.89
2021-11-29,73.88,77.02,72.41,73.31
2021-11-30,74.42,74.56,70.22,70.57
2021-12-01,69.80,72.87,68.14,68.90
2021-12-02,69.72,70.70,65.72,70.51
2021-12-03,70.22,72.62,69.24,70.02
2021-12-06,70.24,73.74,70.24,73.69
2021-12-07,73.60,76.27,73.20,75.10
2021-12-08,75.44,76.37,74.38,76.10
2021-12-09,75.94,76.70,73.84,74.06
2021-12-10,73.99,75.71,73.80,75.33
2021-12-13,75.37,76.39,74.20,74.43
2021-12-14,74.42,75.16,72.57,73.24
2021-12-15,73.25,74.58,72.50,74.49
2021-12-16,74.47,75.61,74.00,74.55
2021-12-17,74.50,74.98,72.65,72.97
2021-12-20,72.82,72.87,69.28,71.97
2021-12-21,71.88,74.27,71.24,74.11
2021-12-22,74.05,75.57,73.62,75.52
2021-12-23,75.47,77.00,74.78,76.87
2021-12-27,76.32,79.08,75.75,78.86
2021-12-28,78.67,79.85,78.48,79.14
2021-12-29,79.28,80.17,78.13,79.26
2021-12-30,79.19,79.66,78.50,79.30
2021-12-31,78.81,79.68,77.55,77.94
2022-01-04,78.91,80.55,78.62,80.09
2022-01-05,80.07,81.50,79.51,80.11
2022-01-06,80.22,82.83,79.61,82.06
2022-01-07,82.00,83.00,81.42,81.72
2022-01-10,81.76,82.30,80.50,80.93
2022-01-11,81.08,83.98,80.89,83.61
2022-01-12,83.78,85.21,83.52,84.78
2022-01-13,84.87,85.10,83.79,83.90
2022-01-14,84.12,86.49,83.99,86.49
2022-01-17,86.15,86.71,85.54,86.60
2022-01-18,86.47,88.55,86.44,88.49
2022-01-19,88.65,89.17,87.62,87.74
2022-01-20,87.89,89.50,87.05,87.27
2022-01-21,86.75,88.23,85.71,87.69
2022-01-24,87.93,88.90,85.04,87.09
2022-01-25,86.76,88.37,86.20,87.82
2022-01-26,87.95,90.47,87.79,89.85
2022-01-27,89.70,91.04,89.00,89.98
2022-01-28,89.98,91.70,89.41,90.63
2022-01-31,90.80,91.48,90.61,91.29
2022-02-01,89.62,89.96,87.72,89.34
2022-02-02,89.48,90.52,88.28,89.29
2022-02-03,89.07,91.30,88.02,91.14
2022-02-04,91.30,93.70,91.20,92.91
2022-02-07,92.75,94.00,92.13,92.93
2022-02-08,92.63,92.93,89.93,91.31
2022-02-09,91.08,92.09,90.05,91.73
2022-02-10,91.75,93.10,90.88,91.35
2022-02-11,91.17,95.66,90.51,94.99
2022-02-14,95.20,96.78,93.44,96.00
2022-02-15,95.81,96.26,92.06,93.21
2022-02-16,93.49,96.07,91.11,91.87
2022-02-17,92.20,94.50,92.14,92.88
2022-02-18,92.73,94.15,90.12,94.03
2022-02-21,94.29,97.00,92.57,96.85
2022-02-22,96.55,99.50,95.80,96.46
2022-02-23,96.65,98.71,95.81,96.99
2022-02-24,98.08,105.79,97.56,99.38
2022-02-25,100.69,101.99,96.00,98.28
2022-02-28,101.98,105.07,99.64,101.10
2022-03-01,98.43,107.57,98.30,107.27
2022-03-02,107.34,115.11,106.83,114.37
2022-03-03,115.27,119.84,109.40,110.30
2022-03-04,114.23,118.98,109.62,118.06
2022-03-07,122.79,139.13,119.16,123.88
2022-03-08,124.56,133.15,121.31,128.87
2022-03-09,130.28,131.64,105.60,112.71
2022-03-10,112.65,118.36,109.00,109.17
2022-03-11,110.26,113.91,107.13,112.29
2022-03-14,110.26,113.91,103.49,105.87
2022-03-15,105.34,105.71,97.44,98.50
2022-03-16,99.14,103.70,96.93,97.93
2022-03-17,98.61,107.50,97.75,106.92
2022-03-18,106.80,109.59,105.78,108.19
2022-03-21,107.50,116.80,107.06,116.40
2022-03-22,117.04,119.48,112.64,114.49
2022-03-23,114.70,122.34,114.45,121.18
2022-03-24,121.56,123.74,116.93,118.04
2022-03-25,118.88,120.92,115.16,119.92
2022-03-29,110.10,114.83,104.84,111.48
2022-03-30,112.00,114.80,110.74,112.57
2022-03-31,112.81,112.94,106.50,107.29
2022-04-01,105.25,106.24,102.35,104.37
2022-04-04,104.08,108.63,102.89,108.05
2022-04-05,108.51,109.90,104.53,105.51
2022-04-06,105.70,108.67,100.54,101.68
2022-04-07,101.78,103.59,98.41,101.38
2022-04-08,101.42,103.30,99.65,102.32
2022-04-11,103.21,103.30,97.57,98.97
2022-04-12,99.35,105.60,98.90,104.96
2022-04-13,105.44,109.00,104.06,108.84
2022-04-14,108.29,112.39,106.63,111.47
2022-04-19,112.85,114.21,106.74,107.28
2022-04-20,108.10,109.00,104.65,107.27
2022-04-21,107.07,109.80,106.76,108.64
2022-04-22,108.26,108.76,105.54,105.80
2022-04-25,105.49,105.85,99.49,102.40
2022-04-26,102.53,106.20,101.08,105.21
2022-04-27,105.45,106.33,103.27,105.27
2022-04-28,104.96,108.00,103.29,107.62
2022-04-29,107.55,110.30,107.00,109.40
2022-05-03,107.61,108.32,104.62,105.90
2022-05-04,105.91,111.00,105.46,110.04
2022-05-05,110.55,114.00,109.20,111.03
2022-05-06,111.27,113.50,109.87,112.85
2022-05-09,112.94,113.20,105.00,105.13
2022-05-10,105.50,106.96,101.72,102.20
2022-05-11,101.51,108.29,101.30,107.47
2022-05-12,107.67,108.71,104.69,108.04
2022-05-13,108.25,111.69,107.79,111.46
2022-05-16,111.67,114.79,108.84,114.16
2022-05-17,114.42,115.69,111.09,112.41
2022-05-18,112.91,114.15,108.35,109.04
2022-05-19,108.22,112.31,105.70,111.21
2022-05-20,111.45,113.23,110.52,112.86
2022-05-23,113.56,114.34,111.86,113.44
2022-05-24,112.79,114.63,111.70,113.71
2022-05-25,114.12,115.30,113.01,114.33
2022-05-26,114.35,118.00,113.85,117.55
2022-05-27,117.52,119.72,116.63,119.44
2022-05-30,119.28,122.01,118.98,121.72
2022-05-31,122.20,125.28,121.60,122.84
2022-06-01,116.08,118.57,115.40,115.73
2022-06-06,121.55,121.95,118.77,120.04
2022-06-07,119.94,121.37,118.55,120.69
2022-06-08,120.65,124.40,120.45,123.96
2022-06-09,123.60,124.34,122.50,122.78
2022-06-10,122.89,124.33,119.81,121.59
2022-06-13,121.94,123.68,118.93,122.17
2022-06-14,121.88,125.19,118.91,120.93
2022-06-15,120.79,121.88,117.75,118.95
2022-06-16,119.65,120.29,115.56,119.25
2022-06-17,119.13,121.25,111.72,113.31
2022-06-20,113.88,114.50,111.52,114.21
2022-06-21,114.21,116.25,114.02,114.80
2022-06-22,114.40,114.45,107.03,109.91
2022-06-23,109.58,112.70,108.04,109.82
2022-06-24,110.04,114.00,109.24,113.02
2022-06-27,112.92,116.08,111.26,115.46
2022-06-28,115.74,118.27,115.72,118.14
2022-06-29,117.96,120.41,115.20,115.20
2022-06-30,116.01,116.67,114.22,114.88
2022-07-01,109.49,112.45,108.03,111.53
2022-07-04,111.65,114.00,110.40,113.83
2022-07-05,113.54,114.75,101.10,102.99
2022-07-06,104.88,105.85,98.50,100.10
2022-07-07,100.14,106.35,98.50,104.17
2022-07-08,104.65,107.47,103.67,107.13
2022-07-11,107.00,107.70,103.64,106.49
2022-07-12,106.25,106.56,98.90,99.04
2022-07-13,98.50,101.21,98.28,99.66
2022-07-14,99.43,100.39,94.50,99.81
2022-07-15,99.91,102.64,98.17,101.05
2022-07-18,100.82,106.48,99.46,105.70
2022-07-19,105.74,107.61,103.60,107.19
2022-07-20,107.07,107.45,105.08,106.75
2022-07-21,106.49,106.78,101.50,104.04
2022-07-22,103.86,105.72,101.90,103.68
2022-07-25,103.85,105.38,101.64,104.87
2022-07-26,104.73,107.34,103.99,104.64
2022-07-27,104.75,107.86,103.73,107.43
2022-07-28,107.31,109.06,106.00,107.64
2022-07-29,108.00,110.67,106.90,109.98
2022-08-01,103.92,104.43,99.09,100.02
2022-08-02,99.87,102.41,98.49,99.68
2022-08-03,99.73,102.41,96.50,97.13
2022-08-04,97.10,97.66,93.20,93.52
2022-08-05,93.65,96.40,92.78,94.44
2022-08-08,94.51,96.76,93.01,96.16
2022-08-09,96.36,98.40,94.90,96.43
2022-08-10,96.34,97.97,93.63,97.15
2022-08-11,97.04,100.17,96.63,99.43
2022-08-12,99.33,100.38,96.94,97.88
2022-08-15,97.72,98.17,92.78,93.92
2022-08-16,94.01,95.95,91.71,92.59
2022-08-17,92.67,94.48,91.51,93.46
2022-08-18,93.29,97.42,93.05,96.63
2022-08-19,96.68,97.88,94.25,95.76
2022-08-22,95.95,97.28,92.36,96.65
2022-08-23,96.78,100.45,96.53,100.36
2022-08-24,100.19,101.90,99.10,101.72
2022-08-25,101.73,102.47,99.12,99.81
2022-08-26,99.83,101.21,98.10,100.81
2022-08-30,104.90,105.45,97.55,99.91
2022-08-31,99.79,100.46,95.44,96.50
2022-09-01,95.18,95.68,91.81,92.09
2022-09-02,92.66,95.32,92.65,93.20
2022-09-06,95.34,95.94,92.30,92.74
2022-09-07,92.81,93.80,87.40,87.61
2022-09-08,87.70,89.83,87.24,88.46
2022-09-09,88.62,93.12,88.60,92.21
2022-09-12,92.54,95.17,91.21,94.34
2022-09-13,94.31,95.53,91.05,93.42
2022-09-14,93.40,95.80,91.93,94.52
2022-09-15,94.65,94.66,90.03,90.67
2022-09-16,90.51,92.66,90.25,91.54
2022-09-19,91.43,92.57,88.50,91.88
2022-09-20,92.15,93.05,89.80,90.89
2022-09-21,90.74,93.50,89.30,89.82
2022-09-22,89.99,92.81,89.30,90.39
2022-09-23,90.46,90.84,85.50,86.67
