Date,HedgeIndex Main Index,HedgeIndex Convertible Arbitrage Composite Index,HedgeIndex Convertible Arbitrage Index,HedgeIndex Equity Market Neutral Composite Index,HedgeIndex Equity Market Neutral Index,HedgeIndex Event Driven Composite Index,HedgeIndex Event Driven Index,HedgeIndex Fixed Income Arbitrage Composite Index,HedgeIndex Fixed Income Arbitrage Index,HedgeIndex Global Macro Composite Index,HedgeIndex Global Macro Index,HedgeIndex Long/Short Equity Composite Index,HedgeIndex Long/Short Equity Index,HedgeIndex Managed Futures Composite Index,HedgeIndex Managed Futures Index,HedgeIndex Multi-Strategy Composite Index,HedgeIndex Multi-Strategy Index
2005-10,307.50,98.05,249.26,102.44,283.64,108.00,332.32,100.90,192.78,99.50,422.40,110.49,338.69,108.41,185.67,105.65,252.64
2005-11,311.53,97.39,247.68,102.86,283.60,108.86,335.99,100.19,191.27,99.30,426.22,112.30,345.69,111.82,193.19,105.94,255.49
2005-12,315.94,97.55,249.58,103.40,287.13,109.94,340.22,100.32,191.78,99.76,432.13,114.59,354.60,108.04,187.96,107.68,259.82
2006-01,325.23,99.71,255.77,104.54,290.46,112.47,349.19,101.00,194.04,101.13,445.43,118.85,368.31,107.94,192.54,109.98,266.26
2006-02,325.70,100.75,258.34,104.62,291.36,112.37,349.71,100.75,193.76,101.25,450.12,119.00,368.10,105.99,187.01,110.59,267.61
2006-03,330.87,101.88,261.58,105.66,295.40,113.84,354.15,101.22,194.45,100.67,453.90,121.78,376.22,109.10,194.14,112.46,272.46
2006-04,337.25,102.28,262.94,106.64,300.53,115.40,359.37,102.51,197.89,102.30,465.45,123.11,383.90,112.57,199.19,113.64,276.05
2006-05,332.09,102.41,264.26,106.46,302.22,115.18,358.18,102.58,198.98,101.14,461.55,118.73,372.21,110.81,193.39,113.33,275.07
2006-06,331.00,102.25,264.60,106.30,302.37,115.66,360.06,103.26,199.78,100.38,462.55,117.29,367.61,108.37,189.01,113.44,274.47
2006-07,331.16,102.61,266.06,107.17,305.46,115.89,359.34,102.94,199.79,99.78,467.76,116.71,366.56,105.21,183.97,113.35,274.33
2006-08,333.21,103.54,268.11,106.88,305.69,116.74,362.27,102.09,199.28,98.16,463.07,118.71,371.33,106.74,186.08,113.75,275.29
2006-09,332.95,104.26,270.68,106.68,305.67,117.24,363.69,101.52,198.82,96.79,462.18,118.61,370.87,106.30,183.53,113.91,275.61
2006-10,338.10,104.94,271.94,106.61,306.20,119.32,370.96,102.03,199.86,96.24,466.16,120.55,378.17,107.05,186.28,115.45,279.42
2006-11,344.20,105.61,274.20,106.70,308.49,121.57,377.72,102.10,201.73,97.01,471.73,122.61,386.94,109.38,189.92,117.07,284.97
2006-12,349.94,106.67,277.81,106.81,310.69,122.99,383.06,103.22,202.84,98.36,477.35,124.60,394.35,111.25,197.30,118.77,289.54
2007-01,354.00,107.39,280.68,107.07,312.04,125.93,390.36,103.36,202.72,98.65,482.70,126.00,398.23,112.87,201.47,120.72,293.99
2007-02,356.01,108.35,283.42,107.23,312.96,127.32,395.69,104.11,204.81,99.25,484.28,126.07,400.36,107.89,192.45,121.66,296.98
2007-03,359.80,108.62,284.87,108.44,317.58,128.76,400.02,104.27,206.30,100.20,489.28,128.58,407.13,104.28,187.29,122.35,298.93
2007-04,366.36,108.57,286.00,109.08,320.24,130.77,405.33,104.12,208.01,101.43,496.71,130.96,418.07,108.61,194.36,123.85,303.41
2007-05,374.37,109.65,289.02,109.62,322.18,134.19,418.02,100.71,208.20,102.03,504.95,133.44,427.22,113.70,204.19,125.61,309.99
2007-06,376.77,109.32,289.43,109.86,323.55,133.60,420.49,94.32,208.37,102.82,510.38,133.76,428.40,116.96,210.06,125.76,310.71
2007-07,376.23,107.12,285.85,109.80,324.40,133.19,423.94,94.97,204.03,103.32,514.52,131.82,424.91,112.40,199.81,125.38,309.50
2007-08,369.95,105.40,282.35,108.93,322.68,130.26,415.38,94.44,201.98,101.38,510.64,129.88,418.46,107.77,190.30,123.69,304.74
2007-09,379.04,107.15,287.29,109.97,326.29,131.89,421.19,95.68,205.30,103.10,530.00,133.22,431.16,112.42,199.39,125.62,309.52
2007-10,390.49,108.44,293.18,111.41,330.81,134.83,432.86,97.04,207.42,105.58,543.68,137.35,446.60,117.27,207.17,129.07,318.43
2007-11,385.53,106.04,288.65,110.42,332.39,132.38,425.34,98.17,206.75,106.50,542.35,134.77,438.69,116.71,205.06,126.89,314.61
2007-12,387.08,104.18,287.31,110.16,333.78,132.31,426.40,98.38,207.05,109.67,550.17,134.37,440.26,116.34,205.59,125.35,313.44
2008-01,381.24,103.27,285.64,108.68,335.87,129.36,415.94,99.15,207.51,115.66,573.85,127.32,422.49,120.95,213.81,122.61,307.70
2008-02,387.43,99.85,282.19,109.16,339.56,131.14,419.61,98.92,206.28,117.59,597.23,128.42,431.22,127.38,227.76,120.80,307.07
2008-03,379.82,92.17,266.27,108.10,339.80,129.26,412.95,97.08,193.68,113.31,587.86,125.77,422.94,127.10,226.74,118.06,301.68
2008-04,382.42,92.87,269.53,107.32,341.25,130.90,415.52,98.26,197.93,113.37,579.05,129.53,432.80,122.94,222.05,118.98,304.01
2008-05,390.49,94.63,273.87,107.66,345.38,133.90,423.84,99.56,200.64,116.19,590.13,132.50,445.89,125.35,225.49,120.70,308.00
2008-06,391.03,93.81,273.28,108.28,347.74,132.83,423.81,98.72,200.00,118.66,602.63,127.36,440.67,130.61,236.49,119.53,308.59
2008-07,381.28,91.81,267.74,108.25,348.02,128.24,413.57,98.01,199.52,114.86,587.42,123.81,426.02,124.83,226.79,116.47,301.34
2008-08,375.82,91.13,266.20,106.66,346.31,127.53,413.43,96.54,198.31,109.43,579.66,121.23,417.00,122.09,221.11,116.18,297.69
2008-09,350.75,74.03,232.63,105.67,341.75,116.82,389.29,88.37,184.57,98.95,540.49,109.25,383.70,123.77,220.13,105.95,275.37
2008-10,326.52,57.54,200.36,96.38,335.08,110.76,367.63,68.45,156.01,83.93,510.13,96.66,353.65,133.70,232.38,90.27,254.40
2008-11,313.32,55.44,196.82,84.87,199.49,107.76,356.20,60.61,147.42,81.45,518.59,95.94,349.05,138.03,240.14,86.02,242.88
2008-12,313.60,56.22,195.30,85.07,200.49,105.72,352.57,60.01,146.54,82.25,524.45,97.74,352.82,141.23,245.60,82.51,239.83
2009-01,317.82,59.20,207.77,83.44,203.29,106.43,356.13,58.95,147.52,84.68,538.57,95.40,352.68,140.64,244.48,84.71,248.95
2009-02,315.20,59.84,209.49,68.41,191.90,105.35,352.31,58.31,149.14,88.53,540.12,92.33,348.18,140.82,244.26,84.53,248.91
2009-03,317.37,60.69,211.90,71.65,194.03,105.48,353.07,58.50,151.71,88.68,540.59,94.23,354.57,137.62,239.32,84.26,249.95
2009-04,322.79,63.79,221.54,72.21,196.59,106.17,358.38,64.40,154.68,89.05,541.76,95.97,363.68,133.73,231.60,84.04,255.62
2009-05,335.08,67.12,233.58,73.31,203.28,109.56,372.55,64.85,160.96,90.58,549.28,99.21,381.50,135.27,233.47,86.13,265.87
2009-06,336.61,71.42,243.19,72.78,202.91,110.69,376.46,65.11,163.97,89.53,544.72,100.50,381.46,131.97,228.07,87.04,270.29
2009-07,345.05,74.12,257.09,73.07,206.49,113.92,385.12,65.76,169.87,90.35,554.30,103.66,392.73,132.11,227.13,88.46,278.27
2009-08,350.26,75.89,265.73,73.38,209.17,116.89,393.41,66.35,173.88,90.43,559.00,104.54,398.22,133.22,229.20,88.93,282.20
2009-09,360.65,78.51,274.12,73.08,211.12,120.74,404.51,67.36,178.58,92.09,574.09,107.18,410.77,136.56,235.84,89.25,290.06
2009-10,361.05,80.86,279.98,72.93,210.35,119.58,406.19,68.25,182.00,91.71,575.22,106.50,405.76,133.96,230.72,95.76,293.25
2009-11,368.46,85.98,282.15,72.87,210.48,123.64,414.76,68.87,185.03,95.23,595.01,107.54,413.34,139.11,241.88,98.99,295.96
2009-12,371.83,87.54,288.69,79.91,208.53,129.97,424.62,70.39,186.48,91.70,586.05,109.85,420.62,133.36,229.19,99.56,299.58
2010-01,372.43,88.42,291.56,79.38,208.72,130.49,430.80,71.10,190.35,99.08,592.45,108.38,414.06,129.66,220.14,100.36,301.29
2010-02,374.95,92.11,292.90,79.15,205.81,133.80,432.65,70.92,190.47,100.86,598.99,108.89,419.56,131.69,224.16,103.08,302.98
2010-03,383.30,93.76,298.93,79.22,206.90,137.29,445.03,71.61,193.21,99.99,601.22,111.95,432.18,135.38,233.74,104.93,307.34
2010-04,388.06,95.29,304.01,78.38,207.77,140.98,453.50,71.60,196.62,99.79,611.23,112.29,433.36,137.75,238.19,105.93,310.27
2010-05,376.39,93.17,295.70,76.72,200.31,134.58,438.36,71.40,194.91,99.73,606.96,107.31,413.95,135.50,227.78,103.95,302.88
2010-06,373.12,94.02,295.67,75.10,198.26,131.19,431.32,71.35,196.67,99.68,610.27,106.44,405.23,136.25,228.70,103.62,300.33
2010-07,378.60,95.44,301.75,74.39,201.34,133.44,437.55,71.49,198.85,101.41,613.88,108.26,414.76,134.56,225.45,104.30,304.96
2010-08,379.52,96.68,305.95,73.60,198.13,131.14,435.74,70.20,201.40,103.77,623.24,106.56,409.99,140.78,236.75,104.33,305.00
2010-09,391.64,97.31,309.10,74.61,204.87,137.95,448.71,70.74,204.30,104.71,639.03,110.71,429.41,142.64,242.85,105.64,312.91
2010-10,398.99,99.05,315.08,75.52,206.74,140.74,456.59,70.68,206.50,106.41,649.14,112.27,437.82,146.58,253.03,106.44,319.10
2010-11,398.29,98.92,315.28,73.73,201.21,140.89,457.41,71.38,208.19,102.57,645.68,111.89,440.07,141.22,241.92,105.57,320.21
2010-12,409.58,99.99,318.86,74.65,204.65,148.31,474.90,71.42,209.47,107.08,662.51,114.00,454.74,148.09,254.69,107.24,325.54
2011-01,412.39,101.74,325.64,75.75,208.26,149.82,483.34,72.21,212.93,104.26,657.63,115.02,456.00,146.28,252.70,108.66,331.89
2011-02,418.13,102.80,335.06,76.19,209.38,151.60,490.36,72.52,214.95,106.03,666.10,116.63,463.86,149.37,259.25,109.34,336.52
2011-03,418.72,103.05,333.15,80.55,211.69,150.40,489.23,72.34,214.35,107.32,667.24,117.08,465.25,145.19,252.32,109.65,339.20
2011-04,426.06,103.15,333.43,82.18,218.57,151.31,494.70,72.18,216.30,109.48,683.15,119.18,472.95,150.77,265.43,110.24,342.06
2011-05,422.13,103.14,333.71,81.21,216.39,149.05,491.91,72.10,216.91,106.65,679.17,117.60,465.08,146.26,253.47,109.94,342.11
2011-06,416.66,102.31,331.05,80.74,215.89,144.68,481.64,71.78,217.16,104.72,672.05,116.22,458.48,142.35,245.87,109.38,340.12
2011-07,419.80,102.12,330.78,80.13,215.63,142.48,478.17,71.27,218.50,106.79,689.57,115.10,456.86,148.60,256.01,109.36,342.42
2011-08,410.49,100.28,325.31,79.07,213.88,134.25,452.86,70.67,218.09,107.48,703.33,109.09,436.91,150.56,256.86,108.42,336.07
2011-09,396.64,98.60,319.35,75.42,208.92,125.97,428.54,70.17,217.79,105.08,703.26,104.69,412.70,150.66,254.86,107.96,327.74
2011-10,403.53,99.65,323.19,78.33,214.63,129.55,439.41,70.12,218.23,104.94,704.95,109.25,430.73,142.07,242.57,108.66,334.44
2011-11,400.52,99.07,321.42,76.74,214.97,127.43,434.94,70.17,219.49,103.26,705.20,107.21,424.44,142.71,243.15,108.60,331.58
2011-12,399.81,99.58,323.65,75.74,213.99,124.90,431.52,70.14,220.46,103.66,708.68,106.51,420.75,144.28,245.27,109.40,332.22
2012-01,409.20,101.92,331.33,77.05,214.43,128.71,443.65,70.71,223.09,104.52,717.50,110.12,437.19,146.13,248.13,110.47,340.47
2012-02,415.70,103.59,337.46,78.83,217.25,129.99,450.57,71.14,225.31,105.32,723.08,113.89,448.56,147.62,251.08,111.36,346.27
2012-03,415.89,103.89,339.33,79.17,216.91,129.54,454.10,71.34,226.96,105.40,719.98,115.38,450.79,143.66,243.65,111.30,347.79
2012-04,415.67,103.65,338.47,78.38,215.98,128.06,453.00,71.64,228.51,104.91,718.07,114.29,448.61,144.46,244.67,111.46,349.78
2012-05,409.68,102.93,335.38,74.66,208.60,126.53,446.50,71.70,229.05,103.91,719.46,109.07,426.80,147.99,250.88,111.19,345.35
2012-06,408.00,103.30,336.39,76.20,210.44,124.98,445.64,72.28,230.71,102.74,709.70,110.59,428.16,142.62,242.12,111.61,346.91
2012-07,413.89,104.15,339.32,76.42,209.54,125.26,448.97,73.18,234.51,106.37,725.21,110.98,430.50,149.23,253.74,112.95,351.43
2012-08,417.13,104.41,340.64,77.77,212.02,126.56,453.96,73.46,236.77,106.19,727.61,112.63,436.71,146.71,249.79,114.43,355.96
2012-09,421.23,104.73,341.84,78.59,213.10,128.44,461.18,73.74,239.59,106.01,731.60,114.47,443.25,144.87,246.34,115.02,358.62
2012-10,420.31,104.74,342.55,78.09,212.12,128.70,465.19,74.09,241.56,103.76,726.01,113.68,442.16,137.99,234.90,115.29,359.70
2012-11,422.84,105.01,343.17,78.58,212.86,127.77,466.38,74.15,242.62,103.86,730.95,114.23,445.21,138.87,236.18,115.85,363.16
2012-12,428.85,106.34,347.69,79.01,214.59,130.06,475.26,74.51,244.16,104.33,739.80,116.12,451.97,139.82,238.60,117.28,367.91
2013-01,437.30,108.20,354.34,80.94,218.67,132.67,485.01,74.86,246.56,104.57,745.85,120.50,467.36,143.12,244.70,118.16,375.17
2013-02,438.22,108.14,353.97,79.10,215.66,132.15,487.14,74.95,247.73,103.92,747.87,120.55,467.77,142.07,242.66,118.65,376.53
2013-03,443.47,108.76,356.44,77.77,215.69,135.26,497.42,75.16,249.16,104.89,754.98,122.20,474.19,144.09,246.87,119.38,378.78
2013-04,449.29,108.54,356.79,78.34,217.73,136.56,503.02,75.57,249.89,105.71,767.69,123.41,479.81,149.40,255.19,120.15,382.65
2013-05,451.02,109.96,361.35,77.54,218.52,138.66,514.42,75.00,249.83,104.78,767.00,125.14,485.42,143.23,242.22,120.20,383.94
2013-06,443.40,109.40,360.03,77.61,219.68,137.33,507.50,74.39,246.89,102.86,747.71,123.49,482.21,134.88,229.00,118.38,380.97
2013-07,447.06,108.92,359.61,78.56,223.93,139.86,514.83,74.28,247.73,102.47,749.36,126.27,491.24,133.20,226.54,118.85,385.16
2013-08,444.47,109.66,362.08,77.53,219.97,140.06,514.43,73.73,248.16,101.84,742.13,125.48,485.56,129.88,220.14,118.63,385.33
2013-09,449.84,109.43,362.79,77.75,221.85,141.66,521.55,73.43,249.31,102.17,747.95,129.66,497.93,129.59,219.75,118.90,390.56
2013-10,456.82,110.21,366.00,77.65,224.35,142.61,528.88,73.37,250.73,103.09,755.25,130.83,510.37,134.00,226.15,119.58,397.32
2013-11,462.65,109.66,365.13,77.42,230.08,145.87,537.57,73.37,251.89,103.50,762.77,132.89,519.63,136.70,230.80,120.47,400.61
2013-12,467.98,109.65,366.95,78.40,232.97,148.01,545.96,73.32,252.27,104.24,767.88,136.11,528.72,135.43,230.96,121.26,406.97
2014-01,466.49,112.62,374.69,78.46,233.10,149.40,547.41,73.41,254.77,102.35,759.43,133.69,528.17,129.86,222.85,121.85,410.20
2014-02,474.20,111.73,375.11,79.31,233.63,154.54,561.97,73.71,256.34,101.45,764.35,137.14,542.91,131.48,224.84,122.96,415.74
2014-03,471.78,112.12,375.85,78.52,232.20,152.66,561.04,73.71,257.33,100.54,762.30,133.73,536.32,129.17,220.68,123.15,414.54
2014-04,470.71,112.33,376.99,77.97,230.52,152.52,561.07,73.63,258.39,100.66,762.21,131.26,530.72,130.20,221.55,122.69,412.69
2014-05,476.03,111.34,374.92,77.28,229.84,153.30,567.05,73.60,259.53,101.51,769.98,133.10,538.74,134.69,228.47,123.62,416.36
2014-06,480.47,111.10,375.03,77.36,231.39,156.35,576.29,73.61,260.50,102.75,773.86,133.42,544.03,136.80,231.92,123.30,418.13
2014-07,478.78,111.25,375.12,76.27,229.65,153.59,572.60,73.54,261.20,103.18,773.51,132.49,538.47,135.50,229.40,123.12,418.55
2014-08,482.91,110.74,373.90,75.77,229.54,153.61,573.11,73.81,261.58,103.07,782.20,132.98,545.39,142.56,241.07,123.59,421.96
2014-09,482.67,110.23,371.08,74.84,228.78,149.17,564.74,73.93,262.63,103.43,786.31,132.23,544.18,144.87,245.30,125.05,426.11
2014-10,478.57,108.30,364.21,75.31,229.73,143.14,552.19,74.14,262.26,100.78,778.71,130.56,543.98,148.56,249.68,124.54,423.83
2014-11,485.58,108.05,363.70,76.13,230.95,144.33,555.04,74.11,262.70,101.62,791.34,132.55,554.08,160.03,268.42,126.24,428.84
2014-12,485.43,106.69,359.25,75.95,229.22,143.36,551.69,73.93,262.41,102.43,788.94,132.47,555.86,164.54,272.91,126.30,430.46
2015-01,489.43,106.32,358.28,75.52,228.22,141.27,545.52,73.92,260.02,103.63,811.35,131.92,557.31,176.34,290.42,127.29,435.76
2015-02,494.43,107.04,361.58,75.11,223.74,144.56,557.62,74.06,261.85,102.86,814.44,134.73,568.23,174.91,286.92,128.78,438.72
2015-03,497.29,106.50,360.37,75.13,223.16,145.04,559.49,73.59,261.53,102.82,825.15,135.15,565.46,179.29,293.96,129.53,443.34
2015-04,497.17,109.43,369.62,76.08,222.12,145.26,563.78,73.30,262.98,100.64,818.86,135.51,565.12,171.62,281.78,129.21,443.17
2015-05,501.12,109.75,371.41,76.27,224.28,146.57,568.37,73.30,264.14,101.68,824.42,136.83,577.24,168.86,279.21,129.36,445.91
2015-06,494.36,108.62,368.46,77.22,227.59,143.29,561.15,72.67,263.46,99.24,809.70,133.52,574.31,158.19,263.06,127.94,443.86
2015-07,498.48,107.45,364.40,78.08,228.76,142.64,561.89,73.24,264.12,100.84,819.67,135.30,582.87,165.33,274.48,129.60,448.12
2015-08,488.51,107.24,363.36,79.24,230.77,138.24,546.12,72.78,263.89,98.29,798.09,130.47,571.63,159.91,266.92,128.61,445.75
2015-09,481.34,106.97,362.24,80.20,232.08,134.19,526.98,72.75,262.55,97.40,785.11,128.22,564.90,163.95,274.46,128.41,443.59
2015-10,483.64,107.91,365.49,79.49,230.56,134.92,527.44,72.77,261.88,98.24,794.96,131.91,574.43,160.12,267.40,128.92,443.66
2015-11,484.40,106.97,362.49,78.41,227.96,132.50,520.71,73.08,261.94,98.24,806.20,131.63,573.37,166.38,277.65,128.60,444.45
2015-12,480.09,105.69,359.51,79.96,231.36,131.43,513.79,73.40,262.14,96.12,789.61,131.00,572.94,162.17,271.55,128.25,445.06
2016-01,472.90,103.99,352.13,79.82,228.44,127.07,497.70,73.67,259.94,95.47,784.49,124.39,556.52,171.12,282.29,128.10,442.56
2016-02,467.39,103.78,351.51,78.30,226.59,124.91,488.28,73.89,257.01,93.19,771.69,122.22,546.30,175.77,291.13,126.88,438.47
2016-03,468.24,104.68,356.89,78.63,229.76,123.58,489.22,73.00,258.22,93.08,770.06,122.80,549.31,168.22,283.00,124.35,441.19
2016-04,469.38,105.86,361.84,78.58,227.56,124.06,496.89,73.54,261.62,92.76,771.25,123.07,544.96,162.18,274.18,123.76,442.54
2016-05,470.64,106.07,363.64,78.29,227.83,126.26,501.59,72.98,261.67,92.11,768.69,124.79,552.16,156.89,264.88,125.48,446.37
2016-06,469.70,106.52,365.33,77.62,221.82,125.16,498.34,72.38,260.09,94.42,773.24,121.76,541.24,163.13,275.77,125.48,445.47
2016-07,474.58,107.87,370.34,78.20,223.50,127.10,505.38,73.19,262.61,95.15,774.72,125.01,547.68,165.49,279.90,126.31,449.75
2016-08,476.28,109.05,374.59,77.98,223.49,128.02,511.56,73.41,264.32,94.83,775.25,126.31,549.49,159.94,270.93,127.20,453.19
2016-09,476.36,110.13,378.08,78.67,224.64,128.67,511.45,73.82,266.01,95.12,775.30,126.85,549.63,156.42,266.01,127.53,455.37
2016-10,474.98,109.96,377.94,78.22,223.77,128.49,510.47,73.57,266.86,95.29,786.48,126.48,543.83,149.98,254.36,127.33,455.36
2016-11,476.27,109.51,377.38,76.72,219.14,130.05,515.78,73.37,267.98,93.01,801.38,126.67,542.53,147.09,249.51,126.65,452.43
2016-12,480.35,109.67,378.43,76.42,217.79,131.05,521.57,73.84,270.14,95.08,809.18,126.81,546.61,146.18,249.73,128.91,459.12
2017-01,483.00,110.61,382.78,77.42,221.78,132.68,527.73,74.76,272.32,94.69,805.93,129.52,551.87,143.18,245.87,128.74,462.13
2017-02,487.18,111.73,386.74,76.56,218.98,134.10,532.85,74.90,274.00,96.68,807.70,130.68,558.87,146.49,251.57,129.93,465.95
2017-03,488.46,111.32,385.44,77.53,221.41,132.82,533.35,74.92,275.33,97.32,808.17,131.64,563.34,143.44,246.47,130.34,469.97
2017-04,489.85,111.41,386.03,78.95,221.48,134.00,535.65,75.38,275.94,97.38,802.39,132.39,570.75,141.83,244.82,130.93,473.13
2017-05,492.97,111.11,385.75,79.36,220.53,133.88,539.82,76.15,277.87,98.30,797.33,134.16,579.54,141.71,245.48,131.96,479.28
2017-06,489.87,110.47,384.51,80.02,221.24,134.62,536.61,76.30,278.44,97.51,790.63,134.11,577.58,136.30,237.17,132.42,478.34
2017-07,495.50,111.23,388.40,81.60,228.28,135.93,542.14,77.09,280.31,100.21,799.53,136.89,587.19,137.31,239.72,131.88,481.09
2017-08,497.57,111.17,386.66,81.87,230.09,134.76,537.42,77.48,281.36,101.34,801.02,137.61,591.04,140.68,245.91,132.16,483.83
2017-09,496.02,111.23,388.63,81.03,229.53,134.40,538.64,75.71,277.55,100.62,800.74,137.97,591.55,136.56,238.92,131.25,482.40
2017-10,501.60,111.84,389.59,81.18,227.76,134.56,539.02,75.63,279.39,103.10,805.82,139.88,602.84,143.42,250.62,131.88,484.56
2017-11,501.27,110.68,386.94,81.10,226.41,133.82,536.70,76.18,280.25,103.87,805.12,139.43,604.00,142.83,249.98,130.94,484.34
2017-12,504.93,111.47,390.07,81.50,231.42,136.88,543.99,76.24,282.28,105.87,811.67,140.84,607.95,145.01,253.62,130.35,481.20
2018-01,517.13,113.17,396.14,82.98,235.56,137.93,551.32,77.20,284.07,111.44,834.55,145.58,625.00,152.81,264.53,131.71,493.65
2018-02,505.02,113.23,391.65,81.76,231.22,136.92,542.99,76.43,284.70,105.05,816.13,143.47,611.62,138.43,243.86,128.83,481.94
2018-03,503.70,112.16,390.74,82.67,231.52,135.32,539.08,76.55,285.49,104.44,810.46,141.57,609.69,137.40,242.73,128.53,485.63
2018-04,502.84,112.26,390.58,81.82,232.29,135.54,540.04,76.23,285.89,103.21,809.61,141.53,609.97,137.48,240.70,128.63,483.04
2018-05,503.12,110.62,387.41,81.55,229.18,136.57,541.73,75.26,282.90,102.65,820.67,142.60,610.98,134.91,237.42,129.23,483.76
2018-06,500.86,109.56,385.08,80.88,228.44,137.26,544.05,74.81,282.75,101.12,815.72,140.30,603.58,135.00,240.30,130.25,483.09
2018-07,501.42,109.44,385.70,80.16,227.86,137.39,546.09,74.85,283.24,100.61,815.24,140.28,610.72,132.28,236.99,129.45,480.25
2018-08,500.84,109.02,383.37,80.68,227.62,137.71,545.71,74.60,283.41,98.71,807.32,139.51,609.55,137.01,242.38,129.44,482.49
2018-09,500.24,109.11,385.85,80.18,226.28,137.75,545.77,74.59,283.38,99.47,808.35,139.19,608.54,135.14,240.12,129.72,484.36
2018-10,485.68,107.32,379.35,76.92,220.81,135.32,529.06,73.66,281.92,90.03,794.67,132.34,578.91,129.53,230.90,128.14,473.62
2018-11,481.61,106.54,377.93,73.61,210.76,133.54,525.56,73.17,279.57,88.37,787.44,130.61,578.44,128.45,228.03,127.02,466.13
2018-12,474.68,104.89,370.44,75.11,213.41,128.95,507.87,72.82,277.51,87.43,787.73,127.80,562.84,130.46,229.25,127.02,462.35
2019-01,481.77,107.16,380.05,76.64,215.82,131.21,519.28,73.43,279.77,91.44,793.90,132.39,581.19,127.56,224.39,127.74,465.57
2019-02,485.78,107.94,381.36,75.82,215.75,131.11,526.41,73.54,281.17,91.25,791.96,134.00,588.18,129.06,225.06,127.24,468.13
2019-03,489.89,107.60,381.51,75.97,217.17,131.03,529.03,73.10,281.41,95.95,802.16,134.02,588.44,136.25,234.91,127.98,472.68
2019-04,495.16,108.24,384.65,74.01,211.35,132.29,537.50,73.14,281.60,96.89,811.11,135.90,597.59,140.57,240.54,129.02,476.28
2019-05,488.83,106.82,382.23,74.91,214.34,130.53,529.99,72.78,281.36,94.26,801.83,132.56,581.78,138.59,238.40,127.82,474.79
2019-06,497.21,107.38,383.13,75.65,214.87,131.62,537.11,73.23,282.51,100.60,831.44,135.51,590.76,141.14,243.95,127.18,478.69
2019-07,499.47,106.79,381.12,75.20,213.78,129.85,534.49,72.75,282.08,103.36,837.29,135.07,593.50,146.93,252.10,127.11,478.69
2019-08,497.54,106.30,379.05,73.70,212.26,127.74,526.49,71.79,280.25,99.70,837.97,134.60,589.05,154.58,262.16,127.24,480.93
2019-09,494.72,106.53,378.58,73.01,209.45,127.81,524.92,72.25,281.12,102.34,842.83,132.68,586.86,145.76,250.84,126.53,478.26
2019-10,495.18,106.21,378.16,72.72,209.21,126.62,522.73,72.39,282.20,101.42,836.08,133.64,593.25,140.44,242.87,126.96,479.99
2019-11,496.49,107.28,381.35,72.30,207.55,125.93,524.78,72.66,283.03,102.52,832.82,135.38,599.85,139.72,242.88,126.55,479.39
2019-12,503.26,109.56,388.54,73.35,210.19,125.67,532.94,73.01,285.56,104.86,843.38,137.77,612.14,140.28,242.87,128.14,481.03
2020-01,502.98,109.50,388.18,72.89,207.25,123.94,532.31,72.96,286.74,103.44,841.56,136.43,605.90,140.13,245.41,129.53,485.07
2020-02,491.95,110.92,391.63,72.52,204.65,120.51,516.07,72.63,286.69,97.85,822.71,132.96,584.66,138.07,241.32,127.20,476.55
2020-03,455.12,102.69,365.64,69.88,197.85,104.60,445.54,67.46,267.45,80.91,770.14,126.92,540.17,136.61,241.46,118.00,447.07
2020-04,465.59,105.35,372.18,71.11,200.83,108.84,464.37,69.35,261.91,84.45,791.26,130.90,562.90,136.47,238.96,119.86,453.53
2020-05,476.56,107.32,378.49,71.88,200.27,111.70,476.99,70.64,266.84,85.38,807.47,132.96,585.01,134.69,237.37,122.07,462.45
2020-06,481.62,109.49,385.67,73.07,203.83,114.53,487.63,71.95,273.65,86.14,803.07,136.33,590.93,132.41,233.74,122.50,463.11
2020-07,493.33,113.51,399.01,75.93,212.08,116.22,495.30,72.81,278.10,89.58,835.53,139.44,599.45,135.88,239.85,122.57,475.98
2020-08,501.25,115.09,404.06,76.41,211.75,117.28,510.47,73.75,281.11,90.81,850.33,145.35,614.62,134.14,236.02,123.57,479.88
2020-09,496.04,115.07,405.36,76.05,209.14,118.24,509.01,74.18,282.58,88.15,835.40,141.04,604.66,130.78,230.53,123.65,476.91
2020-10,493.29,115.74,407.00,75.46,207.98,117.69,506.96,74.46,284.54,86.26,825.65,141.61,600.34,129.90,229.98,121.37,475.53
2020-11,507.22,119.73,417.83,74.37,206.64,121.59,539.83,75.35,287.36,92.75,845.23,153.39,623.22,130.15,231.42,123.59,479.84
2020-12,525.64,121.81,420.88,75.64,210.06,125.12,559.31,76.16,291.01,98.59,881.72,161.65,648.10,137.55,243.22,126.49,499.20
2021-01,524.29,124.37,426.45,75.94,209.83,128.09,567.04,76.66,294.84,97.29,884.28,161.09,629.62,136.52,240.21,125.45,496.61
2021-02,536.37,127.33,435.39,77.07,212.82,130.81,584.72,76.20,295.83,97.28,892.07,169.24,658.06,142.12,247.63,126.17,503.70
2021-03,540.27,127.73,431.62,77.14,211.74,129.28,594.46,76.33,297.00,97.35,905.65,169.15,662.88,142.29,248.46,127.09,509.33
2021-04,553.80,127.11,434.49,78.55,216.62,131.01,605.40,76.90,300.49,103.30,936.74,172.90,682.73,145.72,254.91,129.96,520.26
2021-05,559.63,126.97,437.31,78.60,218.09,130.87,611.75,77.54,301.87,105.50,960.81,173.33,685.35,148.79,259.25,130.15,525.15
2021-06,555.57,126.64,437.80,78.40,215.68,131.51,615.15,76.85,301.56,103.69,933.09,172.19,680.57,146.92,257.68,129.91,520.17
2021-07,557.00,125.96,433.85,79.42,218.94,130.79,611.73,76.97,303.14,103.36,933.72,171.22,690.19,147.27,259.82,131.32,525.47
2021-08,561.97,126.36,437.24,79.33,218.78,130.51,625.92,77.02,303.85,104.11,941.52,172.71,696.11,147.43,259.86,133.10,526.95
2021-09,561.70,127.12,438.61,78.78,217.92,131.54,629.64,76.71,303.74,104.65,956.44,167.12,684.97,150.60,262.26,132.35,526.75
2021-10,568.42,127.73,444.23,78.30,218.78,131.63,639.81,75.61,302.54,104.51,959.09,170.54,699.52,154.84,272.23,132.68,528.17
2021-11,555.11,126.47,442.84,78.89,217.56,130.88,627.24,75.22,300.85,98.35,927.83,162.96,677.60,148.70,261.02,129.50,520.10
2021-12,565.17,126.94,445.01,79.63,221.51,129.77,628.33,75.85,304.50,105.41,959.19,165.19,697.08,149.66,261.32,133.19,530.64
2022-01,561.11,124.70,440.50,79.21,219.56,128.88,615.16,75.59,304.12,108.03,991.58,159.74,679.73,153.63,264.89,130.32,523.94
2022-02,562.85,124.80,438.71,79.48,220.54,128.61,612.21,74.36,302.15,109.41,1023.35,157.23,669.53,157.74,270.29,129.50,534.28
2022-03,575.83,122.38,432.95,80.59,220.78,128.13,612.97,73.47,300.82,117.22,1112.02,154.99,672.08,172.56,292.89,130.50,545.78
2022-04,577.54,121.55,434.65,79.85,218.57,127.79,607.51,72.45,298.94,121.91,1145.05,150.05,659.10,181.81,305.61,130.56,552.23
2022-05,573.16,119.22,423.69,80.05,220.82,126.06,598.78,72.06,299.57,123.06,1161.47,150.27,655.21,181.45,305.03,120.67,530.09
2022-06,560.40,118.08,420.44,80.06,218.06,124.53,576.32,70.58,293.50,120.46,1122.98,143.50,636.00,185.50,307.98,112.86,519.73
2022-07,562.25,119.70,421.16,78.84,213.92,124.87,581.38,70.37,295.05,116.74,1135.90,143.86,642.61,182.14,299.80,113.34,519.76
2022-08,563.90,121.79,425.68,79.35,216.61,125.40,584.26,70.12,294.36,118.41,1157.05,141.90,632.77,187.25,308.36,113.57,522.90
2022-09,558.90,120.55,422.88,79.28,213.98,123.23,568.42,68.24,291.49,115.98,1177.70,136.52,614.14,192.59,318.41,110.02,519.68
2022-10,560.80,120.98,420.75,78.61,214.42,123.23,572.10,68.83,292.10,114.27,1164.03,136.24,623.08,191.75,318.63,109.84,525.96
2022-11,561.09,120.68,418.80,79.52,217.50,123.47,576.20,69.62,292.47,108.76,1105.09,142.38,644.71,182.81,303.15,112.76,530.86
2022-12,560.06,120.86,421.88,80.67,220.93,123.70,574.19,70.42,295.67,105.30,1090.03,142.40,644.08,181.68,305.30,111.03,526.90
2023-01,569.19,122.33,422.02,80.94,222.24,124.44,585.55,71.58,299.11,104.22,1117.37,149.47,663.89,179.92,296.63,112.62,528.64
2023-02,562.79,122.93,421.84,80.58,220.86,124.20,582.40,71.37,300.39,105.64,1061.52,146.54,656.89,182.86,301.49,110.13,529.16
2023-03,557.65,121.49,421.06,81.67,222.65,123.72,578.29,71.91,299.04,102.41,1003.95,147.57,666.14,172.43,282.48,110.40,530.00
2023-04,558.45,121.33,418.83,82.08,224.06,123.96,581.28,72.21,299.29,104.23,1002.55,147.48,667.75,174.74,287.95,110.03,528.22
2023-05,556.41,122.09,420.69,80.76,220.59,123.28,580.56,72.04,299.67,99.70,977.95,146.82,666.53,178.53,292.39,108.44,527.40
2023-06,564.13,122.84,422.58,81.89,225.10,124.30,591.62,72.35,301.46,103.03,1010.45,148.43,675.79,179.56,295.51,108.16,530.01
2023-07,570.55,123.61,424.88,81.40,225.29,124.77,598.31,73.17,304.65,104.95,1006.19,150.89,683.42,177.88,292.97,114.08,551.69
2023-08,570.59,122.35,425.87,81.59,224.05,125.61,597.76,72.70,305.50,106.89,994.34,147.86,682.03,178.97,291.72,116.98,560.72
2023-09,571.66,121.76,421.91,82.00,225.21,127.39,597.48,72.55,304.75,108.47,1007.20,145.41,675.06,184.49,302.30,116.75,563.45
2023-10,570.19,118.68,422.18,82.34,226.25,126.71,587.71,72.59,305.92,107.64,1009.73,142.88,671.49,182.74,302.09,117.26,563.01
2023-11,577.82,120.44,424.23,83.79,230.31,127.29,600.92,73.63,309.74,107.21,1000.58,148.92,695.64,176.60,292.79,118.99,563.43
2023-12,581.05,121.50,430.25,84.16,231.15,128.30,615.26,74.50,312.22,105.49,1012.85,151.69,700.46,175.86,290.93,118.57,558.09
2024-01,588.52,121.36,426.32,84.42,232.78,128.97,617.33,74.87,314.56,109.59,1025.84,153.26,716.44,177.18,294.12,120.91,570.24
2024-02,599.88,121.90,433.96,84.62,234.60,129.99,628.95,75.45,317.39,115.92,1037.70,157.81,737.13,187.22,308.54,120.11,572.21
2024-03,609.56,123.01,433.92,85.20,237.51,131.27,638.63,75.99,319.25,123.46,1074.17,161.33,744.69,193.06,319.18,120.25,579.77
2024-04,609.76,122.17,433.66,85.58,238.29,131.45,634.10,76.14,321.35,124.47,1062.45,158.97,741.64,193.69,322.66,121.13,585.86
2024-05,613.29,122.72,436.17,86.20,240.74,132.45,643.61,77.12,325.15,121.62,1055.49,162.95,757.28,190.18,315.41,121.78,584.37
2024-06,616.25,122.88,438.93,86.86,243.68,133.34,646.07,77.07,325.25,118.45,1044.28,163.85,767.92,186.29,310.64,123.30,591.60
2024-07,618.27,124.54,442.43,87.32,242.20,134.39,651.79,80.85,334.49,117.18,1046.95,163.14,769.37,179.92,301.81,125.59,591.34
2024-08,615.92,125.97,445.10,88.90,247.22,135.62,657.18,81.18,328.79,111.11,1027.47,162.57,778.26,173.12,290.02,127.32,589.62
2024-09,625.99,127.36,449.82,89.30,248.58,136.31,667.04,81.80,333.12,114.35,1056.18,166.80,789.94,175.15,294.46,126.54,593.64
2024-10,619.32,128.07,454.47,88.79,246.48,135.79,671.05,81.51,333.21,111.63,1021.96,164.34,784.96,169.11,283.87,124.44,586.78
2024-11,629.26,129.46,455.07,88.72,246.34,137.01,685.62,81.01,333.81,116.16,1058.07,165.63,802.84,174.12,291.03,122.18,590.30
2024-12,628.10,129.10,454.63,88.95,245.85,137.98,684.57,80.66,333.41,116.96,1051.90,163.59,791.41,176.55,294.57,121.59,596.92
2025-01,641.28,130.47,457.95,89.76,249.34,138.96,694.31,81.41,336.31,124.67,1089.29,166.73,816.98,176.98,296.13,124.21,605.13
2025-02,641.66,130.95,463.63,90.63,250.34,139.38,693.66,81.89,338.39,124.22,1086.35,164.75,809.42,175.12,292.22,126.09,608.50
2025-03,638.53,130.70,464.16,92.58,255.67,139.85,686.79,82.14,340.93,123.45,1084.68,160.50,793.42,171.49,288.31,129.72,614.98
2025-04,634.55,128.63,462.10,93.78,260.07,139.32,682.85,82.72,343.08,119.84,1058.31,160.48,800.10,161.89,274.41,131.68,610.86
2025-05,642.21,130.34,468.02,95.04,262.79,140.65,693.86,83.07,344.50,119.42,1052.17,166.58,827.64,159.10,270.62,132.05,615.66
2025-06,648.86,130.77,467.13,95.90,265.77,141.62,703.47,84.71,348.01,121.70,1074.25,173.45,838.31,160.83,272.44,131.37,615.64
2025-07,650.96,131.50,471.44,94.84,263.22,142.88,713.03,84.22,349.11,121.47,1065.28,175.00,845.95,162.14,272.33,128.51,612.82
2025-08,661.71,131.92,471.66,95.88,265.74,144.35,717.80,85.02,352.86,125.87,1090.42,179.54,861.62,164.17,275.04,130.51,622.15
2025-08,661.71,131.92,471.66,95.88,265.74,144.35,717.80,85.02,352.86,125.87,1090.42,179.54,861.62,164.17,275.04,130.51,622.15
