date,MKT_RF,SMB,HML,RF,GE,AT_T,WMT,JPM,PFE
198408,0.10280,-0.00220,-0.01830,0.00830,0.07564,0.04427,0.08079,0.03704,0.10652
198409,-0.00800,0.00210,0.05310,0.00860,-0.00659,0.03913,-0.02874,0.12493,-0.02113
198410,-0.00840,-0.01200,0.00480,0.01000,0.03090,0.01345,-0.01764,-0.01653,0.08523
198411,-0.01760,-0.00620,0.04040,0.00730,-0.02781,0.01703,-0.05490,0.06844,0.02794
198412,0.01840,-0.00580,-0.00140,0.00640,0.02233,0.06007,-0.05011,0.08909,0.08004
198501,0.07990,0.03260,-0.05390,0.00650,0.12048,0.04794,0.18343,0.08338,-0.05792
198502,0.01220,0.00780,-0.00170,0.00580,0.00473,0.01704,0.00000,0.04879,0.01881
198503,-0.00840,-0.01110,0.04030,0.00620,-0.07335,0.01008,-0.01788,-0.03276,0.06318
198504,-0.00960,0.00170,0.03710,0.00720,0.00000,0.02663,0.04919,0.00995,0.03720
198505,0.05090,-0.02270,-0.00880,0.00660,0.03421,0.06277,0.11095,0.08839,0.12419
198506,0.01270,0.00480,0.00430,0.00550,0.02041,0.04723,0.04337,0.01212,-0.01005
198507,-0.00740,0.02850,-0.01670,0.00620,0.03572,-0.01392,-0.09851,-0.00913,-0.01815
198508,-0.01020,-0.00320,0.02290,0.00550,-0.04996,0.00765,0.04583,-0.02164,-0.00259
198509,-0.04540,-0.01590,0.01290,0.00600,-0.04977,-0.05001,-0.08045,-0.16161,-0.01571
198510,0.04020,-0.01560,0.00770,0.00650,0.00217,0.02080,0.10431,0.14881,-0.03490
198511,0.06480,0.00210,-0.02930,0.00610,0.13000,0.02684,0.11147,0.06534,0.16158
198512,0.03880,-0.00490,-0.01560,0.00650,0.11195,0.06337,0.07436,0.10354,-0.05290
198601,0.00650,0.01200,0.00530,0.00560,-0.02611,0.01618,0.00781,-0.02511,-0.03671
198602,0.07130,-0.00640,-0.00880,0.00530,0.09684,0.03312,0.05673,0.08135,0.13515
198603,0.04880,-0.00510,-0.00510,0.00600,0.01282,0.05108,0.14783,0.14251,0.08230
198604,-0.01310,0.02830,-0.02900,0.00520,-0.00479,0.00496,0.02817,-0.02549,-0.01466
198605,0.04620,-0.01310,-0.00120,0.00490,0.02059,0.08360,0.16729,0.00234,0.06629
198606,0.01030,-0.00930,0.01390,0.00520,0.02285,0.09326,0.08110,-0.02817,0.12855
198607,-0.06450,-0.03370,0.04760,0.00520,-0.10399,-0.03123,-0.10939,-0.15537,-0.06261
198608,0.06070,-0.04170,0.03520,0.00460,0.07423,0.10333,0.01163,0.10536,0.01855
198609,-0.08600,0.02280,0.03200,0.00450,-0.08181,-0.08907,-0.11248,-0.10267,-0.15906
198610,0.04660,-0.02560,-0.01440,0.00460,0.05909,0.02631,0.06621,0.01146,0.02972
198611,0.01170,-0.01980,-0.00090,0.00390,0.08482,0.04222,0.05948,0.01414,0.02748
198612,-0.03270,0.00080,0.00310,0.00490,0.04308,0.00335,-0.02304,-0.03781,0.00000
198701,0.12470,-0.01790,-0.03210,0.00420,0.15332,0.05235,0.04211,0.10388,0.11177
198702,0.04390,0.03460,-0.05960,0.00430,0.03070,-0.00322,0.12121,-0.00803,0.07292
198703,0.01640,0.00400,0.01590,0.00470,0.02052,0.00750,0.05007,-0.04650,-0.00689
198704,-0.02110,-0.01700,-0.00320,0.00440,-0.01320,-0.07080,-0.01533,-0.02899,-0.02625
198705,0.00110,-0.00550,0.00160,0.00380,0.00482,0.03877,0.03258,-0.01183,-0.07267
198706,0.03940,-0.02170,0.01060,0.00480,0.05091,0.04270,0.14589,0.01523,0.10036
198707,0.03850,-0.00630,0.00710,0.00460,0.08586,-0.01108,0.09682,-0.05506,0.03191
198708,0.03520,-0.00750,-0.00910,0.00470,0.05340,0.04517,0.08438,0.01560,-0.04322
198709,-0.02590,0.00540,0.00280,0.00450,-0.01083,0.10188,-0.06701,-0.03981,-0.02143
198710,-0.23240,-0.08400,0.04200,0.00600,-0.26094,-0.11458,-0.31557,-0.34503,-0.27453
198711,-0.07770,0.02640,0.03230,0.00350,-0.11154,-0.14408,-0.14067,-0.04740,-0.12314
198712,0.06810,0.00150,-0.04430,0.00390,0.04876,0.01465,0.08143,-0.15777,0.01078
198801,0.04210,-0.00690,0.05160,0.00290,0.02241,0.13035,0.05153,0.00583,0.15835
198802,0.04750,0.03350,-0.01640,0.00460,0.00828,-0.02632,0.07051,0.15082,0.00500
198803,-0.02270,0.06150,0.00740,0.00440,-0.11169,-0.03390,-0.04215,-0.12935,0.01370
198804,0.00560,0.00960,0.01700,0.00460,0.00000,-0.01072,-0.01342,0.14154,-0.00227
198805,-0.00290,-0.02650,0.02280,0.00510,0.03946,0.07512,0.01786,0.15921,-0.04376
198806,0.04790,0.02100,-0.01120,0.00490,0.05190,0.04187,0.08209,0.08066,-0.00964
198807,-0.01250,-0.00190,0.02260,0.00510,-0.02598,-0.02610,0.07090,0.02419,0.00509
198808,-0.03310,0.00090,0.02080,0.00590,-0.05716,-0.00992,-0.09020,0.01972,-0.01224
198809,0.03300,-0.01270,-0.00670,0.00620,0.07982,0.07054,0.07232,0.02115,0.06899
198810,0.01150,-0.02900,0.01670,0.00610,0.00575,0.04592,-0.02751,-0.00391,0.04934
198811,-0.02290,-0.01720,0.01270,0.00570,0.03103,-0.00301,-0.03652,0.04599,0.00250
198812,0.01490,0.01940,-0.01540,0.00630,0.00233,-0.02748,0.03786,-0.05316,0.02179
198901,0.06100,-0.02130,0.00530,0.00550,0.07789,0.09289,0.07297,0.04725,0.00334
198902,-0.02250,0.02770,0.00860,0.00610,-0.05579,0.00000,-0.05716,-0.03922,-0.04435
198903,0.01570,0.00730,0.00480,0.00670,-0.01870,0.02825,0.02104,0.16697,0.04218
198904,0.04330,-0.00600,-0.01450,0.00670,0.09378,0.08451,0.10228,-0.00347,0.07333
198905,0.03350,-0.00040,-0.00840,0.00790,0.11122,0.07020,0.05077,-0.01751,-0.00564
198906,-0.01350,-0.01010,0.02170,0.00710,-0.04902,-0.01218,0.00795,0.03265,-0.06127
198907,0.07200,-0.04020,-0.02810,0.00700,0.12502,0.12167,0.12613,0.08031,0.13411
198908,0.01440,0.00530,0.00650,0.00740,-0.01507,-0.05419,-0.02209,-0.01948,0.06334
198909,-0.00760,0.00300,-0.01340,0.00650,-0.01242,0.05419,-0.03003,0.08789,-0.00907
198910,-0.03670,-0.03260,-0.01090,0.00680,-0.02011,-0.01305,0.01212,-0.19525,-0.01468
198911,0.01030,-0.01220,-0.01080,0.00690,0.11301,0.01786,0.04994,-0.05738,0.09959
198912,0.01160,-0.02380,0.00240,0.00610,0.04699,0.12269,0.02949,-0.03973,-0.06443
199001,-0.07850,-0.01300,0.00890,0.00570,-0.03551,-0.17873,-0.05144,-0.14859,-0.01449
199002,0.01110,0.01050,0.00630,0.00570,-0.00046,0.03485,0.03175,-0.00487,-0.14061
199003,0.01830,0.01480,-0.02860,0.00640,0.03969,0.03146,0.07275,-0.06686,0.02717
199004,-0.03360,-0.00500,-0.02580,0.00690,-0.00390,-0.02176,0.04904,0.00000,-0.06605
199005,0.08420,-0.02560,-0.03740,0.00680,0.08021,0.06640,0.12753,0.15796,0.15905
199006,-0.01090,0.01450,-0.02010,0.00630,0.00543,-0.08022,0.10232,-0.04669,-0.02692
199007,-0.01900,-0.03200,-0.00010,0.00680,0.03372,0.02210,0.00599,-0.10318,0.16660
199008,-0.10140,-0.03590,0.01600,0.00660,-0.14431,-0.10408,-0.09480,-0.06164,-0.05649
199009,-0.06120,-0.03670,0.00740,0.00600,-0.12052,0.06661,-0.04485,-0.30283,-0.00529
199010,-0.01920,-0.05540,0.00250,0.00680,-0.04696,0.05228,-0.01852,-0.42583,0.02964
199011,0.06350,0.00330,-0.03070,0.00570,0.05153,0.01140,0.11882,0.11641,0.11239
199012,0.02460,0.00820,-0.01550,0.00600,0.05619,0.01575,0.00528,-0.03747,0.00000
199101,0.04690,0.03800,-0.01840,0.00520,0.10927,-0.05672,0.08701,0.19961,0.10706
199102,0.07190,0.03910,-0.00600,0.00480,0.06800,0.02830,0.06950,0.22884,0.16201
199103,0.02650,0.03900,-0.01200,0.00440,0.02362,0.04324,0.09226,0.06586,0.01887
199104,-0.00280,0.00510,0.01400,0.00530,0.01603,-0.03745,0.04417,0.16539,0.01852
199105,0.03640,-0.00340,-0.00550,0.00470,0.09458,-0.03092,0.05699,0.04180,0.08297
199106,-0.04940,0.00060,0.01190,0.00420,-0.04298,0.03326,-0.00192,0.01036,-0.05903
199107,0.04240,-0.00940,-0.01290,0.00490,-0.01019,0.02251,0.10799,0.18135,0.10873
199108,0.02320,0.01600,-0.00800,0.00460,0.02194,0.01835,0.06194,0.03358,0.06228
199109,-0.01590,0.01630,-0.01000,0.00460,-0.06893,0.01578,-0.05847,-0.03390,-0.00574
199110,0.01280,0.00890,-0.00480,0.00420,-0.00542,0.08595,-0.03192,-0.02494,0.09514
199111,-0.04190,-0.00480,-0.01920,0.00390,-0.06357,-0.04030,0.05520,-0.15837,-0.07126
199112,0.10830,-0.02250,-0.04040,0.00380,0.17516,0.11248,0.18698,0.02082,0.23550
199201,-0.00590,0.08460,0.04530,0.00340,-0.01648,-0.05713,-0.08875,0.27585,-0.14036
199202,0.01090,0.00880,0.06380,0.00280,0.04387,0.00000,0.00232,0.18307,0.02542
199203,-0.02650,-0.01020,0.03670,0.00340,-0.03031,-0.04879,-0.01301,-0.01734,-0.06947
199204,0.01080,-0.06100,0.04320,0.00320,0.01149,0.09410,-0.01896,0.07001,0.02837
199205,0.00300,0.00390,0.01250,0.00280,-0.00327,-0.03466,0.01425,0.03840,0.04793
199206,-0.02340,-0.03100,0.03390,0.00320,0.02507,0.01237,0.01501,0.02509,-0.02202
199207,0.03770,-0.00430,-0.00530,0.00310,-0.01621,0.08856,0.03877,-0.06252,0.07105
199208,-0.02380,-0.00110,-0.01050,0.00260,-0.03322,0.00944,0.02212,-0.07053,-0.00973
199209,0.01190,0.00550,-0.00240,0.00260,0.06328,0.02963,0.03532,0.01322,-0.03290
199210,0.01020,0.02050,-0.02090,0.00230,-0.01936,-0.01507,0.02917,0.05225,0.01164
199211,0.04130,0.03700,-0.01470,0.00230,0.08130,0.03857,0.05590,0.08701,0.03740
199212,0.01530,0.01650,0.02520,0.00280,0.03426,0.06454,-0.00502,0.03733,-0.07472
199301,0.00930,0.02050,0.05890,0.00230,0.00728,-0.06186,0.01743,0.05048,-0.09393
199302,0.00130,-0.03420,0.06460,0.00220,-0.02350,0.07851,-0.00192,-0.00308,-0.11611
199303,0.02300,0.00250,0.01260,0.00250,0.06513,0.04751,-0.02240,0.00504,0.06427
199304,-0.03050,-0.00680,0.02630,0.00240,0.01669,-0.00152,-0.17136,-0.05407,0.09202
199305,0.02880,0.01960,-0.03420,0.00220,0.02318,-0.00649,0.04120,0.00326,0.05608
199306,0.00310,-0.00300,0.02620,0.00250,0.03856,0.00972,-0.05886,0.07102,-0.06850
199307,-0.00340,0.00950,0.03260,0.00240,0.02832,0.05376,-0.03390,0.00913,-0.11872
199308,0.03720,0.00310,-0.00450,0.00250,-0.00254,0.11641,0.01591,-0.01527,0.06424
199309,-0.00120,0.03110,-0.00490,0.00260,-0.01807,-0.05651,-0.04467,0.10966,-0.05716
199310,0.01410,0.01440,-0.01560,0.00220,0.01167,0.03731,0.06865,-0.11466,0.04518
199311,-0.01890,-0.01430,-0.00260,0.00250,0.01408,-0.04035,0.08295,-0.04134,0.07263
199312,0.01650,0.01220,0.00570,0.00230,0.07079,-0.02381,-0.13540,0.05074,0.03690
199401,0.02870,0.00140,0.02100,0.00250,0.02705,0.01812,0.05827,-0.01570,-0.06550
199402,-0.02560,0.02720,-0.01410,0.00210,-0.02229,-0.06793,0.06836,-0.05865,-0.10055
199403,-0.04780,-0.00960,0.01340,0.00270,-0.04552,0.03145,-0.09073,-0.01334,-0.07146
199404,0.00680,-0.00910,0.01690,0.00270,-0.04866,0.03731,-0.02445,-0.04570,0.08855
199405,0.00580,-0.02010,0.00180,0.00310,0.04365,-0.00908,-0.07183,0.09923,0.08536
199406,-0.03030,-0.00480,0.01680,0.00310,-0.05725,0.05614,0.03319,0.01304,-0.00985
199407,0.02820,-0.01780,0.00980,0.00280,0.07736,-0.02597,0.03046,-0.00325,-0.01798
199408,0.04010,0.01450,-0.03470,0.00370,-0.01248,-0.01499,-0.01340,0.00972,0.10365
199409,-0.02310,0.02680,-0.01810,0.00370,-0.02580,0.02683,-0.05210,-0.08931,0.01274
199410,0.01340,-0.02200,-0.02360,0.00380,0.01546,-0.00528,0.00533,0.08224,0.06984
199411,-0.04040,-0.00170,-0.00050,0.00370,-0.06062,-0.01201,-0.00893,-0.04370,0.04930
199412,0.00860,0.00050,0.00260,0.00440,0.11134,-0.02447,-0.08995,-0.00171,-0.00162
199501,0.01800,-0.02960,0.01640,0.00420,0.00976,0.06400,0.07369,0.08352,0.05662
199502,0.03630,-0.00330,0.00380,0.00400,0.06120,-0.02374,0.03754,0.02844,0.02154
199503,0.02180,-0.00370,-0.02060,0.00460,-0.00628,0.00897,0.07800,-0.04952,0.03259
199504,0.02110,-0.00410,0.01700,0.00440,0.03637,0.05930,-0.07599,0.10071,0.01015
199505,0.02900,-0.02230,0.01910,0.00540,0.03509,0.01964,0.04628,0.09966,0.02314
199506,0.02720,0.03060,-0.02980,0.00470,-0.02107,0.05670,0.07464,0.02410,0.04439
199507,0.03720,0.02210,-0.02210,0.00450,0.04551,0.01937,-0.00468,0.09919,0.09445
199508,0.00550,0.01840,0.01920,0.00470,-0.00212,0.05064,-0.08118,0.12074,-0.01993
199509,0.03350,-0.02070,-0.00940,0.00430,0.08595,0.08289,0.01015,0.04408,0.07790
199510,-0.01520,-0.03940,-0.00110,0.00470,-0.00787,0.02332,-0.13498,-0.05975,0.07227
199511,0.03950,-0.00820,0.00330,0.00420,0.05946,-0.03182,0.10625,0.05349,0.01520
199512,0.01030,0.00370,0.01410,0.00490,0.07651,0.05613,-0.07571,-0.02105,0.08269
199601,0.02260,-0.02480,0.00400,0.00430,0.06389,-0.00397,-0.08803,0.13995,0.08370
199602,0.01330,0.02050,-0.02330,0.00390,-0.01642,-0.03139,0.04205,0.06675,-0.03464
199603,0.00730,0.01300,0.01280,0.00390,0.03697,-0.04187,0.08134,-0.01583,0.02066
199604,0.02060,0.04890,-0.04050,0.00460,-0.00806,-0.03999,0.03734,-0.02151,0.02388
199605,0.02360,0.03160,-0.01400,0.00420,0.06878,-0.01508,0.08045,0.01439,0.03151
199606,-0.01140,-0.03640,0.01920,0.00400,0.04721,-0.00253,-0.01751,0.00889,0.00879
199607,-0.05970,-0.03590,0.04380,0.00450,-0.04795,0.00117,-0.05571,-0.00818,-0.01695
199608,0.02760,0.02300,-0.00570,0.00410,0.01058,-0.04713,0.09630,0.06779,0.01597
199609,0.05010,-0.00820,-0.03760,0.00440,0.09555,0.03166,0.00000,0.07447,0.10835
199610,0.00860,-0.04110,0.04820,0.00420,0.06127,0.01906,0.00473,0.07478,0.04480
199611,0.06250,-0.03600,0.00160,0.00410,0.07226,0.07905,-0.03847,0.09716,0.08330
199612,-0.01700,0.03080,0.00990,0.00460,-0.04548,-0.01435,-0.11200,-0.05576,-0.07679
199701,0.04990,-0.01520,-0.02330,0.00450,0.04572,0.06682,0.04302,0.04065,0.10837
199702,-0.00490,-0.02610,0.04690,0.00390,-0.00606,0.04445,0.10483,0.07921,-0.00576
199703,-0.05030,-0.00320,0.03860,0.00430,-0.03083,-0.08298,0.05768,-0.06446,-0.08540
199704,0.04040,-0.05190,-0.01020,0.00430,0.11189,0.05557,0.00893,-0.01231,0.13204
199705,0.06740,0.04830,-0.04380,0.00490,0.08419,0.05264,0.06036,0.02545,0.07381
199706,0.04100,0.01500,0.00720,0.00370,0.07381,0.05609,0.12585,0.02676,0.14859
199707,0.07330,-0.02520,-0.00130,0.00430,0.07981,-0.03716,0.10351,0.16341,0.00081
199708,-0.04150,0.07340,0.01370,0.00410,-0.11411,-0.08481,-0.05481,-0.02114,-0.07282
199709,0.05350,0.02680,-0.00250,0.00440,0.08816,0.12212,0.03298,0.05947,0.08117
199710,-0.03800,-0.00790,0.02210,0.00420,-0.05182,0.04193,-0.04538,-0.01676,0.16625
199711,0.02980,-0.05070,0.01010,0.00390,0.13377,0.13230,0.13509,-0.05968,0.02672
199712,0.01320,-0.02400,0.03840,0.00480,-0.00255,0.00857,-0.01405,0.00687,0.02461
199801,0.00150,-0.00940,-0.02070,0.00430,0.05469,0.06582,0.00946,-0.01567,0.09203
199802,0.07030,0.00320,-0.00860,0.00390,0.00322,-0.02771,0.15123,0.14621,0.08164
199803,0.04760,-0.00990,0.01230,0.00390,0.10697,0.13688,0.09425,0.08356,0.11904
199804,0.00730,0.00480,0.00270,0.00430,-0.01167,-0.04005,-0.00493,0.03228,0.13251
199805,-0.03070,-0.03540,0.04120,0.00400,-0.02151,-0.06383,0.08639,-0.01913,-0.08068
199806,0.03180,-0.03150,-0.02220,0.00410,0.08614,0.02853,0.09852,0.10508,0.03630
199807,-0.02460,-0.04920,-0.01150,0.00400,-0.01264,0.02901,0.03835,0.00643,0.01030
199808,-0.16080,-0.05750,0.05240,0.00430,-0.11151,-0.07282,-0.06758,-0.36497,-0.16436
199809,0.06150,-0.00150,-0.03880,0.00460,-0.00187,0.15345,-0.07580,-0.19671,0.12848
199810,0.07130,-0.03200,-0.02770,0.00320,0.09510,0.04765,0.23452,0.28453,0.01467
199811,0.06100,0.01140,-0.03430,0.00310,0.03233,0.03449,0.08663,0.11030,0.04394
199812,0.06160,-0.00300,-0.04700,0.00380,0.12445,0.11212,0.07922,0.11262,0.11037
199901,0.03500,0.00860,-0.05560,0.00350,0.02780,0.01139,0.05451,0.08540,0.02859
199902,-0.04080,-0.05550,0.01560,0.00350,-0.04448,-0.02105,0.00145,0.03433,0.02719
199903,0.03450,-0.03840,-0.02930,0.00430,0.10141,-0.11380,0.06907,0.02174,0.05035
199904,0.04330,0.03180,0.02450,0.00370,-0.04862,0.17154,-0.00204,0.01878,-0.18720
199905,-0.02460,0.03640,0.02690,0.00340,-0.03562,-0.08660,-0.07620,-0.13094,-0.07072
199906,0.04770,0.03450,-0.04190,0.00400,0.10548,0.12617,0.12513,0.17828,0.01852
199907,-0.03470,0.02250,0.00510,0.00380,-0.03293,-0.01083,-0.13279,-0.11078,-0.07006
199908,-0.01380,-0.01320,-0.00950,0.00390,0.02994,-0.17274,0.04766,0.08247,0.11066
199909,-0.02810,0.03160,-0.02980,0.00390,0.05708,0.06559,0.07184,-0.10461,-0.05094
199910,0.06130,-0.06780,-0.03240,0.00390,0.13353,0.03251,0.16887,0.15185,0.10100
199911,0.03370,0.07780,-0.08020,0.00360,-0.04048,-0.00208,0.02304,-0.12173,-0.07800
199912,0.07720,0.07010,-0.09200,0.00440,0.17592,-0.07678,0.18271,0.00565,-0.12142
200001,-0.04740,0.04370,0.00240,0.00410,-0.14397,-0.12297,-0.23314,0.04353,0.10940
200002,0.02450,0.22020,-0.12680,0.00430,-0.01220,-0.12730,-0.11607,-0.01326,-0.11655
200003,0.05210,-0.16390,0.07670,0.00470,0.16476,0.10966,0.14879,0.09073,0.12939
200004,-0.06400,-0.07730,0.09130,0.00460,0.01039,0.04478,-0.02011,-0.18446,0.14162
200005,-0.04430,-0.04850,0.03720,0.00500,0.00397,-0.00286,0.03983,0.03491,0.05680
200006,0.04640,0.13700,-0.10050,0.00400,0.00710,0.00713,0.00109,-0.07785,0.07571
200007,-0.02450,-0.02810,0.08510,0.00480,-0.02244,-0.02765,-0.04209,0.08524,-0.10132
200008,0.07130,-0.00890,-0.01280,0.00500,0.12595,-0.01890,-0.14851,0.11485,-0.00327
200009,-0.05440,-0.01870,0.06850,0.00510,-0.01163,0.17745,0.01156,-0.19041,0.04046
200010,-0.02770,-0.03660,0.04790,0.00560,-0.05329,0.15044,-0.05884,-0.00813,-0.03937
200011,-0.10730,-0.03100,0.12420,0.00510,-0.10068,-0.04884,0.13988,-0.21018,0.02782
200012,0.01190,0.01550,0.06130,0.00500,-0.03009,-0.14022,0.01906,0.20880,0.03737
200101,0.03120,0.07030,-0.05700,0.00540,-0.04169,0.01756,0.06689,0.19811,-0.01865
200102,-0.10070,-0.01150,0.13870,0.00380,0.01125,-0.01353,-0.12571,-0.16426,-0.00088
200103,-0.07250,0.00550,0.06360,0.00420,-0.10153,-0.06653,0.00961,-0.03845,-0.09431
200104,0.07950,0.00270,-0.04360,0.00390,0.14785,-0.07298,0.02426,0.07455,0.05580
200105,0.00730,0.02990,0.02770,0.00320,0.00964,0.04271,0.00019,0.02409,-0.00695
200106,-0.01930,0.06380,-0.02140,0.00280,0.00000,-0.07198,-0.05726,-0.10006,-0.06851
200107,-0.02130,-0.04220,0.05620,0.00300,-0.11582,0.12317,0.13583,-0.01921,0.02879
200108,-0.06460,0.02130,0.03370,0.00310,-0.06163,-0.09595,-0.15132,-0.09439,-0.07053
200109,-0.09250,-0.06610,0.01800,0.00280,-0.09030,0.14132,0.03128,-0.14300,0.04567
200110,0.02460,0.06880,-0.07030,0.00220,-0.02147,-0.20661,0.03767,0.04458,0.04391
200111,0.07540,0.00380,0.00690,0.00170,0.05581,-0.01934,0.07042,0.06461,0.03568
200112,0.01610,0.05140,0.00430,0.00150,0.04467,0.04678,0.04385,-0.03700,-0.08326
200201,-0.01440,0.01120,0.03450,0.00140,-0.07591,-0.03847,0.04136,-0.05597,0.04466
200202,-0.02290,-0.01610,0.03910,0.00130,0.04035,0.01036,0.03328,-0.15195,-0.01402
200203,0.04240,0.04300,0.01170,0.00130,-0.02899,-0.01063,-0.01033,0.19787,-0.03024
200204,-0.05210,0.05860,0.04210,0.00150,-0.17010,-0.17956,-0.09293,-0.00587,-0.08916
200205,-0.01380,-0.03720,0.02540,0.00140,-0.01308,0.09893,-0.03201,0.02393,-0.04586
200206,-0.07210,0.03490,0.01560,0.00130,-0.06323,-0.11713,0.01796,-0.05812,0.01149
200207,-0.08180,-0.05140,-0.03630,0.00150,0.10295,-0.08919,-0.11203,-0.29583,-0.07873
200208,0.00500,-0.02260,0.02240,0.00140,-0.06578,-0.11157,0.08382,0.05609,0.02641
200209,-0.10350,0.02700,0.01230,0.00140,-0.19443,-0.20770,-0.08122,-0.32945,-0.13094
200210,0.07840,-0.02980,-0.06490,0.00140,0.02405,0.25714,0.08391,0.10601,0.09054
200211,0.05960,0.03170,-0.01570,0.00120,0.07145,0.10497,0.00651,0.19311,-0.00370
200212,-0.05760,-0.00450,0.03900,0.00110,-0.10020,-0.05000,-0.06349,-0.04760,-0.03092
200301,-0.02570,0.01400,-0.00880,0.00100,-0.05097,-0.09472,-0.05515,-0.01362,-0.00205
200302,-0.01880,-0.00260,-0.01460,0.00090,0.04653,-0.16127,0.00542,-0.02869,-0.01795
200303,0.01090,0.00770,-0.01670,0.00100,0.05854,-0.03623,0.08109,0.04441,0.04396
200304,0.08220,0.01150,-0.00060,0.00100,0.14402,0.16761,0.07923,0.22753,-0.01325
200305,0.06050,0.04780,0.00150,0.00090,-0.02580,0.08608,-0.06814,0.11296,0.01326
200306,0.01420,0.01510,0.00680,0.00100,0.00582,0.00353,0.02158,0.03938,0.09613
200307,0.02340,0.05570,-0.02110,0.00070,-0.00840,-0.07497,0.04089,0.03513,-0.02341
200308,0.02340,0.02670,0.01710,0.00070,0.03896,-0.03929,0.05667,-0.02397,-0.10426
200309,-0.01240,0.00550,0.01000,0.00080,0.01427,-0.00939,-0.05775,0.00321,0.01526
200310,0.06080,0.02890,0.01800,0.00070,-0.02720,0.09174,0.05560,0.05437,0.03937
200311,0.01350,0.02210,0.01460,0.00070,-0.01179,-0.02963,-0.05779,-0.01403,0.06520
200312,0.04290,-0.02780,0.02680,0.00080,0.08402,0.11319,-0.04591,0.03688,0.05110
200401,0.02150,0.02630,0.01640,0.00070,0.08208,-0.01050,0.01497,0.06644,0.03614
200402,0.01400,-0.01150,0.00420,0.00060,-0.02748,-0.06021,0.10078,0.05332,0.00502
200403,-0.01320,0.01850,0.00040,0.00090,-0.06347,0.02183,0.00443,0.02242,-0.04464
200404,-0.01830,-0.02540,-0.01690,0.00080,-0.01885,0.02699,-0.04611,-0.10140,0.02005
200405,0.01180,-0.00160,-0.00290,0.00060,0.03832,-0.04939,-0.02018,-0.02042,-0.00707
200406,0.01860,0.02320,0.01660,0.00080,0.04631,0.02294,-0.05971,0.05106,-0.03045
200407,-0.04070,-0.03820,0.04480,0.00100,0.02590,0.05702,0.00967,-0.02904,-0.07008
200408,0.00080,-0.01590,0.01130,0.00110,-0.01393,0.01760,-0.00407,0.05853,0.02739
200409,0.01600,0.02890,0.00360,0.00110,0.02972,0.00618,0.01001,0.00378,-0.06546
200410,0.01430,0.00430,-0.00840,0.00110,0.01595,-0.01538,0.01344,-0.02039,-0.05543
200411,0.04540,0.04170,0.01930,0.00150,0.03570,-0.00357,-0.03510,-0.02492,-0.03561
200412,0.03430,0.00190,-0.00350,0.00160,0.03767,0.02356,0.01693,0.03548,-0.03220
200501,-0.02760,-0.01650,0.02660,0.00160,-0.01019,-0.06843,-0.00798,-0.03530,-0.10706
200502,0.01880,-0.00720,0.02830,0.00160,-0.01982,0.01255,-0.01519,-0.02112,0.09195
200503,-0.01960,-0.01380,0.01750,0.00210,0.02414,-0.01550,-0.02655,-0.05483,-0.00076
200504,-0.02610,-0.04000,-0.00460,0.00210,0.00387,0.01807,-0.06110,0.03537,0.03369
200505,0.03650,0.02990,-0.01230,0.00240,0.00770,-0.01780,0.00510,0.00730,0.03341
200506,0.00570,0.02560,0.02780,0.00230,-0.04529,0.01570,0.02033,-0.01210,-0.01154
200507,0.03920,0.02770,-0.00450,0.00240,-0.00434,0.04254,0.02358,0.00456,-0.03995
200508,-0.01220,-0.00880,0.01410,0.00300,-0.02614,-0.01525,-0.09001,-0.03622,-0.03211
200509,0.00480,-0.00680,0.01160,0.00290,0.00836,-0.00458,-0.02568,0.00118,-0.02022
200510,-0.02010,-0.01030,-0.00700,0.00270,0.00710,0.00855,0.07663,0.08631,-0.13852
200511,0.03620,0.01000,-0.01850,0.00310,0.05200,0.04349,0.02608,0.04355,-0.01658
200512,-0.00250,-0.00510,0.00480,0.00320,-0.01183,-0.01700,-0.03388,0.03696,0.09531
200601,0.03040,0.05330,0.01170,0.00350,-0.06787,0.07134,-0.01485,0.01001,0.09640
200602,-0.00300,-0.00310,-0.00850,0.00340,0.01112,0.06128,-0.01640,0.03437,0.02924
200603,0.01460,0.03560,-0.00110,0.00370,0.05648,-0.02014,0.04431,0.01208,-0.04971
200604,0.00730,-0.01240,0.03080,0.00360,-0.00548,-0.01881,-0.04791,0.09415,0.01632
200605,-0.03570,-0.03040,0.02770,0.00430,-0.00959,-0.00574,0.07670,-0.06228,-0.05875
200606,-0.00350,-0.00530,0.01510,0.00400,-0.03123,0.06787,-0.00580,-0.01512,-0.00806
200607,-0.00780,-0.03990,0.03270,0.00400,-0.00823,0.08460,-0.07925,0.09080,0.10199
200608,0.02030,0.00830,-0.01750,0.00420,0.04105,0.03731,0.00871,0.00088,0.06787
200609,0.01840,-0.01240,-0.00420,0.00410,0.04292,0.04491,0.09791,0.02807,0.02861
200610,0.03230,0.01640,0.00480,0.00410,-0.00540,0.06083,-0.00081,0.01732,-0.06219
200611,0.01710,0.00770,0.00480,0.00420,0.00483,-0.00998,-0.06671,-0.02476,0.03987
200612,0.00860,-0.00890,0.02510,0.00400,0.06063,0.05284,0.00542,0.04272,-0.05958
200701,0.01410,0.00090,-0.00020,0.00440,-0.03167,0.06176,0.03217,0.06008,0.01304
200702,-0.01960,0.01380,0.00240,0.00380,-0.02431,-0.02230,0.01292,-0.03070,-0.03914
200703,0.00680,-0.00260,0.00390,0.00430,0.01281,0.06903,-0.02378,-0.02066,0.01195
200704,0.03490,-0.02090,-0.00960,0.00440,0.04155,-0.00908,0.02045,0.08115,0.04641
200705,0.03240,-0.00040,-0.00130,0.00410,0.01935,0.06547,-0.00207,-0.00520,0.04885
200706,-0.01960,0.00760,-0.01060,0.00400,0.02565,0.00386,0.01066,-0.06744,-0.07240
200707,-0.03730,-0.02670,-0.02990,0.00400,0.01246,-0.04933,-0.04594,-0.08835,-0.08399
200708,0.00920,-0.00140,-0.02360,0.00420,0.00283,0.01797,-0.04678,0.01152,0.06701
200709,0.03220,-0.02460,-0.02130,0.00320,0.06978,0.05940,0.00046,0.02878,-0.01664
200710,0.01800,0.00210,-0.01970,0.00320,-0.00581,-0.00388,0.03511,0.03352,0.00734
200711,-0.04830,-0.02770,-0.01090,0.00340,-0.07228,-0.08956,0.05780,-0.02980,-0.02296
200712,-0.00870,0.00050,-0.00030,0.00270,-0.02387,0.08404,-0.00326,-0.04414,-0.04432
200801,-0.06350,-0.00770,0.03050,0.00210,-0.04723,-0.06704,0.06535,0.09116,0.02734
200802,-0.03090,-0.00550,-0.00030,0.00130,-0.05578,-0.09992,-0.02293,-0.15362,-0.03330
200803,-0.00940,0.00830,0.00280,0.00170,0.11045,0.09497,0.06519,0.05504,-0.06251
200804,0.04600,-0.01490,-0.00030,0.00180,-0.12381,0.02095,0.09586,0.11196,-0.03997
200805,0.01860,0.02980,-0.00340,0.00180,-0.06246,0.03028,0.00006,-0.10268,-0.02221
200806,-0.08440,0.01070,-0.01020,0.00170,-0.12957,-0.16918,-0.02703,-0.22576,-0.10272
200807,-0.00770,0.03580,0.03690,0.00150,0.05822,-0.07705,0.04216,0.18021,0.06643
200808,0.01530,0.03750,0.01480,0.00130,-0.00674,0.03758,0.01167,-0.05411,0.03966
200809,-0.09240,-0.00340,0.04400,0.00150,-0.08375,-0.13608,0.01379,0.19335,-0.03569
200810,-0.17230,-0.02280,-0.02990,0.00080,-0.26775,-0.02640,-0.07056,-0.11641,-0.04039
200811,-0.07860,-0.03630,-0.04940,0.00030,-0.12776,0.06473,0.00125,-0.26460,-0.05749
200812,0.01750,0.03970,-0.01200,0.00000,-0.03910,-0.00210,0.00753,-0.00411,0.07502
200901,-0.08120,-0.00980,-0.09860,0.00000,-0.28933,-0.13175,-0.17373,-0.19974,-0.19448
200902,-0.10100,-0.00350,-0.06900,0.00010,-0.32548,-0.03513,0.04401,-0.11012,-0.14796
200903,0.08950,0.00730,0.02600,0.00020,0.17228,0.05842,0.06208,0.15121,0.10113
200904,0.10190,0.05400,0.05420,0.00010,0.22413,0.03207,-0.03317,0.21813,-0.01927
200905,0.05210,-0.02660,0.00560,0.00000,0.06355,-0.03293,-0.00780,0.11170,0.13964
200906,0.00430,0.02670,-0.02440,0.00010,-0.13171,0.00201,-0.02648,-0.07862,-0.01259
200907,0.07720,0.02500,0.04730,0.00010,0.13396,0.07144,0.02929,0.12642,0.06015
200908,0.03320,-0.00510,0.07590,0.00010,0.03663,-0.00689,0.02512,0.11729,0.05721
200909,0.04080,0.02470,0.01400,0.00010,0.17251,0.03619,-0.03562,0.00825,-0.00902
200910,-0.02590,-0.04220,-0.04370,0.00000,-0.14104,-0.03567,0.01195,-0.04670,0.02859
200911,0.05560,-0.02650,0.00170,0.00000,0.11638,0.04829,0.09352,0.01709,0.07431
200912,0.02750,0.05790,0.00730,0.00010,-0.05068,0.03966,-0.01534,-0.01949,0.00110
201001,-0.03360,0.00190,0.00610,0.00000,0.06090,-0.08522,-0.00037,-0.06656,0.02551
201002,0.03400,0.01440,0.02740,0.00000,0.00498,-0.02193,0.01191,0.07493,-0.05193
201003,0.06320,0.01580,0.02030,0.00010,0.12509,0.04068,0.03352,0.06414,-0.02306
201004,0.02000,0.04940,0.03150,0.00010,0.03562,0.02457,-0.03589,-0.04859,-0.02539
201005,-0.07890,-0.00080,-0.02330,0.00010,-0.14282,-0.06993,-0.05334,-0.07306,-0.08285
201006,-0.05560,-0.02130,-0.04260,0.00010,-0.11928,-0.00454,-0.05050,-0.07800,-0.06581
201007,0.06920,0.00170,0.00220,0.00010,0.11144,0.08720,0.06289,0.09690,0.05059
201008,-0.04770,-0.02940,-0.01640,0.00010,-0.10729,0.04116,-0.01491,-0.10239,0.06997
201009,0.09540,0.03840,-0.03020,0.00010,0.12270,0.05646,0.06524,0.04569,0.07622
201010,0.03880,0.01040,-0.02300,0.00010,-0.01425,0.01161,0.01207,-0.01007,0.01446
201011,0.00600,0.03660,-0.00540,0.00010,-0.01193,-0.02593,-0.00148,-0.00613,-0.05617
201012,0.06820,0.00780,0.03580,0.00010,0.15230,0.05564,0.00255,0.12595,0.07161
201101,0.02010,-0.02460,0.00860,0.00010,0.09635,-0.05095,0.03891,0.05886,0.03975
201102,0.03490,0.01630,0.01670,0.00010,0.04489,0.03077,-0.07574,0.03820,0.06493
201103,0.00470,0.02620,-0.01220,0.00010,-0.04248,0.07564,0.00833,-0.01272,0.05412
201104,0.02900,-0.00320,-0.02250,0.00000,0.01975,0.03063,0.05476,-0.00484,0.03198
201105,-0.01270,-0.00650,-0.02210,0.00000,-0.04041,0.01404,0.01095,-0.05380,0.03227
201106,-0.01750,-0.00080,-0.00420,0.00000,-0.03233,-0.00476,-0.03840,-0.05466,-0.04043
201107,-0.02340,-0.01400,-0.01200,0.00000,-0.05168,-0.05722,-0.00812,-0.00592,-0.06778
201108,-0.06000,-0.03300,-0.01560,0.00010,-0.09358,-0.02702,0.01627,-0.07413,-0.00304
201109,-0.07600,-0.03680,-0.01060,0.00000,-0.05962,0.00140,-0.02455,-0.22075,-0.07095
201110,0.11340,0.03580,-0.00900,0.00000,0.09340,0.04263,0.08881,0.15204,0.08560
201111,-0.00260,-0.00260,-0.00170,0.00000,-0.04906,-0.01132,0.03771,-0.11545,0.05121
201112,0.00740,-0.00570,0.01530,0.00000,0.12807,0.04256,0.02072,0.07104,0.07532
201201,0.05060,0.02520,-0.02130,0.00000,0.04370,-0.01325,0.02642,0.12211,-0.01115
201202,0.04430,-0.01650,0.00040,0.00000,0.02681,0.03934,-0.03787,0.05070,-0.00236
201203,0.03110,-0.00230,-0.00070,0.00000,0.05216,0.02071,0.04193,0.15851,0.06947
201204,-0.00840,-0.00610,-0.00200,0.00000,-0.02472,0.06643,-0.03814,-0.06095,0.01098
201205,-0.06200,-0.00100,0.00100,0.00010,-0.02534,0.03757,0.11768,-0.25969,-0.03616
201206,0.03880,0.00820,0.00460,0.00000,0.09900,0.04268,0.05756,0.07495,0.05038
201207,0.00790,-0.02590,0.00020,0.00000,-0.00433,0.07383,0.06537,0.01583,0.04422
201208,0.02560,0.00720,0.00590,0.00010,-0.00193,-0.03434,-0.01950,0.03118,0.00168
201209,0.02740,0.00490,0.01570,0.00010,0.09980,0.02852,0.01639,0.08611,0.04065
201210,-0.01750,-0.01070,0.04170,0.00010,-0.07543,-0.07455,0.01640,0.03657,0.00080
201211,0.00770,0.00670,-0.01100,0.00010,0.00332,-0.01339,-0.04081,-0.01450,0.01496
201212,0.01180,0.01660,0.03280,0.00010,0.00244,-0.01238,-0.04853,0.06799,0.00240
201301,0.05580,0.00490,0.01350,0.00000,0.05964,0.04433,0.02490,0.07455,0.09279
201302,0.01280,-0.00380,0.00310,0.00000,0.04947,0.03169,0.01180,0.03898,0.00329
201303,0.04030,0.00840,-0.00060,0.00000,-0.00432,0.02149,0.06207,-0.03030,0.05301
201304,0.01560,-0.02430,0.00360,0.00000,-0.03656,0.03268,0.03789,0.03837,0.00725
201305,0.02810,0.01930,0.01310,0.00000,0.04517,-0.06821,-0.03178,0.10783,-0.05709
201306,-0.01210,0.01230,-0.00450,0.00000,0.00236,0.01165,-0.00469,-0.03353,0.02824
201307,0.05650,0.01850,0.00790,0.00000,0.04963,0.00896,0.04527,0.06146,0.05076
201308,-0.02690,0.00280,-0.02460,0.00000,-0.05179,-0.04168,-0.05970,-0.09795,-0.03552
201309,0.03760,0.02850,-0.01520,0.00000,0.03957,-0.00030,0.01334,0.02270,0.01827
201310,0.04170,-0.01530,0.01390,0.00000,0.09001,0.08133,0.03703,0.00443,0.06600
201311,0.03120,0.01310,-0.00380,0.00000,0.01970,-0.02773,0.05402,0.10455,0.04104
201312,0.02810,-0.00440,-0.00170,0.00000,0.05817,-0.00142,-0.02325,0.02178,-0.03528
201401,-0.03320,0.00830,-0.01880,0.00000,-0.10921,-0.04050,-0.05230,-0.04831,-0.00754
201402,0.04650,0.00320,-0.00490,0.00000,0.02214,-0.04261,0.00027,0.02603,0.06303
201403,0.00430,-0.01810,0.04600,0.00000,0.01636,0.09380,0.02933,0.06622,0.00031
201404,-0.00190,-0.04170,0.01620,0.00000,0.03790,0.03085,0.04202,-0.07483,-0.02650
201405,0.02060,-0.01840,-0.00380,0.00000,-0.00373,-0.00646,-0.03141,-0.00735,-0.04532
201406,0.02610,0.02940,-0.00600,0.00000,-0.01101,-0.00311,-0.02239,0.03623,0.00169
201407,-0.02040,-0.04250,0.00040,0.00000,-0.04395,0.01934,-0.02005,0.00783,-0.02479
201408,0.04230,0.00500,-0.00760,0.00000,0.03247,-0.01786,0.03233,0.03040,0.02376
201409,-0.01970,-0.03800,-0.01680,0.00000,-0.00554,0.00798,0.01277,0.01320,0.00611
201410,0.02520,0.04280,-0.01810,0.00000,0.00739,0.00169,-0.00262,0.01069,0.01277
201411,0.02550,-0.02080,-0.03370,0.00000,0.02601,0.01538,0.13782,-0.00531,0.04791
201412,-0.00060,0.02600,0.01560,0.00000,-0.03778,-0.05192,-0.01357,0.03944,0.00000
201501,-0.03110,-0.00620,-0.03060,0.00000,-0.05616,-0.00606,-0.01053,-0.13404,0.00321
201502,0.06130,0.00470,-0.02160,0.00000,0.09340,0.04862,-0.01243,0.11946,0.10249
201503,-0.01120,0.03140,-0.00720,0.00000,-0.04647,-0.05685,-0.01423,-0.01149,0.01360
201504,0.00590,-0.03030,0.02130,0.00000,0.08755,0.07344,-0.05241,0.04991,-0.02503
201505,0.01360,0.00950,-0.01900,0.00000,0.00699,-0.00289,-0.04335,0.03906,0.03212
201506,-0.01530,0.02840,-0.01040,0.00000,-0.01753,0.02798,-0.04601,0.02966,-0.03574
201507,0.01540,-0.04170,-0.04500,0.00000,-0.01785,-0.00898,0.01469,0.01781,0.07274
201508,-0.06040,0.00430,0.02880,0.00000,-0.05029,-0.04534,-0.09936,-0.06683,-0.10481
