date,Mkt-RF,SMB,HML,RF,CAC40,Accor,AirLiquide,Airbus,ArcelorMittal,AXA,BNP-Paribas,Bouygues,Capgemini,Carrefour,CompagnieSaintGobain,Michelin,CreditAgricole,Danone,ENGIE,Essilor,Kering,Klepierre,LOreal,Lafarge,Legrand,LVMH,Nokia,Orange,PernodRicard,Peugeot,PublicisGroupe,Renault,Safran,Sanofi,SchneiderElectric,SocieteGenerale,Sodexo,Solvay,Technip,Total,UnibailRodamco,Valeo,Veolia,VINCI,Vivendi
2000-02,0.00660,-0.05150,0.03100,0.00470,0.09385,-0.10000,-0.10814,-0.03902,-0.04965,0.01241,0.00923,0.34109,0.31676,-0.03315,-0.00345,-0.10191,,-0.05091,,-0.07317,0.02450,-0.04796,0.04072,,,-0.06204,0.11470,0.26415,-0.05576,-0.00834,0.15025,-0.23191,0.39286,0.03870,-0.07586,0.04718,-0.10668,0.03286,0.04797,0.08097,-0.02383,-0.27857,,0.00229,0.16190
2000-03,-0.05580,-0.05290,0.05670,0.00460,0.01536,0.08466,0.03495,0.01421,0.06716,0.13487,0.00610,-0.03351,-0.01049,-0.14984,-0.07612,0.03423,,0.10632,,0.00376,-0.07413,-0.00322,-0.02174,,,0.13411,0.08454,0.07463,-0.04286,0.05558,0.05860,0.08696,0.17094,-0.00350,-0.00448,-0.03205,0.16978,0.03734,0.11708,0.13818,0.04500,0.01881,,-0.08673,-0.01230
2000-04,-0.00080,-0.00100,0.06050,0.00500,0.02126,-0.00366,-0.01309,0.13564,-0.14336,0.10128,0.07758,-0.15217,-0.23675,0.06945,0.12434,0.08825,,0.04113,,0.10112,0.14618,-0.02151,0.10519,,,0.05581,0.11002,-0.05444,-0.00995,0.00708,-0.04643,0.11111,-0.00146,0.03011,0.07946,0.09309,0.01353,-0.00800,-0.01103,0.06645,0.01460,0.18562,,0.07742,-0.09710
2000-05,0.00670,0.00220,0.02940,0.00400,0.00102,0.06242,0.05098,-0.06963,-0.20000,-0.01660,0.08830,-0.05413,-0.06991,0.05936,-0.00400,-0.02740,,0.04407,,0.07143,0.03966,0.00494,-0.01005,,,-0.05286,-0.10112,-0.08049,0.13568,-0.03339,-0.17097,0.01000,-0.07968,0.13886,-0.00833,0.08604,0.05036,-0.03226,-0.10916,0.01198,-0.00144,-0.10984,,0.09744,0.05699
2000-06,-0.01580,-0.01030,0.03250,0.00480,0.00316,-0.01083,-0.00159,0.04216,-0.00510,0.04430,0.04186,0.05422,-0.08163,-0.05603,-0.05284,-0.05324,,0.10713,,-0.04698,0.00867,0.04975,0.22817,,,-0.01212,-0.05804,-0.06454,0.00885,-0.04455,-0.07161,-0.05743,-0.02462,0.06738,0.02241,0.01859,0.09763,-0.02083,0.13327,-0.04914,0.04467,0.03131,,-0.07819,-0.19609
2000-07,-0.01600,0.00940,-0.00590,0.00500,0.01488,0.07151,0.00659,-0.17727,-0.27179,-0.00606,0.05655,-0.05071,0.14851,0.10894,0.11935,-0.03898,,0.16619,,0.06829,-0.03653,0.05729,-0.02811,,,0.08648,-0.07697,-0.06489,0.03421,0.04377,-0.00949,-0.02626,-0.12052,0.15331,0.00890,0.06349,-0.10579,0.04468,0.06551,-0.00436,0.08276,-0.10714,,0.06184,-0.06760
2000-08,-0.04980,0.02010,0.02690,0.00510,0.01268,0.05435,0.04364,-0.00884,0.09155,-0.02256,-0.02817,0.06471,0.10901,0.03400,-0.05489,0.02167,,-0.05120,,-0.02713,-0.05040,-0.00493,-0.07657,,,-0.06873,0.02218,-0.06136,0.00254,-0.05242,0.08327,0.05631,0.03367,-0.04605,0.12695,-0.00448,0.03826,-0.00475,0.08222,0.04503,0.08917,0.20800,0.15030,0.23403,0.06729
2000-09,-0.02720,-0.06950,0.07670,0.00560,-0.05415,-0.13278,-0.07387,0.10647,-0.26452,-0.07673,-0.03478,-0.19293,-0.09362,0.01949,-0.04873,-0.04545,,0.01170,,-0.10577,-0.06294,0.02475,0.08047,,,-0.02117,-0.08579,-0.05525,-0.03553,-0.03175,-0.21542,-0.00735,-0.21993,0.10929,-0.13976,-0.05022,0.02098,-0.08254,0.08145,-0.00778,-0.02456,-0.18675,0.08668,0.01316,-0.08478
2000-10,-0.04530,-0.01490,0.11330,0.00510,0.02091,0.13409,0.04816,0.20907,-0.26316,0.05405,0.01702,0.05079,-0.11737,-0.05496,0.09403,0.08254,,0.05913,,0.01434,0.05414,-0.08213,0.02331,,,0.00526,0.06593,0.01483,-0.05263,0.07799,0.11416,0.20576,-0.10707,0.01806,0.07493,0.05604,0.02443,-0.10781,-0.04557,0.01689,-0.05875,0.04438,0.04762,0.02597,0.00594
2000-11,0.05680,0.00410,0.03310,0.00500,-0.07340,-0.09224,0.07897,0.00417,-0.04762,0.03205,-0.12598,-0.15833,-0.15479,-0.12453,0.01668,-0.03226,,-0.07342,,0.18163,-0.01094,0.04737,0.02111,,,-0.11628,-0.02021,-0.21672,0.19074,0.09355,-0.11154,-0.06314,-0.41157,0.12903,-0.07492,-0.07324,0.11653,-0.08667,-0.11671,-0.02550,0.07643,0.03314,0.07955,0.04726,-0.16175
2000-12,0.00360,0.01820,0.00710,0.00540,-0.00028,0.03926,0.05722,-0.01826,-0.33500,-0.04348,0.05293,-0.04455,0.08118,-0.03393,0.05552,0.16818,,0.05174,,0.03917,0.10048,0.00603,-0.00653,,,-0.07237,-0.00379,-0.04715,0.14308,0.02107,0.05080,0.01093,0.12038,0.01429,0.09437,0.06774,-0.04223,0.08394,0.16066,-0.03591,0.00414,-0.10264,-0.02105,0.05560,-0.01268
2001-01,-0.08720,0.04820,0.09280,0.00380,0.01216,0.09333,-0.08181,-0.02790,0.35338,-0.04026,0.06310,0.05699,0.21653,-0.00075,0.04363,0.06355,,-0.11582,,-0.03597,-0.01660,0.01598,-0.09091,,,-0.00284,-0.19751,0.07993,0.07483,0.13083,-0.00528,-0.02162,-0.12921,-0.12817,-0.04247,0.09290,0.05930,-0.02525,-0.03299,0.00063,0.05480,0.05866,-0.08301,-0.09160,0.15906
2001-02,-0.09330,-0.01060,0.05840,0.00420,-0.10519,-0.13232,0.01919,-0.02174,0.01389,-0.07172,-0.10664,-0.16882,-0.08900,-0.05086,-0.04926,0.01220,,0.05845,,-0.00597,-0.02665,0.04228,-0.01807,,,-0.05050,-0.37247,-0.34844,-0.05063,0.07555,0.00838,0.07551,-0.08468,-0.04685,-0.04570,-0.08155,-0.00957,0.00864,0.03478,-0.03155,0.06145,0.15194,0.07856,0.10084,-0.15569
2001-03,0.07380,-0.03740,-0.03230,0.00390,-0.03485,-0.00328,0.07196,-0.06622,-0.12877,-0.08236,0.07320,-0.10356,-0.31723,-0.02600,-0.01506,-0.11108,,-0.04325,,-0.02402,-0.11000,-0.05943,-0.05644,,,-0.14607,0.12836,0.02550,0.01133,-0.02613,-0.04432,-0.01884,-0.22467,0.07119,-0.07042,0.05342,0.08116,-0.00428,0.02650,0.00000,-0.05737,-0.11552,0.07958,0.06870,0.00364
2001-04,-0.05050,0.02700,0.04120,0.00320,0.08871,0.12573,0.06524,-0.02427,0.01887,0.05639,0.05142,0.26895,0.25308,0.05259,0.03976,0.01410,,0.01878,,-0.00615,-0.00462,0.01304,0.06697,,,0.22105,0.38885,0.23587,0.03032,0.12160,0.10145,0.01134,0.04545,0.06962,0.16591,0.03857,-0.00804,-0.00258,0.10516,0.09446,-0.00056,0.01365,-0.00584,-0.05714,0.13362
2001-05,-0.03630,-0.01020,0.06360,0.00280,-0.03295,0.00480,-0.03180,0.13268,0.26235,0.00752,0.02295,-0.09892,-0.16452,-0.00846,0.03471,0.09890,,0.05119,,-0.01238,0.05616,0.03564,-0.06764,,,-0.03736,-0.08084,-0.20732,0.03647,0.01553,-0.02368,-0.04832,-0.08261,0.07249,-0.07732,-0.03370,-0.10396,-0.04397,-0.00285,0.02321,0.05307,-0.01923,0.01904,0.04015,-0.03523
2001-06,-0.00670,-0.02270,0.03940,0.00300,-0.04196,0.03574,0.03224,-0.06331,-0.04645,0.00448,0.00293,-0.08124,-0.36811,-0.03101,-0.08755,-0.09098,,0.05260,,0.05956,-0.16585,0.00382,-0.00327,,,-0.11194,-0.23559,-0.13385,0.02222,-0.01897,-0.22911,-0.03354,-0.31280,0.06897,-0.08028,-0.00427,0.13250,0.05500,-0.13429,-0.03781,0.02016,-0.06490,-0.01173,0.09614,-0.08566
2001-07,-0.02050,0.02110,0.04040,0.00310,-0.02676,-0.07723,-0.05127,0.04368,-0.05128,-0.00594,-0.03405,-0.03557,-0.07849,0.03280,0.04984,-0.07064,,-0.08081,,0.00473,-0.01228,0.00000,0.08787,,,0.01681,-0.03695,-0.06483,0.00242,0.01029,-0.03846,-0.02720,-0.03707,-0.07355,-0.06585,-0.09078,0.05984,0.04444,0.02310,-0.01693,-0.02808,0.07465,-0.02434,-0.02591,-0.02687
2001-08,-0.11540,-0.05320,0.02410,0.00280,-0.07790,-0.06304,-0.03416,-0.17093,-0.37838,-0.10164,0.01712,-0.03403,-0.11420,-0.09295,0.00297,-0.00806,,0.00470,,-0.03004,-0.12256,-0.01810,-0.10066,,,-0.11653,-0.31804,-0.32877,0.01145,-0.02870,-0.05091,-0.12343,-0.08415,0.00348,0.00000,0.01887,-0.09324,0.03110,0.05032,0.00062,-0.03852,-0.04195,-0.03567,-0.04775,-0.10149
2001-09,0.03240,0.01820,-0.03260,0.00220,-0.13015,-0.27610,-0.00965,-0.37035,-0.34783,-0.27887,-0.11089,-0.23797,-0.16738,-0.09650,-0.10651,-0.15965,,-0.04476,,-0.07256,-0.18286,-0.06887,0.01475,,,-0.34705,0.03828,-0.02037,-0.04407,-0.22021,-0.29119,-0.29593,-0.15054,-0.00763,-0.34426,-0.15432,-0.12264,-0.09206,-0.14988,-0.09342,-0.09015,-0.29430,-0.09087,-0.07593,-0.15532
2001-10,0.04050,0.01910,-0.01230,0.00170,0.06430,0.11763,-0.02727,0.08861,-0.40000,0.12137,0.02895,0.19972,0.06929,0.07467,0.02318,0.18584,,-0.10140,,0.01768,0.05615,0.07292,0.01321,,,0.12235,0.28436,0.19786,-0.03115,0.10391,0.32973,0.05781,0.19102,0.02448,0.11200,0.01369,0.12473,0.04458,-0.09249,0.05763,0.05596,0.09668,0.00447,0.03876,0.02065
2001-11,0.01820,-0.01840,0.01410,0.00150,0.03104,0.06108,0.05808,0.03411,0.66667,0.00412,0.06061,0.13235,0.14560,0.01759,0.05437,0.06408,,0.00467,,0.05179,0.14855,0.03883,0.00196,,,0.15726,0.12266,0.06342,0.06109,0.04718,0.13455,0.13471,0.18744,0.05666,0.14883,0.09451,-0.12600,0.06946,0.04697,-0.08654,-0.00608,0.11184,-0.04004,-0.06418,0.10116
2001-12,-0.04740,0.03050,0.01690,0.00140,0.03318,0.10351,-0.00694,0.02249,0.29333,-0.03811,0.02551,-0.04416,0.13268,0.00951,0.04052,0.01423,,0.06119,,0.03823,-0.01566,0.00280,0.05270,,,0.00816,0.11197,0.01814,0.05455,0.00994,0.06593,0.03124,0.11880,0.08269,0.05675,0.03372,0.05032,0.05869,0.14068,0.12561,-0.00262,0.06036,-0.08634,0.05024,0.07612
2002-01,0.00390,-0.00300,0.01570,0.00130,-0.03518,0.00416,0.00699,-0.04692,-0.01031,-0.08564,0.07463,-0.06440,-0.03083,-0.02397,-0.02360,0.11012,0.04553,-0.02190,,0.04713,-0.17220,0.04567,-0.02596,,,0.02188,-0.07631,-0.17216,-0.01724,-0.04021,-0.03933,0.12093,0.03055,-0.07160,-0.02778,0.08831,-0.03312,0.07761,-0.07067,0.01559,-0.00701,0.06808,0.02483,0.05239,-0.19154
2002-02,0.05100,-0.00440,0.00790,0.00130,0.00025,0.03537,0.03028,0.12077,-0.08854,0.00419,0.03796,-0.04153,-0.02481,-0.08421,0.08459,0.06735,0.01882,-0.00746,,0.09508,0.01003,0.02941,0.02538,,,0.15632,-0.07695,-0.18079,0.05263,0.09753,0.06788,0.13176,-0.01553,-0.02442,0.10476,0.00000,-0.01336,0.05418,0.04304,0.04297,0.05913,0.00920,-0.04923,0.01732,-0.09735
2002-03,-0.00300,0.02870,0.04840,0.00150,0.05042,0.08363,0.03001,0.10913,0.05714,0.20046,0.03301,0.13485,0.11285,0.03448,0.04234,-0.00820,0.15462,0.01579,,0.05446,0.12324,0.01299,0.04889,,,0.08148,0.01471,0.15337,0.01667,0.12525,0.27326,0.09453,-0.00860,-0.03030,0.00000,0.05994,0.02096,-0.02082,0.08459,0.04179,0.01500,0.05405,-0.02466,0.05319,-0.00668
2002-04,0.00380,0.01820,0.04600,0.00140,-0.04805,-0.02478,0.02140,0.02847,0.51351,-0.08968,0.00173,-0.10547,-0.24091,-0.10278,0.01550,-0.01240,0.07221,0.08808,,0.10012,-0.07216,0.02137,0.02596,,,-0.00599,-0.27507,-0.23235,0.12022,-0.02473,-0.12764,-0.06455,-0.08171,-0.03465,-0.07672,0.04828,-0.08041,-0.01794,-0.00698,-0.04972,0.07143,-0.06680,0.02809,-0.04377,-0.20615
2002-05,-0.02460,0.01090,0.02420,0.00130,-0.04215,-0.02809,-0.01397,0.04633,-0.03571,-0.11253,0.03879,-0.05493,-0.18610,0.11352,0.00000,-0.02791,0.04433,0.00612,,-0.04296,0.05000,0.10377,-0.11961,,,-0.02239,-0.16000,-0.22960,-0.06195,0.02355,-0.04248,0.02624,0.12598,-0.08586,0.02708,-0.04276,-0.13814,0.00203,-0.17305,-0.00773,0.04215,0.00211,-0.07295,-0.05915,-0.05058
2002-06,-0.10540,0.01670,0.03240,0.00150,-0.08811,-0.05803,0.03468,-0.10466,0.16296,-0.11388,-0.07054,-0.10644,-0.23624,0.01576,-0.04316,-0.01842,-0.08163,-0.05882,,-0.04743,-0.09221,-0.06368,0.03201,,,-0.10132,-0.02778,-0.54598,0.03172,-0.06991,-0.13894,-0.10322,-0.04895,-0.05158,-0.01000,-0.08316,0.03616,-0.01553,-0.17683,-0.01498,-0.08088,-0.11555,-0.07899,0.02769,-0.34881
2002-07,0.00130,-0.02230,0.02000,0.00140,-0.12381,-0.18067,-0.08087,0.03083,-0.15605,-0.29644,-0.16286,-0.17109,-0.13143,-0.18978,-0.32937,-0.01414,-0.07111,-0.14224,,-0.07700,-0.25895,-0.01215,-0.09494,,,-0.11569,-0.13401,0.55885,-0.11492,-0.06070,-0.16637,-0.01162,-0.08382,-0.02273,-0.09881,-0.14543,-0.22734,-0.03292,-0.31707,-0.10280,0.02400,-0.03539,-0.23123,-0.13328,-0.25686
2002-08,-0.13210,0.03100,-0.02000,0.00140,-0.01440,0.05498,-0.01327,-0.15078,0.01887,0.07214,0.01451,0.07676,-0.12500,0.03311,0.00066,-0.09765,0.04785,0.06533,,0.05526,-0.06180,-0.02049,0.02867,,,-0.05831,0.07463,-0.13197,0.01538,-0.07577,-0.03348,0.05342,0.10193,0.01578,-0.04422,0.06053,0.00775,0.00071,0.07143,-0.01424,-0.04062,-0.03226,0.05892,0.04286,-0.21279
2002-09,0.08600,-0.06830,-0.00830,0.00140,-0.17490,-0.16761,-0.11536,-0.21130,-0.22593,-0.28919,-0.30656,0.02970,-0.47042,-0.11489,-0.26754,-0.22137,-0.28950,-0.04088,,0.02344,-0.23353,-0.02929,-0.00748,,,-0.13115,-0.02778,-0.45611,0.02075,-0.17996,-0.15187,-0.11582,-0.15659,-0.06705,-0.04307,-0.29429,-0.34214,-0.15167,-0.14744,-0.08391,-0.07166,-0.26132,-0.19316,-0.01209,-0.11328
2002-10,0.04870,-0.00840,0.02250,0.00120,0.13415,0.21320,0.03520,0.03814,0.29187,0.51762,0.22074,0.02269,0.53272,0.15468,-0.01835,0.03308,0.06170,0.07377,,-0.00950,0.26250,-0.01466,0.03014,,,0.22846,0.28571,0.66859,0.12418,0.14515,0.20419,0.08970,0.28325,0.08238,0.04278,0.19902,0.26080,0.01504,-0.01278,0.04429,0.01667,0.02480,0.17931,-0.07993,0.09251
2002-11,-0.02780,0.03630,0.03230,0.00110,0.05607,-0.01729,0.04405,0.14606,-0.09630,0.07167,0.01838,0.11884,0.29561,-0.05802,0.38486,0.18835,-0.00847,0.00534,,-0.01550,0.10149,0.12861,-0.04588,,,0.04567,0.15146,0.55440,-0.11584,0.05859,0.11261,0.04505,-0.02355,-0.03806,0.04380,0.10655,0.04839,0.08642,0.19954,-0.02876,0.08456,0.10588,0.04637,0.02394,0.32177
2002-12,-0.03430,0.02050,0.02520,0.00100,-0.07898,-0.18081,-0.06958,-0.22987,-0.15984,-0.20805,-0.05293,-0.10521,-0.32297,-0.03918,-0.07935,-0.05818,-0.12210,-0.02658,,-0.01924,-0.21236,0.00078,0.01115,,,-0.17405,-0.25851,-0.07333,0.02045,-0.14311,-0.21063,-0.09790,-0.11096,-0.01936,-0.07697,-0.01943,-0.15385,-0.00455,-0.13397,0.00740,0.07876,-0.09119,-0.11297,-0.07013,-0.06101
2003-01,-0.03380,0.00350,0.01660,0.00090,-0.04113,-0.00832,-0.07160,-0.01523,0.21951,-0.10712,-0.05305,-0.11082,0.15381,-0.12798,-0.02861,-0.09617,-0.00417,-0.08580,,-0.12153,0.00000,-0.04105,-0.11371,,,0.00587,-0.09452,0.43885,-0.02059,0.00154,-0.04901,-0.00983,0.01938,-0.16481,-0.09825,-0.01982,0.05682,-0.06773,-0.14516,-0.07715,-0.07080,-0.10535,0.03330,0.08659,0.01624
2003-02,-0.01500,0.00790,-0.00570,0.00100,-0.06257,-0.00419,0.02057,-0.16804,0.04000,-0.00701,0.04433,-0.04774,-0.03303,-0.05000,0.03203,0.01347,-0.03282,-0.06314,,0.04408,-0.15121,0.00081,-0.06843,,,-0.02692,-0.06430,-0.14333,-0.00650,0.05344,-0.12962,-0.11547,-0.08517,0.01994,-0.00738,-0.08456,-0.04645,-0.10204,0.02916,-0.02389,-0.07460,-0.01533,-0.23345,-0.05656,-0.16752
2003-03,0.13160,-0.02150,0.00150,0.00100,-0.04924,-0.11158,0.02015,-0.14498,0.09615,-0.04586,-0.04427,-0.18190,-0.00041,-0.01252,-0.09633,-0.16279,0.03032,0.05373,,-0.01139,-0.20773,-0.03955,-0.07346,,,-0.05637,0.06306,0.04968,0.08699,-0.12585,-0.06938,-0.22693,0.02244,-0.07074,0.06293,-0.04980,-0.15065,0.03000,0.04583,-0.05383,0.00515,-0.23273,-0.14148,-0.02816,-0.06452
2003-04,0.07660,0.02630,0.01310,0.00090,0.12802,0.16627,0.11687,0.20725,0.18947,0.25786,0.14605,0.18872,0.14780,0.12273,0.22463,0.31548,0.15557,0.09594,,0.03091,0.32796,0.02580,0.15405,,,0.08131,0.15057,0.10754,0.00704,0.17020,0.27057,0.27803,0.17886,0.15918,-0.01119,0.15807,0.08285,0.11739,0.16972,0.01293,0.02304,0.27016,0.28061,0.09065,0.19869
2003-05,0.01180,0.01980,0.00420,0.00100,0.01289,0.08229,-0.04348,0.13685,0.11799,-0.06392,0.00095,0.03376,0.05918,-0.02309,0.03804,-0.06486,0.07944,-0.07808,,-0.05696,0.12700,0.09118,-0.03669,,,0.11560,0.01190,0.01498,0.07565,-0.07368,0.12544,-0.02426,-0.01241,0.01684,-0.08369,-0.04745,0.03629,0.03791,0.10899,0.05957,0.04003,-0.08453,-0.01344,0.00171,0.06849
2003-06,0.01670,0.00920,0.04000,0.00070,0.03087,-0.01439,-0.00539,0.12777,-0.10290,0.06044,0.05107,0.06090,0.04707,0.12109,0.06429,0.09677,-0.07022,0.03080,,0.01387,-0.07016,-0.03153,-0.00486,,,-0.00986,-0.06401,0.01666,-0.08156,0.08880,0.05034,0.21767,-0.02235,-0.06164,0.05325,0.05747,0.11216,-0.08676,-0.06388,0.05703,0.03448,0.28511,-0.06234,0.00513,0.01603
2003-07,0.00160,0.03080,0.00020,0.00070,0.04091,0.06127,0.07591,0.32678,0.11765,0.13249,0.09198,-0.02163,0.15006,-0.03374,0.03356,-0.05235,0.02296,0.00415,,0.02338,0.09680,0.02512,-0.04642,,,0.12943,-0.04676,0.09972,-0.00579,-0.07139,0.00171,0.07385,0.15357,-0.01765,0.16610,0.12953,0.09277,-0.01667,-0.00459,0.00152,0.03488,0.07351,-0.05587,-0.00766,-0.01388
2003-08,0.02820,0.02650,0.00180,0.00080,0.03151,0.06162,-0.05832,0.01623,0.09737,0.05556,-0.06084,0.01956,0.05315,0.10087,0.00480,0.14773,0.02185,0.03223,,0.03064,0.08756,0.01565,0.08113,,,0.12239,0.08492,-0.03789,0.01165,0.05830,0.13968,0.11044,0.01610,0.02196,0.03016,-0.03128,0.03894,0.01525,0.08042,0.05994,0.02172,0.06601,0.05030,0.01372,-0.02047
2003-09,0.06180,-0.01190,0.03620,0.00070,-0.05328,-0.10904,-0.07263,-0.08056,0.12230,-0.10402,-0.07228,-0.05713,-0.04940,-0.04846,-0.11295,-0.13656,-0.03295,0.04884,,0.00378,-0.09904,0.03954,-0.07346,,,-0.02557,-0.09987,-0.12611,0.04031,-0.12220,-0.11619,-0.07468,-0.01950,0.01953,-0.09516,-0.05298,-0.12369,0.02254,0.02624,-0.07230,-0.01026,-0.09288,0.07268,0.04653,-0.00718
2003-10,0.04490,-0.00040,0.00420,0.00070,0.07598,0.06989,0.05111,0.32175,0.02350,0.12647,0.07363,0.03494,0.21770,0.04537,0.14951,0.05700,0.10040,-0.00916,,0.11416,0.24326,-0.01483,0.08440,,,0.11434,0.09895,0.05418,0.02091,0.01124,0.14080,0.12008,0.09136,0.02011,0.13146,0.11713,-0.03764,0.04571,0.01070,0.03164,0.00519,0.02743,0.00840,0.00808,0.18882
2003-11,0.07340,-0.02050,0.00570,0.00080,0.01529,0.03458,0.05098,0.04000,0.21086,-0.01656,0.03982,0.10684,-0.04960,-0.00465,0.02838,-0.01926,-0.00383,0.00154,,0.00507,-0.06674,0.04035,-0.02673,,,-0.03364,0.02524,0.03266,0.06807,0.06341,-0.02045,-0.02548,0.05923,0.06103,0.02085,0.04538,0.05244,0.00937,0.05588,0.00823,0.09064,0.00745,0.02240,0.07057,0.05977
2003-12,0.02460,0.03640,0.02300,0.00070,0.03887,0.02571,0.04478,0.03571,0.22414,0.05864,0.06213,0.07027,-0.14539,-0.03181,0.03993,0.09909,0.04011,-0.00462,,-0.01419,-0.06296,0.00000,0.05008,,,0.00435,-0.10246,0.05395,-0.00564,0.02956,-0.02467,-0.01353,0.06568,0.05664,0.00973,0.04790,0.00971,0.06342,-0.04401,0.09347,0.00473,-0.02157,0.08507,-0.01648,0.00627
2004-01,0.03070,0.01040,0.00370,0.00060,0.02264,0.00669,-0.03786,-0.07374,-0.20141,0.06953,0.00160,0.04437,0.00994,-0.07813,0.05437,0.06130,0.03698,0.05100,,0.08512,0.05740,0.01677,-0.02077,,,0.00347,0.21942,0.05075,-0.00737,-0.06658,0.09611,-0.01188,0.10006,-0.04188,0.00385,0.01714,-0.01087,-0.04727,0.12413,-0.04003,0.02488,0.10236,0.06338,0.02894,0.09756
2004-02,-0.03320,0.00900,-0.00220,0.00090,0.02391,-0.02297,0.05865,0.06586,0.16402,0.01818,0.01700,0.02383,-0.06187,0.08549,0.03250,0.00492,0.05451,0.03162,,0.03731,0.07218,0.12784,0.03928,,,0.06218,0.07173,-0.06888,0.12857,0.06205,-0.01242,0.03885,-0.03531,-0.03846,0.02687,0.00351,0.11459,0.03817,0.16122,0.03887,0.05971,0.05857,0.06181,0.08216,0.08983
2004-03,-0.01170,-0.01010,0.00880,0.00080,-0.02690,-0.06627,-0.02875,-0.05696,0.36061,-0.08117,-0.02203,-0.05533,-0.06984,-0.07830,-0.02698,-0.05000,0.02657,-0.04918,,0.07237,-0.02129,0.02925,-0.05820,,,-0.02764,-0.06126,-0.06089,0.00253,0.03521,-0.11323,0.00356,0.00388,-0.03364,-0.00935,-0.02729,-0.06032,-0.03824,-0.01786,0.01633,0.05325,-0.08880,-0.05613,0.06840,-0.06421
2004-04,0.01410,-0.01040,-0.00900,0.00060,0.01353,0.06521,0.05487,0.20228,0.01114,0.03475,0.00744,0.01750,-0.04866,-0.03563,0.02457,0.05914,-0.03153,0.04798,,-0.01374,0.01235,-0.08703,0.00963,,,-0.01672,-0.28520,-0.03314,0.06364,0.08104,0.01338,0.10470,0.00552,-0.00282,0.06038,0.00000,-0.07105,0.06881,0.05091,0.03280,-0.07349,0.01866,-0.02247,0.03969,-0.02689
2004-05,0.02000,0.01010,0.00920,0.00080,-0.00606,-0.03303,-0.01711,-0.04360,0.12555,-0.04382,-0.00200,-0.00878,0.06199,0.03307,-0.02066,0.02459,-0.02187,0.01001,,0.04077,-0.00523,0.09630,0.01033,,,-0.00510,-0.05325,-0.02186,-0.02659,0.03146,-0.03520,-0.02008,-0.01429,0.02075,-0.01957,-0.00144,-0.07432,-0.05794,-0.04498,-0.00389,0.03363,-0.03431,-0.01307,-0.03079,-0.00572
2004-06,-0.03140,0.00090,0.00460,0.00100,0.02217,0.02150,0.04102,0.13380,0.21233,0.07738,0.01100,-0.02550,0.05231,-0.00275,-0.00679,0.13625,-0.00646,0.01558,,0.05610,-0.01401,-0.00266,0.03304,,,0.01624,0.05268,0.08786,0.02537,-0.00995,0.00871,0.02623,0.02230,-0.03697,0.01815,0.00648,0.01690,0.01898,0.00996,0.01952,0.04359,0.03132,0.05890,0.05210,0.09248
2004-07,0.00340,-0.00450,0.01330,0.00110,-0.02301,0.01701,-0.01030,0.00087,0.23677,-0.05691,-0.04293,0.01490,-0.16126,-0.00627,-0.00903,0.01650,-0.02000,-0.04463,,-0.04846,-0.04026,-0.01601,-0.09292,,,-0.04626,-0.19678,-0.03922,-0.05328,0.04763,-0.07439,0.04712,-0.11232,0.05758,-0.05793,-0.02362,0.04294,0.03577,0.03767,0.02936,0.02471,-0.01489,-0.04442,0.02114,-0.08904
2004-08,0.04000,0.00210,0.00750,0.00110,-0.01448,-0.01644,-0.04387,-0.06201,0.41216,-0.01640,0.02873,0.01289,-0.15902,-0.02650,0.01675,-0.05909,0.05612,-0.03942,,-0.01273,-0.07465,0.07414,-0.08228,,,-0.07231,0.01901,-0.05588,0.02111,0.02795,-0.01465,0.00686,-0.05405,0.05989,-0.02649,0.02933,-0.04471,-0.00504,0.06482,-0.00744,0.06774,-0.04120,-0.04332,0.03903,-0.02359
2004-09,0.04110,-0.00020,0.00690,0.00110,0.01289,-0.09568,-0.01788,-0.00698,0.09856,-0.02978,0.04481,0.06752,-0.18651,-0.01840,0.00121,-0.05866,0.06087,-0.03799,,0.02679,-0.01400,-0.02020,-0.03477,,,0.02186,0.14611,0.03242,0.05217,0.00629,0.03695,-0.00227,0.00065,0.00000,0.01166,0.01496,-0.01297,0.07737,0.05519,0.02436,0.04247,-0.08872,0.09292,0.05464,0.01726
2004-10,0.06850,0.02090,0.01730,0.00150,0.01819,0.03697,0.00238,0.04782,0.15244,0.03560,0.02596,0.02252,0.04226,-0.09348,0.04162,0.04228,0.04599,0.03633,,0.02802,-0.00135,0.02749,0.01327,,,-0.00093,0.00362,0.11864,0.01497,-0.02883,0.01608,-0.00380,-0.07398,-0.01884,-0.00288,0.02035,-0.06995,0.06040,-0.05462,-0.00610,0.06240,-0.01798,0.02503,0.00756,0.03781
2004-11,0.04270,0.00410,0.00630,0.00160,0.01266,-0.01475,0.02765,0.01790,0.18934,0.04446,-0.01968,0.04793,0.23163,0.04107,-0.00557,0.01946,-0.03004,0.02210,,-0.03383,0.05890,0.07609,0.01777,,,-0.00372,0.00000,0.05303,0.03502,-0.04526,0.06373,-0.06174,-0.03083,-0.01134,0.00674,-0.00069,0.15699,0.05063,0.02929,0.01043,0.03689,0.02798,-0.00084,-0.00214,0.03690
2004-12,-0.01240,0.03550,0.01590,0.00160,0.01796,0.00468,0.04535,-0.05978,-0.13537,0.03178,0.01912,0.05068,-0.03045,-0.01959,0.03527,0.08533,-0.00359,0.01342,,0.12160,-0.05818,0.01243,0.02665,,,0.05327,0.00000,0.03089,0.00356,0.01544,-0.04101,0.00000,0.13377,0.03795,-0.02010,0.02478,-0.02880,-0.02410,0.07510,-0.02429,0.08427,0.03495,0.12221,0.06065,0.05811
2005-01,0.04580,0.00770,0.01060,0.00160,0.02422,0.04191,-0.03015,0.09631,0.01433,0.02420,0.03846,0.02996,0.05475,0.12871,0.06882,0.05171,0.02928,0.05224,,-0.05464,0.09776,0.02379,0.02865,,,-0.05413,0.00000,-0.01190,-0.03638,0.02206,0.01258,0.01868,-0.01467,-0.02636,0.14453,0.02619,0.02965,0.01543,-0.05515,0.02365,-0.03261,0.01494,0.02967,0.11336,0.03321
2005-02,-0.02570,-0.00210,0.00260,0.00210,0.02899,0.05453,0.02881,0.01237,0.15399,0.09076,-0.00994,0.08952,0.13763,0.00000,-0.01372,0.08604,-0.01926,0.05245,,-0.02752,0.04205,0.06072,0.02959,,,0.04972,0.00000,-0.05276,-0.00552,0.03666,-0.04389,0.09091,0.15210,0.05502,0.02901,0.04450,0.05628,0.06809,0.04358,0.08997,0.02410,0.15835,-0.04194,0.00909,-0.01772
2005-03,-0.02580,0.00530,-0.00090,0.00210,0.01009,0.06697,0.04569,-0.02864,-0.22951,0.01182,-0.00274,-0.06597,-0.04846,0.03515,0.00599,-0.05937,-0.06426,0.01993,,0.05189,-0.02077,-0.01979,0.04396,,,0.03128,0.00000,0.01316,-0.00278,-0.00930,0.02555,0.00731,-0.02528,0.07699,0.00249,0.00439,0.06196,0.04667,-0.03803,0.00669,-0.02193,-0.05164,0.04149,0.00180,-0.00881
2005-04,-0.00060,-0.01620,0.01150,0.00240,-0.03837,-0.06329,-0.02748,-0.04770,-0.26447,-0.07591,-0.06862,0.00850,-0.10595,-0.08403,-0.07234,-0.07594,-0.04578,-0.05668,,-0.00897,-0.07818,0.07210,-0.09960,,,-0.05546,0.00000,-0.01602,0.09099,-0.06732,-0.06588,-0.06096,-0.08357,0.05150,-0.07858,-0.04055,0.00583,-0.04187,0.01938,-0.04432,0.04538,-0.01427,0.06579,0.04676,-0.01058
2005-05,0.01540,0.00890,0.01740,0.00230,0.05343,0.05994,0.02391,0.09426,0.11524,0.04318,0.07367,0.01394,0.07734,0.07467,0.07271,0.09605,0.05297,0.03246,,0.00905,0.05851,0.02892,0.06025,,,0.06422,0.00000,0.02376,0.06809,0.06474,0.07731,0.07496,-0.03082,0.07164,0.07361,0.03836,0.00851,0.00000,0.09110,0.04058,0.08264,0.00502,0.05110,0.04553,0.05902
2005-06,0.03810,0.00270,0.01570,0.00240,0.02636,0.03414,-0.00283,0.09655,-0.01838,0.04341,0.03751,0.09562,0.01428,-0.00496,-0.01882,-0.01947,-0.00522,-0.02742,,0.01345,0.05963,0.03072,0.00679,,,0.10172,0.00000,0.03825,0.05179,0.00616,0.02518,0.04817,0.11162,-0.07367,0.04264,0.05385,-0.01802,-0.03575,0.06942,0.08245,0.02512,0.09053,0.01370,0.13065,0.05250
2005-07,0.02030,0.02260,-0.00120,0.00300,0.05258,0.08331,0.03974,0.05237,0.21711,0.09047,0.05203,0.05400,0.05327,-0.02893,0.07976,0.00993,0.07872,0.12242,,0.06106,-0.02403,0.00571,0.09688,,,0.07277,0.00000,0.05422,0.04621,0.08412,0.14818,0.03704,0.06947,0.05081,0.04010,0.07249,0.15072,0.04768,0.15016,0.06536,0.07446,-0.05795,0.03025,-0.02907,0.00729
2005-08,0.01470,-0.00360,0.00430,0.00290,-0.01177,0.01786,-0.03823,-0.01334,-0.05613,-0.04437,-0.01174,0.00111,-0.03649,-0.03261,-0.00585,-0.03088,-0.04467,0.04289,0.00074,0.05505,0.04384,0.01324,-0.00077,,,-0.04449,0.00000,-0.04162,0.01883,-0.05273,-0.04100,-0.05093,-0.08352,-0.03013,-0.01696,-0.02992,-0.04377,-0.00955,0.05281,0.02947,0.01842,-0.04778,0.03249,0.07784,-0.02971
2005-09,-0.03410,-0.01120,0.00390,0.00270,0.04561,-0.01708,0.08588,0.07822,0.05683,0.06035,0.07294,0.06971,0.21410,0.01619,-0.02842,-0.00812,0.12963,0.05347,0.02657,0.08933,0.00460,0.03920,-0.00922,,,0.04733,0.00000,-0.01804,0.04407,0.12326,-0.01561,0.09826,0.06968,-0.00650,0.03059,0.08452,0.11462,0.09756,0.06006,0.06570,0.04048,0.03906,0.06233,-0.00486,0.06635
2005-10,0.01280,-0.00350,0.00610,0.00310,-0.03556,-0.00857,-0.00850,-0.02034,-0.11838,0.05779,0.00000,0.06465,-0.05343,-0.03083,-0.04513,-0.07856,0.00205,-0.05075,-0.07800,-0.00290,0.00401,-0.06347,-0.04810,,,-0.01531,0.00000,-0.09213,-0.00681,-0.10265,0.04230,-0.08312,-0.07572,-0.02836,0.04338,0.00316,0.03343,0.00362,-0.08672,-0.07794,-0.08775,-0.09630,-0.01082,-0.09002,-0.03240
2005-11,0.03800,0.00560,0.00440,0.00320,0.02952,0.08377,0.01121,0.08754,0.10780,0.05919,0.06245,-0.01409,0.09723,-0.00539,0.07549,0.02687,0.05072,0.02585,0.00195,0.02693,0.04335,0.00256,-0.00081,,,0.07772,0.00000,-0.01937,-0.04798,0.00986,0.04130,-0.08097,0.09157,0.02695,0.06856,0.06142,0.04313,-0.03502,0.06960,0.01433,-0.03993,0.00448,0.04665,0.03681,-0.06202
2005-12,0.06380,0.02240,0.01680,0.00350,0.03236,0.02901,0.05932,0.01495,-0.04481,0.06526,0.01711,0.01749,0.00833,0.07263,0.02238,0.02659,0.03581,0.01088,-0.03658,-0.03331,0.04046,0.01148,0.02447,,,0.03091,0.00000,-0.01270,0.06120,-0.04883,0.02296,0.03765,0.11479,0.07872,0.02867,0.02770,0.02776,-0.00640,0.05613,-0.00094,0.06238,0.00064,0.05199,0.07470,0.07343
2006-01,0.00540,0.02170,0.01460,0.00340,0.04936,0.06177,0.04123,0.01097,0.30474,0.02348,0.07388,0.09249,0.10882,-0.01819,0.07363,0.03517,0.09169,0.01643,0.05048,0.05352,0.00893,0.02648,0.06369,,,-0.01066,0.00000,-0.10815,0.03799,0.00349,0.05544,0.12772,0.07624,0.01959,0.14134,0.04620,0.07184,-0.00161,0.10039,0.07069,0.08007,0.05476,0.08944,0.05368,-0.02570
2006-02,0.03980,0.00770,0.01570,0.00370,0.01060,0.02270,-0.02128,-0.04620,-0.04452,0.06237,0.05790,-0.02349,0.10239,0.07205,0.03800,0.04171,0.05542,0.08138,0.11611,0.00626,0.00729,0.18919,0.11153,,,0.02694,0.00000,-0.02511,-0.06144,0.00123,0.03223,0.03797,-0.01748,-0.05368,-0.00291,0.09384,-0.04209,-0.00108,-0.09750,-0.07130,0.13262,0.01388,0.05161,0.01241,-0.01280
2006-03,0.05250,0.01830,-0.00190,0.00360,0.04408,-0.05709,0.03744,0.13036,0.13226,-0.02294,-0.00196,-0.00477,0.08468,0.05377,0.02946,0.01270,0.04729,0.04227,0.02790,0.01798,0.03051,0.06302,-0.02088,,,0.06098,0.00000,0.01699,0.10097,0.06274,0.00531,0.08803,-0.02060,0.09944,0.03907,0.04373,0.09712,0.02639,0.10704,0.03175,0.08364,0.02739,0.04611,0.07183,0.11356
2006-04,-0.03640,-0.00880,-0.00810,0.00430,-0.00622,0.04877,-0.00175,-0.10037,-0.07471,0.00449,-0.02283,-0.01368,-0.05649,0.04738,0.03122,0.10318,-0.00529,-0.02176,-0.04558,0.08016,0.03161,-0.09670,0.01100,,,0.03152,0.00000,-0.00269,-0.02783,0.00192,0.02329,0.04843,-0.02725,-0.04777,0.00730,-0.02417,-0.02679,-0.02728,-0.10385,0.00689,-0.07315,-0.01594,0.03338,-0.03196,0.02117
2006-05,-0.00210,-0.01670,-0.00300,0.00400,-0.04977,-0.08278,-0.05423,-0.11125,-0.12042,-0.06841,-0.02804,-0.01965,0.00943,-0.01588,-0.08074,-0.10664,-0.08923,-0.04803,-0.04073,-0.01195,-0.05837,-0.08392,-0.04966,,-0.01595,-0.08089,0.00000,-0.05673,-0.00911,-0.04798,-0.04340,-0.02500,-0.15627,-0.01605,-0.09805,-0.00743,-0.08598,-0.04800,-0.07093,-0.06224,-0.07096,-0.11955,-0.08678,-0.08952,-0.03283
2006-06,0.01000,-0.01860,0.01560,0.00400,0.00726,0.03999,0.03286,-0.19209,-0.05912,-0.03471,0.02816,-0.05189,0.04227,0.01304,0.02287,-0.08023,0.02269,0.05523,-0.03917,0.00191,0.02996,0.06342,0.05727,,-0.03636,0.01173,0.00000,-0.03723,0.01773,-0.01915,-0.04188,-0.06355,-0.00874,0.03739,0.00679,-0.04326,0.07743,0.01926,-0.06882,0.01680,0.06235,-0.06890,-0.06566,0.12343,-0.02108
2006-07,0.02670,-0.00270,0.00300,0.00420,0.00875,-0.02963,0.03743,0.00401,0.09963,0.05222,0.01804,-0.02761,-0.05758,0.06479,0.00000,0.01191,0.05782,0.04177,0.06095,-0.00508,0.04915,0.09608,0.06229,,-0.05000,0.01353,0.00000,-0.02439,0.05161,-0.15540,-0.02848,0.01845,-0.10517,-0.02425,-0.01227,0.01565,0.05749,0.03280,-0.02910,0.03499,0.06603,0.02766,0.05221,-0.01241,-0.03248
2006-08,0.00670,0.00040,0.00250,0.00410,0.03107,0.08164,0.04240,0.04390,-0.02105,0.07407,0.08858,0.05142,0.01664,-0.01332,0.03667,0.11438,0.00763,0.03768,0.04273,0.03193,0.03059,0.10529,0.04143,,0.09043,0.02161,0.00000,0.01037,0.04479,0.07252,0.05044,0.06254,0.11819,-0.05910,0.03416,0.07877,0.04732,0.01776,0.07136,-0.01033,0.04886,-0.00175,0.02893,0.06223,0.01283
2006-09,0.03800,0.00110,0.01410,0.00410,0.01645,0.07608,-0.02307,-0.03653,0.05684,0.00276,0.02291,0.02628,-0.02175,0.03468,-0.01294,0.09057,0.09240,0.03073,0.08127,-0.00062,0.08442,0.07657,-0.01958,,-0.03905,0.01120,0.00000,0.09234,-0.03641,0.00908,0.00779,-0.00495,-0.06400,0.00214,0.05646,-0.00397,0.05023,0.07879,-0.00488,-0.01803,0.08727,-0.01506,0.08823,0.03905,0.05885
2006-10,0.03750,0.02540,0.00230,0.00420,0.01880,0.01209,0.03667,-0.06305,0.22202,0.02648,0.01532,0.08298,0.06383,-0.04194,0.00962,0.10554,-0.03839,0.03704,0.00318,0.01796,0.00000,0.00085,-0.04869,,0.01370,0.00492,0.00000,0.12431,-0.04388,0.01214,-0.02382,0.01327,0.11230,-0.05128,-0.07447,0.04438,-0.03707,-0.00588,0.05288,0.02512,0.02957,0.04835,0.00756,0.00513,0.04362
2006-11,0.03310,0.00940,0.00460,0.00400,-0.00394,0.00919,0.02458,0.04518,-0.07583,-0.04188,-0.05572,-0.01861,0.03416,-0.01110,0.04329,0.02660,-0.04023,0.01220,0.03492,-0.01338,-0.01454,0.03638,-0.00131,,-0.05811,-0.04103,0.00000,-0.03686,0.06565,0.04599,-0.03628,-0.01255,-0.08460,-0.00450,0.00430,-0.02842,0.05062,0.06016,0.12100,0.00943,0.04338,0.02272,0.04211,0.07479,-0.02090
2006-12,0.00610,0.01950,0.00710,0.00440,0.04019,0.06922,0.05266,0.17515,0.02864,0.07238,0.01598,0.08476,0.03325,-0.02690,0.05643,0.10518,-0.00344,-0.01205,0.06902,0.00432,-0.01736,0.16735,-0.00263,,0.06169,0.02107,0.00000,0.06888,0.04067,0.06627,0.09343,0.00552,0.08318,0.05505,0.02875,0.01660,0.07510,0.08093,-0.01701,0.02054,0.03989,0.04542,0.16823,0.02056,0.01928
2007-01,-0.00490,0.01180,0.00180,0.00380,0.01201,0.08348,-0.00667,-0.02452,0.11605,0.05445,0.03509,0.06621,0.02419,-0.03788,0.13747,-0.03172,0.04830,0.02962,-0.05337,0.05648,0.00000,-0.04895,0.06851,,0.02748,0.01188,0.00000,0.01193,0.08345,0.00498,0.03130,0.04341,0.03527,-0.03574,0.10166,0.05365,0.12666,0.00516,-0.05538,-0.05215,0.04538,0.11037,-0.07962,0.08884,0.06653
2007-02,0.03700,0.00630,-0.00150,0.00430,-0.01640,0.04921,-0.03039,0.01767,0.07371,-0.00557,-0.07726,0.01639,0.08522,0.14208,-0.02762,0.11994,-0.08217,0.01294,0.00970,0.00221,0.00442,0.09559,-0.02429,,0.05831,0.03498,0.00000,-0.03160,-0.00707,0.01070,0.02822,-0.05329,-0.04725,-0.04729,-0.00917,-0.06022,-0.02614,-0.07937,0.03441,-0.01506,0.12941,0.06284,-0.00800,-0.00693,-0.05478
2007-03,0.05540,-0.00160,0.01150,0.00440,0.02136,0.07208,0.05327,-0.10382,0.03759,-0.01306,-0.00950,0.09772,0.07833,0.08459,0.03935,0.05151,-0.03216,0.02146,0.04293,-0.00278,0.05286,-0.02792,0.03286,,0.02527,-0.00812,0.00000,-0.03702,-0.02673,0.03471,0.06730,-0.02603,0.05363,0.01307,0.04765,0.01594,0.05101,0.06984,0.08089,0.02803,0.03816,0.18006,0.04389,0.10844,0.01910
2007-04,0.01560,-0.00760,0.00550,0.00410,0.05784,-0.02879,0.00132,0.02153,-0.00151,0.06900,0.09541,0.01435,-0.02018,0.03434,0.07763,0.13487,0.06475,-0.00940,-0.00403,0.03023,0.06875,-0.01761,0.07818,,0.01414,0.03516,0.00000,0.09206,0.03247,0.13324,-0.03070,0.09332,-0.02573,0.03656,0.09513,0.20971,0.06751,0.01260,0.05226,0.03832,-0.09891,-0.03598,0.09414,0.02181,-0.00131
2007-05,-0.00160,-0.00680,0.00580,0.00400,0.02415,-0.00533,-0.03442,-0.01476,0.12421,-0.04244,0.05289,0.11793,0.01433,-0.04362,0.03348,0.03773,-0.01287,-0.03896,0.07861,0.00801,0.06034,0.01202,0.00204,,0.05100,0.02036,0.00000,0.05743,0.04172,-0.01505,-0.03852,0.11001,0.07472,0.06194,0.03094,-0.07482,-0.04051,0.01854,-0.00242,0.02828,0.04314,0.00000,0.02135,-0.00801,0.06583
2007-06,-0.02220,0.01820,-0.00350,0.00400,-0.00804,-0.04905,0.10445,0.03209,0.04325,-0.01477,-0.02018,-0.05198,-0.04008,-0.03730,0.02307,0.06666,-0.01597,0.03101,0.00456,-0.01053,-0.04497,-0.12549,-0.00566,,0.01478,-0.02485,0.00000,-0.10644,0.00404,0.01511,-0.03116,0.12198,-0.00732,-0.16132,-0.02945,-0.05014,-0.05326,-0.01542,0.06331,0.07607,-0.10837,-0.05953,-0.05118,-0.05646,-0.01452
2007-07,-0.02090,-0.03120,-0.00110,0.00420,-0.05018,-0.03682,-0.01775,-0.07670,-0.01740,-0.09310,-0.07503,-0.04904,-0.10429,0.00403,-0.01643,-0.05797,-0.06095,-0.10513,-0.08376,0.01731,-0.00795,-0.09426,-0.03861,,-0.05267,-0.03250,0.00000,-0.02647,-0.05544,0.04282,-0.02757,-0.10192,-0.02896,0.02329,-0.04792,-0.07337,-0.08260,-0.04297,-0.01631,-0.03286,-0.07810,-0.04597,-0.06100,-0.04326,-0.01849
2007-08,0.04820,-0.03660,-0.00650,0.00320,-0.01537,-0.00458,-0.02257,-0.02200,0.05553,0.01309,-0.05273,-0.02249,-0.02464,-0.01872,-0.02610,-0.05479,-0.02293,0.04096,0.07132,-0.00890,-0.01268,0.01517,0.01860,,0.02760,-0.00930,0.00000,0.11480,-0.00213,0.00257,-0.00094,-0.07510,-0.06020,-0.02569,-0.01654,-0.07117,-0.00779,-0.02603,-0.02836,-0.05199,0.00827,-0.06345,0.03285,-0.01583,-0.04183
2007-09,0.04340,0.00410,-0.00910,0.00320,0.00936,-0.01190,0.00331,-0.01010,0.14727,0.06698,-0.00878,0.04636,-0.09011,-0.04361,-0.08352,0.01957,-0.02347,-0.01270,-0.00978,-0.01235,0.03972,0.04232,0.07002,,-0.09555,0.02537,0.00000,0.06098,-0.00971,-0.07392,-0.09079,0.02626,-0.02308,-0.00901,-0.09128,-0.00583,0.00248,-0.06539,0.07015,0.03204,0.02116,0.09699,0.07303,0.04881,-0.01366
2007-10,-0.04040,-0.04760,-0.01790,0.00340,0.02314,0.05798,0.01204,0.08720,-0.00018,-0.01657,-0.00847,0.09539,0.01805,0.01140,0.01093,-0.01962,0.00887,0.07192,0.07574,-0.00023,0.03699,-0.06985,-0.01478,,0.08146,0.05721,0.00000,0.08387,0.04228,0.10539,-0.02809,0.14052,0.03426,0.01954,0.07280,-0.01547,0.02619,0.03085,-0.01324,-0.02403,-0.04914,-0.03101,0.02086,0.03340,0.05000
2007-11,-0.02120,-0.00800,0.01090,0.00270,-0.03033,-0.12175,0.04432,-0.06399,-0.08974,-0.09494,0.01393,-0.07606,-0.09591,0.06480,-0.09109,-0.12334,-0.11982,0.01842,-0.02398,-0.02637,-0.15926,-0.05532,0.04733,,-0.06081,-0.06683,0.00000,0.01925,-0.05110,-0.17005,-0.11345,-0.14193,-0.24101,0.07384,0.00347,-0.08873,-0.13181,-0.03451,-0.09924,-0.00755,-0.09731,-0.08754,0.02466,-0.03797,0.00997
2007-12,-0.10000,0.00400,0.00030,0.00210,-0.00996,-0.05445,0.02611,-0.00501,0.05178,-0.01933,-0.03798,-0.06893,0.08095,0.00718,-0.04104,-0.03122,-0.03955,0.01892,0.04548,0.01915,-0.04373,-0.01075,0.03213,,-0.02464,-0.00313,0.00000,-0.05125,0.04460,-0.02354,0.07767,-0.02453,0.05568,-0.03123,-0.02831,-0.06299,-0.02800,-0.05519,-0.02207,0.02897,-0.03227,-0.18261,-0.01140,-0.07013,-0.00032
2008-01,0.01950,0.02700,-0.00520,0.00130,-0.13258,-0.06764,-0.08694,-0.21942,-0.16899,-0.16466,-0.11304,-0.09947,-0.15814,-0.11785,-0.19259,-0.18369,-0.11183,-0.12003,-0.09575,-0.11317,-0.14655,0.01887,-0.15840,,-0.12463,-0.17114,0.00000,-0.04062,-0.09867,-0.05092,-0.10007,-0.21874,-0.21882,-0.13703,-0.16789,-0.15900,-0.13810,-0.12236,-0.21028,-0.14288,0.05556,-0.12731,-0.12250,-0.10326,-0.14436
2008-02,0.00270,-0.00600,0.02180,0.00170,-0.01625,-0.07373,0.01087,0.02289,0.14843,-0.01748,-0.09509,-0.11475,0.00663,-0.00702,0.00288,0.02388,-0.11957,-0.03794,0.05004,0.01524,-0.03291,0.08897,-0.04536,,0.02495,-0.00438,0.00000,-0.05673,-0.01193,0.02743,-0.00456,-0.06056,0.21442,-0.10230,-0.01815,-0.08458,0.03066,-0.00881,0.25790,0.02628,0.02243,0.02113,0.07427,0.01189,-0.02346
2008-03,0.04420,-0.02490,0.00060,0.00180,-0.01745,-0.02075,0.02789,-0.13884,0.02530,0.02269,0.07252,-0.11444,-0.01015,0.04692,-0.01092,0.00777,0.08647,0.08965,0.00685,0.05318,0.03370,0.00180,0.02185,,-0.05155,0.03327,0.00000,-0.04399,-0.07443,-0.02868,0.00875,-0.01545,-0.02554,-0.02603,0.08241,-0.12771,0.04369,-0.02919,-0.08884,-0.05901,0.00748,-0.00040,-0.24987,-0.00370,-0.05606
2008-04,0.00850,0.00470,-0.01150,0.00180,0.06150,0.15218,0.00155,0.07595,0.09483,0.03980,0.08389,0.19334,0.08095,-0.07448,0.00194,-0.11116,0.10459,0.00353,0.10722,-0.03479,-0.10432,0.00617,-0.05259,,-0.03070,0.04142,0.00000,-0.05352,0.13567,-0.08410,0.07231,-0.05777,0.04241,0.05535,-0.04087,0.21187,0.10426,0.16828,0.20332,0.14668,0.01687,0.03623,0.05389,0.03582,0.05333
2008-05,-0.08690,0.01810,-0.00690,0.00170,0.00355,-0.07974,-0.02316,-0.06997,0.12359,-0.04999,-0.04202,0.09309,0.11824,-0.00354,0.00174,-0.02161,-0.21432,-0.01003,0.03425,0.01202,-0.00071,-0.02736,0.02637,,-0.02752,0.02438,0.00000,-0.03249,-0.01351,-0.11072,-0.01541,-0.00076,0.03772,-0.04467,0.02710,-0.11123,0.03698,-0.02404,0.01533,0.03986,0.00923,-0.01537,-0.01569,0.02108,0.03625
2008-06,-0.03820,-0.02140,0.00660,0.00150,-0.11556,-0.13496,-0.02353,-0.19840,-0.01598,-0.16953,-0.13265,-0.19680,-0.14128,-0.20213,-0.23341,-0.20626,-0.17304,-0.20739,-0.06782,-0.03933,-0.15833,-0.15878,-0.11659,,-0.14522,-0.11475,0.00000,-0.04076,-0.10616,-0.13775,-0.19452,-0.21061,-0.12188,-0.11438,-0.15024,-0.17231,-0.06436,-0.09832,-0.02456,-0.03370,-0.12176,-0.20406,-0.22222,-0.19471,-0.10790
2008-07,-0.04570,0.00140,-0.00070,0.00130,-0.00958,0.01485,0.00477,0.01246,-0.08854,0.00663,0.10879,-0.00996,0.10176,-0.08426,0.01183,-0.06748,0.06086,0.07063,-0.01176,-0.18229,-0.00750,-0.18281,-0.02460,,0.02811,0.06564,0.00000,0.08872,-0.13977,-0.08553,0.02332,0.03090,-0.11607,0.06222,0.04096,0.08229,0.00815,-0.07281,-0.06991,-0.08856,-0.01804,0.02206,-0.04294,-0.06410,0.11909
2008-08,-0.15070,-0.03230,0.00520,0.00150,0.02054,0.05086,-0.01495,0.25759,-0.06150,0.15144,-0.03636,-0.01198,-0.01939,0.09718,0.04203,0.04229,0.05447,-0.00335,-0.02330,0.14641,0.13610,0.04359,0.00757,,0.06318,0.02495,0.00000,-0.01154,0.14021,0.03107,0.08879,0.06628,0.11478,0.07854,-0.03528,0.10461,0.09986,0.08645,0.02688,-0.00719,-0.01497,0.17026,0.07478,0.06438,-0.01965
2008-09,-0.22020,-0.04980,-0.03380,0.00080,-0.10050,-0.17403,-0.06740,-0.21722,-0.34615,0.04735,0.07482,-0.23012,-0.17923,-0.08386,-0.13735,0.02457,-0.07679,0.05064,-0.07360,-0.03570,-0.21369,0.00330,0.01973,,-0.09600,-0.15085,0.00000,-0.01664,-0.03469,-0.18911,-0.03663,-0.22202,0.01318,-0.04238,-0.12562,-0.06203,-0.10073,0.03106,-0.29884,-0.13182,0.00007,-0.12910,-0.21241,-0.15109,-0.16717
2008-10,-0.07170,-0.01190,-0.03320,0.00030,-0.13517,-0.18809,-0.13059,0.07833,-0.43004,-0.35139,-0.15254,0.04504,-0.24488,-0.00544,-0.16932,-0.11738,-0.16188,-0.13120,-0.05055,-0.00142,-0.20874,-0.34551,-0.14780,,-0.17826,-0.16008,0.00000,-0.00505,-0.17805,-0.21141,-0.20100,-0.46448,-0.19512,0.06187,-0.22483,-0.31976,-0.09832,-0.15747,-0.40945,0.00552,-0.17675,-0.36047,-0.33449,-0.15130,-0.07334
2008-11,0.06690,-0.01420,0.01440,0.00000,-0.06435,-0.00412,-0.00676,-0.03709,-0.06568,0.00673,-0.22634,-0.02893,0.00818,-0.09751,0.04679,-0.06170,-0.22430,0.04224,-0.09234,-0.10311,-0.24698,-0.08492,0.07871,,-0.04538,-0.14046,0.00000,0.02640,-0.09000,-0.31618,0.03456,-0.27829,0.02929,-0.12098,0.05846,-0.20854,0.05412,-0.22755,0.02624,-0.04122,-0.09932,-0.27520,0.01874,0.12826,0.09042
2008-12,-0.10970,0.04880,-0.03950,0.00000,-0.01370,0.16181,-0.02094,-0.03451,-0.09115,0.05987,-0.30179,-0.06269,0.08803,-0.07371,0.06888,-0.00186,-0.08204,-0.04627,0.12303,0.06758,0.24766,0.09718,-0.02136,,0.10073,0.07156,0.00000,-0.01286,0.14629,-0.14557,0.00739,0.07724,-0.05456,0.04488,0.07222,0.07849,0.00089,-0.05546,-0.08592,-0.05213,0.01063,0.07766,0.13439,-0.05003,0.04562
2009-01,-0.09960,0.04570,-0.04130,0.00010,-0.07584,-0.11720,-0.12857,0.13924,0.04147,-0.22909,-0.00793,-0.11391,-0.01636,-0.02653,-0.20896,-0.18233,0.19250,-0.06786,-0.14876,-0.10992,-0.14957,0.06800,-0.16372,,-0.03404,-0.10394,0.00000,-0.12024,-0.07042,0.09506,-0.00082,-0.18275,0.01619,-0.02896,-0.06113,-0.08472,0.00354,0.04430,0.11554,0.00681,-0.01216,-0.17664,-0.20473,-0.10533,-0.13131
2009-02,0.06940,-0.02420,0.01240,0.00020,-0.09127,-0.08276,0.01972,-0.14922,-0.12737,-0.39935,-0.13396,-0.14798,-0.15083,-0.00056,-0.24120,-0.15869,-0.18344,-0.05963,-0.15896,-0.08300,0.19859,-0.13323,-0.01497,,-0.09625,0.06016,0.00000,0.01424,-0.11617,0.02631,0.00571,-0.23978,-0.17365,-0.07191,-0.03939,-0.24264,-0.08020,-0.18538,0.06535,-0.04327,-0.04724,0.13272,-0.02832,-0.04080,-0.06160
2009-03,0.13670,0.02040,0.06340,0.00010,0.03880,-0.07791,0.05304,-0.24871,-0.01133,0.23347,0.19738,0.18070,0.05442,0.09804,0.15284,0.08067,0.06701,-0.03144,0.02214,0.06204,0.01642,-0.18241,0.00935,,0.09727,0.04209,0.00000,-0.03706,-0.03550,0.04284,0.04517,0.34360,-0.13350,0.03581,0.04833,0.18213,-0.06036,0.16885,0.02662,-0.00147,0.06380,0.11162,-0.08365,0.08584,0.05062
2009-04,0.12860,0.01310,-0.01310,0.00000,0.12557,0.22907,0.00996,0.25571,0.17840,0.40829,0.29338,0.20802,0.17279,0.05068,0.29853,0.39617,0.34745,-0.01432,0.05609,0.12509,0.21065,0.27822,0.04672,,0.16622,0.21358,0.00000,-0.01633,0.13630,0.23947,0.20419,0.58670,0.29586,0.03280,0.15566,0.32763,0.06307,0.23659,0.23469,0.02458,0.06377,0.42799,0.33365,0.22339,0.02735
2009-05,-0.01870,0.01550,-0.01230,0.00010,0.03728,-0.02762,0.05990,0.04136,0.29417,0.02864,0.21118,-0.10916,-0.04154,0.02250,-0.07110,0.09745,-0.07768,-0.02781,0.01667,-0.00687,0.01317,0.05582,0.02896,,-0.02425,0.01986,0.00000,0.02253,-0.02190,0.20822,-0.01569,0.10134,0.01948,0.02696,-0.09489,0.04685,-0.04412,-0.00966,0.05981,0.06272,-0.00044,-0.11040,-0.01407,-0.00950,-0.09282
2009-06,0.10190,-0.03830,0.03570,0.00010,-0.04186,-0.09815,-0.00686,0.00480,0.00408,0.02136,-0.05128,-0.07491,-0.03416,-0.03688,-0.06477,-0.05117,-0.14076,0.06127,-0.04378,0.04506,-0.01798,0.02853,-0.04508,,0.04332,-0.07056,0.00000,-0.06319,0.01977,-0.12216,-0.05109,-0.03289,0.01501,-0.06852,0.03596,-0.05159,0.04903,-0.06920,0.00201,-0.05571,-0.06368,-0.06223,0.01548,-0.05579,-0.08266
2009-07,0.05630,0.01910,0.07420,0.00010,0.09102,0.05999,0.12517,0.16247,0.07952,0.10754,0.10595,0.11511,0.23198,0.08268,0.19412,0.24763,0.12832,0.07007,0.00998,0.14479,0.34451,0.09111,0.14144,,0.10492,0.16342,0.00000,0.08354,0.21507,0.13675,0.14772,0.14329,0.15426,0.09768,0.17385,0.15854,0.00957,0.14369,0.21582,0.01117,0.15486,0.41876,0.14960,0.11646,0.05812
2009-08,0.05430,0.01640,0.00960,0.00010,0.06633,0.22604,0.01624,0.08072,-0.01109,0.07080,0.09814,0.15827,0.04152,-0.00273,0.10334,0.03612,0.29006,0.00757,0.09644,-0.03162,0.03607,0.30683,0.12942,,-0.00262,0.05372,0.00000,0.01314,-0.00275,-0.05099,0.02847,0.04947,0.18111,0.02959,0.00879,0.24772,0.08771,0.06805,0.01686,0.02724,0.12520,-0.04516,0.00000,0.04803,0.10236
2009-09,-0.01830,0.01520,-0.03190,0.00000,0.03883,0.03595,0.04433,0.06120,0.02323,0.16499,0.00016,0.00390,0.06091,-0.05617,0.12934,0.02134,0.10526,0.08568,0.03249,0.03385,0.08122,0.03395,-0.01063,,0.11040,0.03059,0.00000,0.02621,-0.00184,0.03169,0.06862,0.01481,-0.00078,0.05981,0.07714,-0.02153,0.01891,-0.03404,0.01194,0.01589,0.02900,0.01267,0.08537,0.03300,0.06417
2009-10,0.03000,-0.02120,-0.01470,0.00000,-0.04946,-0.14104,-0.05595,-0.16683,-0.10059,-0.08027,-0.05769,-0.07482,-0.11692,-0.05581,-0.06051,-0.05708,-0.08228,-0.00546,-0.06064,-0.02041,-0.15104,0.04132,0.02531,,-0.02683,0.02794,0.00000,-0.07388,0.04643,0.06815,-0.05509,-0.03970,-0.14096,-0.00808,0.02527,-0.12946,-0.04958,-0.05779,-0.01879,0.00074,0.06340,0.03030,-0.14948,-0.07838,-0.10546
2009-11,0.00970,-0.01820,-0.01440,0.00010,0.02008,0.09074,0.05450,-0.06805,0.12924,-0.04542,0.06900,0.03064,-0.02562,0.10403,0.08767,-0.00099,0.05151,-0.02796,-0.02438,0.01271,0.08392,-0.05580,0.03718,,-0.01108,-0.01826,0.00000,0.02758,0.02000,0.05841,-0.01004,0.05229,0.01318,0.01156,0.02648,0.03327,-0.03881,0.05131,0.06094,0.01415,-0.00629,0.02833,0.01212,0.03354,0.01454
2009-12,-0.05290,0.04660,-0.01790,0.00000,0.06961,0.07323,0.07274,0.18212,0.24008,0.04222,0.01636,0.09929,0.03799,0.03853,0.05093,0.06099,-0.10305,0.07586,0.08900,0.08063,0.04516,0.06529,0.07944,,0.06450,0.13005,0.00000,0.00606,0.05494,0.00467,0.11154,0.12422,0.22835,0.09420,0.12196,0.04393,0.06591,0.07499,0.08715,0.09209,0.02467,0.28733,0.02573,0.07183,0.08364
2010-01,-0.02080,-0.00650,-0.01870,0.00000,-0.05001,-0.04314,-0.07274,0.00816,-0.11482,-0.09311,-0.06708,-0.01798,0.00923,0.05304,-0.08458,0.05095,-0.07443,-0.03234,-0.09460,0.00850,0.04998,-0.05002,-0.01987,,0.07291,0.00880,0.00000,-0.04618,-0.02671,-0.00127,0.04474,-0.05359,0.03616,-0.02652,-0.08254,-0.13779,-0.00489,-0.05096,0.00628,-0.06566,0.02277,-0.02629,0.03092,-0.01672,-0.09353
2010-02,0.06370,-0.01180,0.04350,0.00010,-0.00820,0.01489,0.13924,0.06725,-0.01808,-0.01433,0.01879,-0.05507,0.04866,-0.04117,-0.00947,-0.09021,-0.04545,0.03631,-0.01641,0.05201,-0.04703,0.01409,-0.00562,,0.10050,0.00670,0.00000,0.03609,-0.05111,-0.17982,-0.02704,-0.11851,0.21819,0.00224,0.04532,-0.04277,0.09856,-0.02050,0.05210,-0.02545,-0.07761,-0.06154,-0.00126,-0.00928,-0.01857
2010-03,-0.01680,0.03270,-0.00440,0.00010,0.07151,0.10271,0.01334,-0.01716,0.16160,0.11397,0.07021,0.10118,0.07788,0.05312,0.03129,0.06500,0.18681,0.03842,0.06044,0.06716,0.16942,0.06325,0.02420,,0.01718,0.08719,0.00000,0.02845,0.13627,0.12458,0.09355,0.14901,0.11690,0.02736,0.10723,0.15260,0.01537,0.08372,0.15105,0.04880,0.03448,0.17890,0.07854,0.13485,0.07108
2010-04,-0.12050,-0.00230,-0.03680,0.00010,-0.03951,0.04956,-0.01181,-0.05807,-0.08710,-0.08318,-0.08319,0.00672,0.04620,0.03237,0.05098,0.00568,-0.16512,-0.00493,-0.06311,-0.02824,0.02922,-0.10471,0.00578,,0.04831,0.00347,0.00000,-0.07169,0.01718,0.02982,0.04972,0.02046,-0.00363,-0.06396,-0.01048,-0.13240,0.04362,-0.05400,0.00498,-0.04677,-0.05000,-0.03860,-0.07535,-0.03461,-0.00076
2010-05,-0.00950,0.00020,-0.02260,0.00010,-0.07910,-0.09712,-0.03426,0.14647,-0.16655,-0.10497,-0.09898,-0.08006,-0.02267,-0.08225,-0.16023,-0.00966,-0.17606,-0.05464,-0.04516,0.01099,-0.04554,-0.16305,-0.02733,,-0.02162,-0.01059,0.00000,-0.05230,-0.04144,-0.12940,0.01308,-0.17665,0.14145,-0.05120,-0.05155,-0.12005,-0.00401,-0.01208,-0.11917,-0.06920,-0.06347,-0.10372,-0.11539,-0.12665,-0.10404
2010-06,0.11860,-0.01980,0.04890,0.00010,-0.02053,-0.01456,0.04955,0.04880,-0.09567,-0.05697,-0.04684,-0.07383,-0.02668,-0.03165,-0.01671,0.06239,-0.03141,0.05351,-0.08149,0.05469,0.05907,0.04475,0.06302,,0.01917,0.04527,0.00000,-0.08341,0.04372,0.07777,-0.02404,0.05591,0.04624,0.01051,0.02626,-0.03516,-0.00533,-0.01350,-0.10677,-0.03068,0.07114,-0.01164,-0.07855,-0.06659,-0.05214
2010-07,-0.04220,-0.00100,-0.02750,0.00010,0.05816,-0.00004,0.03487,0.07765,0.04630,0.10985,0.17735,0.01488,0.00620,0.07896,0.05729,0.01265,0.21714,-0.02624,0.08468,-0.02001,0.00098,0.07555,-0.00556,,0.02147,0.04242,0.00000,0.12496,-0.06127,0.08094,0.05186,0.11207,-0.09819,-0.10014,0.05811,0.28965,0.05672,0.07026,0.07353,0.04721,0.12356,0.21817,0.05270,0.08183,0.09694
2010-08,0.11530,0.01030,-0.00040,0.00010,-0.04182,-0.02595,-0.04990,-0.04483,-0.01560,-0.13291,-0.06337,-0.01127,-0.08653,0.01430,-0.11098,0.00257,-0.05376,-0.01475,-0.04139,-0.00219,0.00097,-0.01593,-0.02509,,-0.04044,-0.01976,0.00000,-0.00187,0.02714,-0.08959,-0.04438,-0.06353,-0.06374,0.01571,-0.05435,-0.09167,-0.06205,-0.04780,0.01155,-0.04753,-0.01717,0.00456,-0.09840,-0.06797,-0.00190
2010-09,0.04960,0.00480,0.00270,0.00010,0.06428,0.10636,0.09054,0.05356,0.04929,0.04566,0.05671,-0.01717,0.10312,0.10006,0.12362,-0.01450,0.15284,0.03467,0.07469,0.05376,0.15572,0.17410,0.05070,,0.03526,0.17250,0.00000,-0.01185,-0.00713,0.18982,0.05416,0.17732,0.06343,0.07963,0.11136,0.05152,0.04973,0.09425,0.14123,0.02536,0.09308,0.23402,0.05171,0.06195,0.08908
2010-10,-0.08010,0.01250,-0.03150,0.00010,0.03185,0.10006,0.03855,0.03225,-0.04408,0.01988,0.00728,0.00572,-0.00394,-0.01611,0.02850,0.02401,0.02704,0.03647,0.09216,-0.04934,-0.00800,-0.01202,0.02279,,0.11810,0.04647,0.00000,0.08927,0.04016,0.15954,0.02727,0.05776,0.10475,0.02670,0.09666,0.01834,-0.01765,-0.02760,0.02373,0.03280,0.04866,0.13638,0.09239,0.04379,0.02219
2010-11,0.09010,0.02350,0.01270,0.00010,-0.05819,0.10521,-0.02948,-0.08605,0.05153,-0.15443,-0.13225,-0.02921,-0.11363,-0.10121,0.02846,-0.08801,-0.19822,-0.00770,-0.10914,0.00323,0.03905,-0.13059,-0.02881,,0.06002,0.03774,0.00000,-0.09644,-0.01444,0.00420,-0.03814,0.01140,0.05948,-0.07174,0.06029,-0.17013,0.03839,-0.02155,-0.00944,-0.04431,-0.10521,-0.00039,-0.03885,-0.02814,-0.08295
2010-12,0.03660,-0.00620,0.05190,0.00010,0.05383,0.02257,0.04922,0.01043,0.16862,0.12568,0.04408,0.04928,0.07510,-0.11490,0.11546,0.03031,0.00667,0.04199,0.05088,0.00083,-0.02778,0.11091,0.01404,,0.03639,0.05349,0.00000,-0.00032,0.12056,-0.01079,0.13290,0.07727,0.09799,0.02726,0.03560,0.12645,0.06209,0.07119,0.15513,0.06258,0.10489,0.09999,0.07814,0.09062,0.07475
2011-01,0.03050,-0.01190,0.00740,0.00010,0.05275,0.00300,-0.03603,0.20700,-0.01172,0.24177,0.14682,0.05441,0.05368,0.15997,0.09922,-0.00987,0.13531,-0.06444,0.07914,0.01349,-0.01891,-0.01611,0.02070,,-0.03478,-0.07352,0.00000,0.02308,-0.01038,0.07761,-0.03615,0.09851,-0.00377,0.04232,0.01696,0.17429,-0.02521,-0.04201,0.02706,0.07730,-0.05811,0.00671,0.04390,0.03945,0.03639
2011-02,-0.00170,0.02160,-0.01740,0.00010,0.02618,0.02021,0.02828,-0.00428,0.00056,-0.01552,0.03626,-0.01485,0.15039,-0.00573,0.02375,0.10965,0.17887,0.03273,0.01381,0.05991,-0.05782,0.06419,-0.00660,,0.03332,0.00175,0.00000,0.00470,-0.04050,-0.05226,0.09963,-0.07052,-0.02348,0.00251,0.05268,0.07876,-0.00806,0.11257,0.00803,0.03968,0.04519,0.05497,0.04380,0.03157,-0.01314
2011-03,0.08110,-0.00990,-0.01000,0.00000,-0.02948,-0.06955,-0.00053,-0.02004,-0.04131,-0.03121,-0.08784,0.01134,-0.03200,-0.12198,-0.00277,0.01017,-0.08962,0.01464,-0.02128,0.01256,-0.01682,0.01327,-0.02422,,-0.03422,-0.02232,0.00000,-0.01372,-0.01362,-0.03912,-0.04258,-0.12169,-0.03258,-0.01050,0.00584,-0.10010,0.03339,-0.01659,0.05186,-0.03276,0.04907,-0.08747,-0.07931,0.01089,-0.02469
2011-04,-0.03070,0.00180,-0.02320,0.00000,0.02951,-0.05378,0.06527,0.01704,-0.02684,0.02747,0.03526,-0.00797,-0.00171,0.02465,0.07939,0.13540,-0.02936,0.07289,-0.03913,0.07863,0.11650,-0.03142,0.04148,,0.05025,0.08550,0.00000,0.00158,0.02974,0.09971,-0.03323,0.05460,0.05052,0.07933,-0.01078,-0.01505,0.02096,0.16509,0.01209,0.00617,0.03337,0.04471,0.02803,0.02279,0.05136
2011-05,-0.02060,-0.01400,0.00260,0.00000,-0.02434,0.06067,-0.03354,0.09526,-0.06703,-0.02046,0.01479,-0.04507,-0.03031,-0.03843,-0.01522,-0.03754,-0.05516,0.03023,-0.07475,-0.00442,0.00166,0.06957,0.02126,,-0.04768,-0.00289,0.00000,0.00410,0.03375,-0.04077,-0.00157,-0.04181,0.07824,0.03034,-0.03940,-0.08680,0.01692,0.06684,-0.01864,-0.07381,-0.00791,0.02384,-0.06872,-0.00588,-0.08449
2011-06,-0.03330,0.00410,-0.04010,0.00000,-0.00617,-0.03096,0.02393,0.00874,0.03538,0.05593,-0.01826,-0.05561,0.01827,-0.07992,-0.02765,0.03547,-0.02354,0.00981,-0.01272,-0.00604,0.01530,-0.04061,0.02436,,-0.01073,0.02647,0.00000,-0.07767,-0.03108,0.04964,0.00654,0.03716,0.04248,0.00763,0.00524,-0.00776,0.01047,0.02551,-0.01084,-0.00375,0.01755,0.06951,-0.07403,-0.01483,-0.01134
2011-07,-0.10110,0.00660,-0.03700,0.00010,-0.07808,-0.00211,-0.02924,0.04853,-0.09127,-0.16337,-0.14588,-0.12947,-0.14913,-0.16733,-0.09529,-0.13019,-0.16895,-0.03207,-0.09530,-0.00036,0.05049,-0.08308,-0.06197,,-0.06645,0.03102,0.00000,-0.01534,0.01692,-0.14027,-0.07685,-0.08854,-0.01426,-0.02074,-0.12196,-0.15115,-0.01406,-0.01549,0.03287,-0.05266,-0.02540,-0.08942,-0.18740,-0.08264,-0.12881
2011-08,-0.11600,-0.01020,-0.01870,0.00000,-0.11291,-0.18590,-0.05659,-0.08740,-0.29489,-0.14722,-0.21104,0.01269,-0.17804,-0.09903,-0.13280,-0.13075,-0.20852,-0.04488,-0.03833,-0.04525,-0.10078,-0.07567,-0.09785,,0.01955,-0.07816,0.00000,-0.07895,-0.09578,-0.19631,-0.07776,-0.23950,-0.06907,-0.06686,-0.07958,-0.32748,-0.02777,-0.18580,-0.11001,-0.10019,-0.03121,-0.14194,-0.26700,-0.10230,0.01556
2011-09,0.10970,-0.03390,-0.01340,0.00000,-0.08438,-0.19561,-0.02806,-0.03985,-0.21431,-0.11449,-0.16225,-0.06698,-0.11148,-0.07651,-0.17597,-0.11336,-0.23325,-0.02870,0.02209,0.01143,-0.16017,-0.12290,-0.03180,,-0.14867,-0.15515,0.00000,-0.07519,-0.05872,-0.24215,-0.04048,-0.11538,-0.14265,-0.02586,-0.12846,-0.14384,-0.04313,-0.16872,-0.10933,-0.02236,-0.10628,-0.13416,-0.04445,-0.10873,-0.09608
2011-10,-0.04840,-0.02590,-0.03370,0.00000,0.08749,0.17891,0.06558,0.00778,0.24421,0.18889,0.09318,0.08923,0.10416,0.12194,0.16696,0.16523,0.08528,0.08874,-0.08578,-0.02945,0.15890,0.06876,0.08763,,0.09050,0.20672,0.00000,0.06016,0.14737,-0.01794,0.11541,0.21440,0.02158,0.05289,0.05127,0.05500,0.05496,0.04324,0.13530,0.13781,0.07395,0.14725,-0.07182,0.10117,0.05967
2011-11,-0.02200,-0.00960,-0.00970,0.00000,-0.02720,-0.12860,0.00224,0.03861,-0.07186,-0.08921,-0.10289,-0.10733,0.01353,0.02704,-0.06782,-0.10440,-0.16244,-0.02495,0.01316,0.01355,-0.01506,-0.04886,0.00639,,-0.06565,-0.03035,0.00000,-0.01840,0.03763,-0.12819,0.01185,-0.08852,-0.07351,0.00250,-0.01524,-0.14313,0.03078,-0.05954,0.02808,0.01375,-0.04325,-0.10317,-0.07961,-0.07269,0.05354
2011-12,0.05670,0.02790,0.00830,0.00000,0.00165,-0.05386,0.01735,0.08808,0.01290,-0.06297,0.02986,0.00412,-0.14059,-0.10810,-0.05541,-0.03190,-0.08288,-0.00968,0.01612,0.02711,-0.00495,0.02464,0.00473,,0.03628,-0.06175,0.00000,-0.05195,0.02313,-0.12500,0.00268,-0.03423,0.05814,0.08946,-0.03143,-0.04840,0.02875,-0.08613,0.02788,0.03039,0.00470,-0.06286,-0.10447,0.01979,-0.01168
2012-01,0.06410,0.01410,-0.00280,0.00000,0.04391,0.18611,0.00659,0.06335,0.08882,0.15530,0.06656,-0.02423,0.15593,-0.00937,0.14681,0.14505,0.08050,-0.02852,-0.01752,0.02658,0.08721,0.04152,0.00756,,0.06117,0.12980,0.00000,-0.05521,0.02414,0.16391,0.08201,0.21511,0.02650,-0.00493,0.16716,0.18367,0.02290,0.18426,-0.01239,0.02291,0.05688,0.16851,0.02586,0.05036,-0.05437
2012-02,0.00020,0.00710,-0.01650,0.00000,0.04666,0.13646,0.01361,0.06172,0.02860,0.04308,0.13176,0.00526,0.18488,0.07851,0.04762,-0.01033,0.02038,0.07619,-0.06169,0.06714,0.06068,0.03855,0.05288,,0.03337,0.02184,0.00000,-0.00087,0.05818,0.06740,0.06773,0.22033,0.05605,-0.01700,0.07435,0.19077,0.01815,0.22510,0.14236,0.03923,-0.01226,0.12540,0.05721,0.10223,0.00750
2012-03,-0.02230,0.01290,-0.04200,0.00000,-0.00830,0.01402,0.02492,0.12617,-0.09447,0.02685,-0.02893,-0.03978,0.01482,-0.04490,-0.06047,0.07863,-0.03058,0.02993,-0.00514,0.11831,0.01097,0.09060,0.08036,,0.01248,0.02019,0.00000,-0.03055,0.00953,-0.08033,0.00657,-0.00541,0.09541,0.04900,-0.03960,-0.09423,0.06560,-0.03887,0.07812,-0.08931,0.03414,-0.02637,0.35384,0.00038,-0.14640
2012-04,-0.12310,0.00140,-0.02500,0.00010,-0.06163,-0.02521,-0.02791,-0.02866,-0.08828,-0.13918,-0.14687,-0.10510,-0.12128,-0.15577,-0.05495,0.01057,-0.16674,0.01625,-0.10222,-0.00434,-0.02054,-0.08000,-0.01730,,-0.07575,-0.02872,0.00000,-0.06934,0.00013,-0.24886,-0.05746,-0.13156,0.01615,-0.00979,-0.05266,-0.18689,-0.02274,0.03560,-0.03283,-0.05675,-0.05835,-0.05646,-0.11017,-0.10486,0.01490
2012-05,0.07130,-0.04650,0.03070,0.00000,-0.06094,-0.08086,-0.00981,-0.09237,-0.14466,-0.15131,-0.15239,-0.04922,-0.07596,-0.08105,-0.09559,-0.16253,-0.25522,-0.02371,-0.08137,0.03817,-0.08983,0.04724,0.00033,,-0.04588,-0.04594,0.00000,-0.01693,0.00752,-0.12062,-0.03978,-0.01282,-0.00804,-0.04613,-0.07197,-0.10078,-0.02427,-0.07821,-0.13719,-0.03618,-0.05382,-0.07857,-0.16530,-0.07700,-0.03363
2012-06,0.00560,-0.01210,-0.02570,0.00000,0.05954,0.02898,0.02950,0.03214,0.08367,0.15406,0.17920,0.08662,0.06422,0.04303,0.01677,0.08952,0.20021,-0.05541,0.17402,0.06109,-0.02391,0.03393,0.01452,,0.09967,0.00377,0.00000,0.02116,0.06658,-0.02796,-0.03635,-0.07216,0.05131,0.08618,0.01532,0.14633,0.04600,-0.08213,0.11179,0.02114,0.08608,-0.04958,0.08099,0.13868,0.12021
2012-07,0.04510,-0.00210,0.03380,0.00010,0.02972,0.09664,0.01033,0.04724,0.07886,-0.05057,-0.00544,-0.03184,0.02621,0.00275,-0.15601,0.07653,0.00576,0.00949,-0.03039,-0.03356,0.08686,0.02394,0.05833,,-0.02373,0.02253,0.00000,0.04964,0.03857,-0.18315,0.11248,0.13200,-0.05497,0.11265,0.05260,-0.02173,0.00049,0.08743,0.04552,0.05930,0.07788,0.07587,-0.08103,-0.06076,0.05673
2012-08,0.03490,0.01480,0.02330,0.00010,0.03688,-0.06854,0.02825,0.03623,-0.09261,0.15678,0.14534,-0.03654,-0.01798,0.14261,0.11055,0.02941,0.32856,0.00141,0.07644,-0.02047,0.01803,-0.03243,0.00123,,0.05188,0.05916,0.00000,0.00964,-0.02103,-0.05021,0.02892,0.04425,0.00942,-0.02136,0.09081,0.16880,0.02344,0.05474,-0.02264,0.05584,0.03676,0.07581,-0.08272,0.00116,0.00841
2012-09,0.01670,-0.00770,0.02060,0.00010,-0.01707,0.02955,0.03100,-0.18651,-0.05863,0.00695,0.07018,-0.03919,0.12660,-0.03150,0.00220,0.06854,0.15783,-0.03310,-0.11111,0.05015,-0.03865,0.06352,-0.01514,,0.06752,-0.09861,0.00000,-0.14616,0.01914,0.02244,0.05537,-0.01736,0.00467,0.01998,-0.08275,0.04988,-0.06808,0.00953,0.03308,-0.02783,-0.04348,-0.04268,-0.00238,-0.04178,-0.02662
2012-10,0.02280,-0.02380,-0.00550,0.00010,0.02219,-0.07263,-0.05651,0.11129,0.02419,0.05824,0.04949,-0.02342,-0.01503,0.15489,-0.00530,0.08694,0.08156,-0.01012,0.01753,-0.04556,0.13610,0.04819,0.02088,,0.01330,0.07179,0.00000,-0.08372,-0.04902,-0.19740,-0.04558,-0.05504,0.09684,0.02216,0.04733,0.10973,0.01331,0.02998,0.00451,0.00570,0.12089,-0.05833,-0.09040,0.03017,0.04020
2012-11,0.03380,0.02280,0.03090,0.00010,0.03733,0.06107,0.03198,-0.05545,0.02231,0.03017,0.10654,0.02317,0.00370,0.01851,0.12836,0.07923,0.00362,0.02847,-0.02316,0.06758,0.05713,0.03059,0.06187,,0.04778,0.07576,0.00000,-0.05382,0.04854,-0.04437,0.04643,0.11431,0.02590,0.01239,0.12035,0.13374,0.04581,0.12333,0.02785,-0.00889,0.03796,0.07522,0.09467,-0.00644,0.04656
2012-12,0.06220,0.00380,0.04340,0.00000,0.02355,0.04522,0.01214,0.13944,0.10697,0.05659,-0.00838,0.17988,0.00952,0.01896,0.05020,0.00112,0.04375,0.02317,-0.09945,0.02384,-0.01778,0.01832,0.00527,,0.02360,0.02891,0.00000,0.02457,0.00436,0.15985,0.04035,0.05799,0.03509,0.03976,0.01462,0.01924,0.02625,0.04942,-0.02777,0.01391,0.00831,0.03251,0.09510,0.05999,0.02603
2013-01,-0.02490,0.02100,-0.03230,0.00000,0.02514,0.07698,-0.00957,0.17305,-0.02474,0.02172,0.08512,-0.06652,0.08049,0.08452,-0.05742,-0.04274,0.19658,0.02274,-0.02986,-0.01223,0.12460,-0.03231,0.04290,,0.04863,0.00036,0.00000,0.00276,0.05444,0.04990,0.06641,0.09168,0.03743,0.00658,0.02316,0.17414,0.02919,0.05898,-0.08038,0.02358,-0.04342,0.05487,0.03725,0.04352,-0.06844
2013-02,-0.00530,-0.00480,-0.04350,0.00000,-0.00257,-0.03896,-0.00999,0.13221,-0.08720,-0.02456,-0.06719,0.03491,0.06168,-0.00477,0.00609,-0.00131,-0.01099,0.04212,-0.04169,0.05274,0.08396,0.08348,0.04707,,0.05355,-0.05005,0.00000,-0.11277,0.07798,0.00940,0.04901,0.09456,0.03741,0.01002,0.05027,-0.11615,0.08173,-0.05484,0.03882,-0.04095,0.01580,0.09018,0.01495,-0.05530,0.02090
2013-03,0.04170,-0.01620,0.03540,0.00000,0.00226,-0.01918,0.01695,0.01327,-0.12723,0.00789,-0.07111,-0.02218,-0.05823,0.02275,-0.05351,-0.04661,-0.10750,0.02049,0.03729,0.09741,-0.00175,-0.02637,0.07988,,-0.03393,0.01516,0.00000,0.06349,-0.02193,-0.02553,0.03339,0.00535,-0.00812,0.09217,-0.03259,-0.12853,0.02481,-0.03472,-0.03592,-0.02455,0.02771,-0.02461,0.02075,-0.00860,-0.00031
2013-04,0.01060,0.01030,0.02860,0.00000,0.03359,-0.07380,0.01414,0.01020,-0.07542,0.06003,0.05669,0.00142,-0.01620,0.05362,0.05308,-0.01716,0.08170,0.06872,0.08522,-0.01510,-0.02538,0.05074,0.09458,,0.04012,-0.01792,0.00000,0.02966,-0.03302,0.07611,0.00975,0.07049,0.07171,0.04983,0.01579,0.07608,-0.12779,0.05348,0.01900,0.02449,0.09246,0.04465,0.06373,0.04026,0.06733
2013-05,-0.04650,0.02320,-0.02410,0.00000,0.02381,0.10359,0.03360,0.10834,0.06543,0.09954,0.07126,-0.02902,0.08146,0.01400,0.10130,0.05692,0.04978,-0.02189,-0.03374,-0.00363,0.00688,0.03106,-0.03730,,0.07517,0.03916,0.00000,-0.03459,-0.01394,0.12286,0.04638,0.14220,0.10204,-0.00853,0.05941,0.11893,0.03548,0.00180,0.05436,0.00823,-0.04660,0.17347,-0.08189,0.08575,-0.11802
2013-06,0.07450,-0.01770,0.02570,0.00000,-0.05310,-0.02401,-0.04509,-0.07615,-0.13394,-0.03423,-0.07391,-0.04690,-0.01112,-0.07385,-0.07275,0.01357,-0.09511,0.01621,-0.04476,-0.03982,-0.05710,-0.08795,-0.03145,,-0.06321,-0.08891,0.00000,-0.07331,-0.08091,-0.07353,-0.01031,-0.13487,-0.02360,-0.03503,-0.09146,-0.14452,-0.02528,-0.09686,-0.09217,-0.02799,-0.05416,-0.06696,-0.09024,-0.02872,-0.04087
2013-07,-0.00700,0.02810,0.00680,0.00000,0.06788,0.04901,0.05175,0.09302,0.15430,0.09805,0.15867,0.12035,0.10174,0.09181,0.12058,0.09869,0.08708,0.03018,0.04819,0.02887,0.10215,0.07629,-0.00238,,0.09287,0.09759,0.00000,0.01665,0.05059,0.51779,0.10859,0.14449,0.10006,0.00691,0.07321,0.14451,0.07281,0.01092,0.06333,0.06919,0.01760,0.23475,0.15376,0.05278,0.10378
2013-08,0.07030,0.00150,0.01150,0.00000,-0.01475,0.00864,-0.00271,-0.02852,-0.01859,-0.00543,-0.02508,0.07715,0.00705,0.02666,0.01406,-0.04094,0.06506,-0.05152,0.03995,-0.02866,-0.00697,-0.07917,0.00238,,-0.01476,-0.03000,0.00000,0.03884,-0.01855,0.11979,-0.07124,-0.08602,-0.04814,-0.09330,-0.03193,0.09598,-0.02753,0.03536,0.06088,0.04526,-0.06615,-0.04445,0.15568,-0.03745,-0.04452
2013-09,0.04490,-0.00190,0.04480,0.00000,0.05330,0.07464,0.03457,0.08004,0.04602,0.03882,0.05452,0.13987,0.06105,0.07135,0.03580,0.13234,0.06619,-0.01242,0.13232,-0.02681,-0.03072,0.06798,0.00554,,0.06879,0.09845,0.00000,0.20753,0.04497,0.13023,0.04439,0.08968,0.08378,0.03137,0.07962,0.11218,0.03295,0.05171,-0.01375,0.02338,0.07819,0.10795,0.08323,0.09982,0.10818
2013-10,0.01320,0.00890,-0.00510,0.00000,0.03776,0.07401,-0.02574,0.07464,0.14518,0.07445,0.09080,0.06728,0.10189,0.06325,0.05846,-0.06039,0.09152,-0.01833,-0.01239,-0.00503,0.01026,0.03214,-0.00630,,0.01987,-0.02610,0.00000,0.09073,-0.03584,-0.20115,0.04437,0.09469,0.03382,0.04762,-0.00736,0.13549,0.03654,0.04014,-0.11107,0.05525,0.05234,0.15890,-0.00040,0.09949,0.09938
2013-11,0.02360,0.00560,-0.00200,0.00000,-0.00109,-0.02196,0.02293,0.03260,0.08982,0.04810,0.01302,-0.03578,-0.00929,0.07339,0.01019,0.03804,0.03743,-0.02087,-0.06925,-0.02389,-0.02450,0.03295,-0.02378,,-0.02881,-0.02151,0.00000,-0.04896,-0.05729,0.20441,0.05909,0.01209,0.02931,-0.00891,0.00419,0.01231,0.03427,-0.02775,-0.04498,-0.01480,-0.00285,0.06986,-0.05547,0.00169,0.00000
2013-12,-0.03020,0.03600,0.02460,0.00000,0.00017,0.06225,0.00195,0.06793,0.02287,0.04796,0.02534,-0.01225,0.02354,-0.00518,0.02133,-0.03377,0.00813,-0.02169,0.00146,0.00091,-0.05881,-0.01419,0.03695,,-0.01391,-0.04432,0.00000,-0.06396,-0.00743,-0.19264,0.02229,-0.10476,0.04241,-0.00925,0.01749,-0.00272,-0.00406,0.02587,-0.05185,-0.00146,-0.03222,0.02773,-0.00545,0.00835,0.02461
2014-01,0.07340,0.00480,0.00440,0.00000,-0.03031,0.03163,-0.09339,-0.05734,-0.05012,-0.03513,0.01412,0.03538,0.02931,-0.11298,-0.02527,0.01385,0.07329,-0.06336,-0.04153,-0.03558,-0.03645,-0.04468,-0.04464,,-0.01685,-0.00339,0.00000,0.01956,-0.03828,0.20735,-0.01098,0.10796,0.04455,-0.05602,-0.05536,-0.00332,-0.00747,-0.09826,-0.09462,-0.04918,-0.04054,0.03059,-0.01645,0.01771,0.04098
2014-02,-0.00520,0.00310,0.01790,0.00000,0.05818,0.04635,0.07039,0.01483,-0.06940,-0.02872,0.03499,0.02888,0.12181,0.04559,0.11639,0.13087,0.15350,0.04438,0.13457,0.01516,0.00371,0.02672,0.00615,,0.14079,0.02043,0.00000,-0.01166,0.07094,0.12769,0.04591,0.11504,-0.03317,0.03475,0.08115,0.14960,0.05760,0.08390,0.12553,0.11077,0.06827,0.22391,0.17581,0.11459,0.03887
2014-03,0.01780,-0.02140,0.00410,0.00000,-0.00376,0.00378,-0.01443,-0.02622,0.02006,-0.00396,-0.05836,0.03646,-0.03138,0.05146,0.00805,0.02495,-0.00651,0.00293,0.06832,-0.03251,-0.00370,-0.01695,-0.02485,,0.00367,-0.02151,0.00000,0.18205,-0.00926,0.06576,-0.04680,-0.02313,-0.01411,0.00465,-0.00618,-0.07587,-0.01514,0.01379,0.05225,0.01212,-0.01257,0.00789,0.04741,-0.00406,-0.02390
2014-04,0.00750,-0.00670,-0.00520,0.00000,0.02184,-0.05180,0.04862,-0.04809,0.00086,-0.00477,-0.03358,0.07069,-0.07352,-0.00231,0.00388,-0.03062,-0.00786,0.03565,-0.08484,0.05314,0.07666,0.01740,0.03592,,0.03116,0.07427,0.00000,0.08909,0.02379,-0.06864,-0.06374,-0.00553,-0.03669,0.03092,0.04973,0.00213,0.02062,0.02413,0.08263,0.08151,0.03156,-0.03433,-0.06407,0.00798,-0.04352
2014-05,-0.00110,0.00080,-0.01540,0.00000,0.00717,0.10145,0.03637,0.06304,-0.04314,-0.03542,-0.05064,0.05059,0.04773,-0.04852,-0.05055,0.02727,0.00793,0.02765,0.12710,-0.00039,0.01694,0.07777,0.03226,,-0.00140,0.02963,0.00000,0.05054,0.03976,-0.01611,0.03062,-0.01554,0.02766,0.00538,0.02265,-0.05658,0.01467,0.01671,-0.02861,0.00000,0.05477,-0.00243,0.04315,-0.00074,-0.00517
2014-06,-0.04100,-0.00400,0.00070,0.00000,-0.02140,-0.02125,0.01507,-0.06976,-0.03304,-0.03617,-0.03553,-0.10762,-0.02325,0.01012,-0.01412,-0.03473,-0.10004,-0.00714,-0.01855,0.00506,-0.01203,0.04492,-0.01680,,-0.03769,-0.03529,0.00000,-0.06033,-0.02501,0.03998,-0.02118,-0.04387,-0.03957,-0.01096,-0.00478,-0.09488,-0.00368,0.05942,0.01409,0.02525,0.03584,-0.00416,-0.00749,0.00552,-0.02013
2014-07,-0.00030,-0.00860,-0.00910,0.00000,-0.03995,-0.04712,-0.03631,-0.11402,0.04986,-0.01518,-0.00091,-0.02846,0.04088,-0.04120,-0.11601,-0.05959,-0.01748,-0.00277,-0.04253,-0.05784,-0.00125,-0.04998,0.00437,,-0.07340,-0.08665,0.00000,0.01952,-0.04561,0.03844,-0.12254,-0.05543,-0.08198,0.01341,-0.08044,-0.01830,-0.05143,-0.03858,-0.13694,-0.08886,-0.05554,-0.08523,-0.04923,-0.05458,0.05036
2014-08,-0.03790,-0.02270,-0.00380,0.00000,0.03177,0.02155,0.02336,0.07945,-0.02595,0.09657,0.03798,-0.05385,-0.00221,0.02149,0.06054,0.02547,0.11512,-0.01756,-0.02623,0.10621,0.00813,0.02531,-0.00316,,0.01606,0.02683,0.00000,-0.01957,0.07216,-0.04639,0.04324,-0.04473,0.13646,0.06207,0.01740,0.02663,0.00617,-0.00910,0.02248,0.04367,0.01869,0.02496,0.05631,-0.03623,0.05461
2014-09,-0.02700,-0.01120,-0.03170,0.00000,0.00803,-0.05043,-0.00689,0.06442,-0.01580,0.03501,0.02219,-0.08126,0.05027,-0.07296,-0.06200,-0.11254,0.05848,-0.00263,0.05948,0.07706,-0.00992,-0.04359,-0.00238,,-0.02080,-0.02537,0.00000,0.03342,-0.00111,-0.05005,-0.04109,-0.03743,0.02997,0.07257,-0.05473,0.04837,0.03348,0.01795,-0.05518,0.02510,-0.00342,-0.04197,0.00036,-0.07528,-0.03410
2014-10,0.02100,-0.01360,-0.01770,0.00000,-0.04147,-0.04571,-0.00331,-0.04456,-0.04220,-0.05638,-0.04532,0.07345,-0.07690,-0.04456,-0.05492,-0.07351,-0.01256,0.02302,-0.02543,0.01334,-0.03570,-0.00490,-0.00477,,0.04236,0.05167,0.00000,0.06804,0.01328,-0.06864,0.01655,0.03278,-0.01713,-0.17753,0.03421,-0.04960,-0.00787,-0.10829,-0.13346,-0.07833,0.00368,0.01385,-0.04614,-0.01152,0.01857
2014-11,-0.03710,0.02250,-0.02270,0.00000,0.03711,0.13205,0.05143,0.02931,-0.05508,0.05459,0.02832,0.09819,0.12333,0.08879,0.07870,0.06880,-0.04154,0.04666,0.02377,0.02497,0.07892,0.04609,0.09672,,-0.01805,0.06760,0.00000,0.11404,0.04932,0.08903,0.06857,0.08931,0.03030,0.05702,0.04326,0.03840,0.05529,0.01656,-0.09390,-0.05124,0.03937,0.10769,0.09974,-0.04398,0.05160
2014-12,-0.00320,-0.01530,-0.03320,0.00000,-0.02675,-0.01568,0.01630,-0.15604,-0.07876,-0.01082,-0.04461,-0.00909,0.00933,-0.00570,-0.04629,0.01785,-0.04821,-0.04053,-0.01943,0.02636,-0.03974,-0.00998,0.01531,,0.03273,0.01553,0.00000,-0.00106,-0.03200,-0.00777,0.00982,-0.06184,-0.01499,-0.02826,-0.07607,-0.12284,0.00185,0.01719,-0.05516,-0.05490,0.00165,0.04699,0.00614,0.04681,0.01025
2015-01,0.06220,0.00980,0.01690,0.00000,0.07758,0.18706,0.08896,0.14148,-0.06877,0.08592,-0.05045,0.05587,0.08557,0.10059,0.07664,0.15225,-0.01812,0.09403,0.01518,0.06895,0.12476,0.17017,0.14178,,0.09542,0.08507,0.00000,0.10389,0.15543,0.25783,0.11385,0.12688,0.15493,0.08380,0.10543,0.02415,0.08441,0.07740,0.05535,0.07008,0.17501,0.21284,0.10166,0.02922,0.01667
2015-02,-0.02260,-0.00380,-0.00270,0.00000,0.07542,0.05640,0.05446,0.17225,0.15444,0.08799,0.11363,0.11925,0.11925,0.06177,0.06077,-0.00865,0.18978,0.04633,0.00760,0.05431,0.01449,0.04497,0.02012,,0.03564,0.14216,0.00000,0.04353,-0.00610,0.16414,0.09694,0.25861,0.06268,0.06951,0.07433,0.15292,0.02190,0.09661,0.11640,0.06011,0.02999,0.07043,0.07044,0.13194,0.03708
2015-03,0.04780,0.02240,0.00210,0.00000,0.01659,0.03748,0.01439,0.09235,-0.10184,0.03372,0.08600,0.03133,0.05673,0.05158,0.01640,0.07711,0.08791,0.00465,-0.07396,0.02250,-0.00110,0.04578,0.05609,,0.01903,0.00153,0.00000,-0.08190,0.03964,0.04176,-0.01427,-0.01258,0.03339,0.04823,0.00514,0.08847,0.00811,0.01318,-0.03178,-0.04063,-0.02543,0.03383,0.01236,0.00396,0.06005
2015-04,-0.00140,0.01640,-0.02610,0.00000,0.00255,0.00844,-0.02504,0.02581,0.08456,-0.03581,-0.00230,0.01067,0.04098,-0.00965,-0.00477,0.07623,0.01682,0.03018,-0.01087,0.01826,-0.09213,-0.05231,-0.00525,,0.02582,-0.04599,0.00000,-0.01504,0.00772,0.08403,0.04218,0.11006,0.00385,-0.00794,-0.07616,-0.00589,-0.00518,-0.02192,0.07983,0.04776,-0.01812,0.03056,0.07408,0.02987,-0.03070
2015-05,-0.02830,0.02040,0.00100,0.00000,-0.00765,0.01847,0.00428,0.00000,0.01902,0.01327,-0.02675,-0.02924,-0.00604,0.00373,0.04251,-0.02107,-0.02229,-0.03069,0.00934,0.02207,-0.03090,-0.06582,0.00880,,-0.00775,0.03544,0.00000,-0.02578,0.01396,0.12426,-0.02738,0.00457,-0.01287,-0.02248,0.02902,-0.04876,0.03975,-0.04255,-0.01281,-0.05177,-0.05132,0.01431,-0.00026,-0.01350,0.03458
2015-06,0.02390,-0.00770,-0.02610,0.00000,-0.04347,-0.09269,-0.03282,-0.06129,-0.09951,-0.01244,-0.01420,-0.06457,0.00443,-0.07070,-0.05091,-0.03669,-0.01876,-0.07261,-0.09442,-0.03734,0.00125,-0.02460,-0.06950,,-0.01717,-0.03084,0.00000,-0.03830,-0.07952,-0.02921,-0.08914,-0.01174,-0.05620,-0.01021,-0.09959,-0.01540,-0.09296,-0.02063,-0.07605,-0.05231,-0.03058,-0.02752,-0.03304,-0.04068,-0.02436
2015-07,-0.06030,0.03750,-0.00860,0.00000,0.06104,-0.01314,0.04495,0.10997,-0.05416,0.06054,0.09529,-0.00358,0.09676,0.08827,0.07189,-0.05096,0.07534,0.06380,0.05078,0.08972,0.09647,0.05044,0.06469,,0.11299,0.08622,0.00000,0.08146,0.05261,-0.01084,0.03951,-0.10319,0.13275,0.11027,0.02680,0.06998,-0.00376,-0.01337,-0.06664,0.03454,0.06881,-0.14043,0.11126,0.12567,0.05790
2015-08,-0.04280,0.01140,-0.03620,0.00000,-0.08454,-0.05361,-0.09869,-0.10077,-0.15993,-0.06354,-0.05126,0.01571,-0.07961,-0.07279,-0.05097,-0.03262,-0.15755,-0.10212,-0.08579,-0.08748,-0.13013,-0.05369,-0.10361,-0.10181,-0.08243,-0.12917,0.00000,-0.05658,-0.14241,-0.15593,-0.07862,-0.11566,0.01104,-0.10003,-0.11417,-0.03002,-0.07577,-0.13840,-0.06291,-0.09473,-0.04560,-0.07819,-0.03813,-0.01695,-0.07896
2015-09,0.06190,-0.02940,-0.00870,0.00000,-0.04248,-0.01230,-0.01123,-0.08917,-0.32858,-0.03737,-0.06771,-0.06511,-0.00624,-0.08765,-0.05505,-0.05644,-0.15143,0.01860,-0.09665,0.02350,-0.04419,0.03238,0.01539,-0.13575,-0.07768,0.02388,0.00000,-0.04045,-0.03571,-0.12630,-0.03999,-0.13619,-0.03332,-0.03720,-0.11220,-0.08296,-0.05648,-0.13041,-0.13169,-0.01483,0.00022,0.07812,0.04501,-0.01219,-0.04151
2015-10,-0.01480,0.00390,-0.02590,0.00000,0.09929,0.08333,0.11595,0.19751,0.08886,0.12434,0.05337,0.08620,0.01771,0.12216,-0.01369,0.11275,0.12335,0.12389,0.10492,0.09826,0.15445,0.06631,0.07094,0.10210,0.05281,0.11432,0.00000,0.18602,0.18873,0.19101,-0.03149,0.33953,0.02689,0.08199,0.10138,0.06173,0.09419,0.12695,0.12665,0.09813,0.09857,0.16522,0.03647,0.08235,0.03715
2015-11,-0.01870,0.03760,-0.01340,0.00010,0.01224,-0.11715,-0.02036,0.08018,-0.08496,0.05283,0.01538,0.03380,0.07763,-0.01651,0.09560,0.04746,-0.00868,0.04605,0.03353,0.03303,-0.02966,-0.00498,0.00933,-0.01129,0.11494,-0.06397,-0.38559,0.02027,0.00466,0.05523,0.01118,0.11408,0.01114,-0.08133,0.08932,0.06783,0.15549,0.06080,0.04431,0.06467,-0.04329,0.04158,0.07155,0.00293,-0.09058
2015-12,-0.06430,-0.00810,-0.01420,0.00010,-0.06466,0.00163,-0.10260,-0.09410,-0.16049,-0.01484,-0.06915,0.02568,-0.01970,-0.08670,-0.04733,-0.07376,-0.04729,-0.06106,-0.01001,-0.06880,-0.03424,-0.04586,-0.07339,-0.08031,-0.06250,-0.08724,-0.03372,-0.05348,-0.02321,-0.04169,0.02780,-0.03015,-0.09316,-0.06850,-0.12400,-0.05777,-0.03655,-0.03961,-0.07811,-0.12202,-0.03579,-0.02729,-0.03636,-0.03931,-0.00351
2016-01,-0.01710,0.01430,0.00350,0.00020,-0.04745,-0.12511,-0.08133,-0.06742,-0.10726,-0.09750,-0.16284,-0.01313,-0.01776,-0.01576,-0.04806,-0.04369,-0.15478,0.01879,-0.09985,-0.00608,-0.01836,-0.02659,0.01449,-0.16610,-0.02835,0.02277,0.00152,0.05457,0.02614,-0.15705,-0.09954,-0.15870,-0.05855,-0.02608,-0.06564,-0.17360,0.00022,-0.22696,-0.06330,-0.00836,-0.01024,-0.16205,0.01509,0.05546,0.00856
2016-02,0.06720,0.01680,0.01230,0.00020,-0.01437,0.11857,0.01008,0.03390,0.02759,-0.10870,-0.01658,0.00000,-0.08777,-0.06996,-0.05707,-0.00785,0.04241,0.01229,-0.02790,-0.04110,0.03644,-0.03734,-0.00984,-0.05916,-0.09474,0.03779,-0.15333,-0.01929,-0.09115,0.01611,0.03420,0.07969,-0.03939,-0.04389,0.11525,-0.07831,0.03893,0.12354,0.06804,0.01112,-0.00970,0.06990,-0.05880,0.02243,-0.04493
2016-03,0.02380,-0.00580,0.03270,0.00010,0.00724,-0.04879,0.02818,-0.02392,0.43388,0.01946,0.02860,-0.00596,0.07666,-0.00881,0.08275,0.07830,-0.00709,-0.02678,-0.04515,-0.01003,-0.02240,0.09607,0.00929,0.12618,0.07253,-0.02146,-0.06926,-0.03871,-0.00112,0.08501,0.07960,0.03779,0.07276,-0.03183,0.01406,0.00170,0.01142,0.03111,0.06458,-0.03178,0.05245,0.07042,0.01340,0.02585,-0.03398
2016-04,-0.00380,0.01500,-0.02880,0.00010,0.01001,0.03880,0.00111,-0.06410,0.24075,0.06404,0.04544,-0.18773,-0.01271,0.02337,0.03266,0.01357,0.01481,-0.02144,0.05572,0.04146,-0.04742,-0.02435,0.00635,0.06601,0.01005,-0.03588,-0.01346,-0.05943,-0.03796,-0.06673,0.04732,-0.03481,-0.02131,0.01764,0.02341,0.05450,-0.06914,0.00125,0.04927,0.09661,-0.03226,0.01206,0.01346,-0.00351,-0.09307
2016-05,-0.05010,-0.02290,-0.01600,0.00020,0.01731,0.01086,-0.02495,0.02582,-0.10381,0.02566,0.07623,0.00275,0.05115,-0.01596,0.00313,0.00208,-0.06564,0.03122,-0.03854,0.03804,-0.03007,0.00085,0.06595,-0.08408,-0.00613,-0.00724,-0.00058,0.07838,0.03850,0.00640,0.00665,0.00071,0.04703,0.02191,0.02234,0.08000,0.07189,0.03331,-0.03473,-0.00580,0.03376,-0.02022,-0.05943,0.03602,0.06384
2016-06,0.04430,0.01480,0.00300,0.00020,-0.05951,-0.11290,-0.02559,-0.07658,-0.07443,-0.21147,-0.20115,-0.11199,-0.08751,-0.08789,-0.14369,-0.06711,-0.16233,0.00523,0.04803,0.01278,0.00207,-0.03065,0.01835,-0.07952,-0.06321,-0.05588,-0.00800,-0.06148,0.02237,-0.23542,-0.06963,-0.18852,-0.03302,0.01669,-0.08690,-0.23736,0.02359,-0.08575,-0.01054,-0.00675,-0.03411,-0.11249,-0.03518,-0.05770,-0.05216
2016-07,0.00780,0.01650,0.02020,0.00020,0.04775,0.07884,0.01414,0.01740,0.40528,0.02387,0.11571,0.02044,0.09910,0.00878,0.10319,0.07311,0.04762,0.08626,0.01482,-0.03618,0.16810,0.07465,-0.01017,0.14933,0.06564,0.12794,0.00963,-0.06585,0.02098,0.24919,0.10028,0.14334,-0.00197,0.01642,0.10290,0.08313,0.08258,0.11310,0.02274,-0.01429,0.05350,0.14378,0.02003,0.06594,0.04053
2016-08,0.00950,0.00840,-0.00190,0.00020,-0.00036,-0.09566,0.03082,-0.00646,-0.07967,0.03236,0.02818,0.07445,0.01617,0.00736,0.03747,0.04221,0.07197,-0.01118,-0.02954,-0.00611,0.00029,-0.01903,-0.00529,0.11316,0.08835,-0.01108,-0.01791,0.00000,0.00685,-0.02110,-0.00075,-0.06313,0.03092,-0.09297,0.04392,0.06840,-0.00859,0.06034,0.06099,-0.00023,-0.00061,0.01068,-0.04003,0.00147,-0.01166
2016-09,-0.03080,-0.00840,0.06400,0.00020,0.00226,0.04329,-0.00339,0.02964,0.02967,0.00638,0.00362,0.03746,-0.00183,0.02193,-0.02162,0.03316,0.03392,-0.03025,-0.03499,0.00834,0.05649,-0.02880,-0.00738,0.01243,-0.02290,0.00066,0.02082,0.01753,0.02381,0.02798,0.01157,-0.00232,0.02106,-0.02070,0.01588,-0.05713,0.02070,0.04613,0.03209,-0.01357,-0.02439,0.11942,0.07527,0.00191,0.03280
2016-10,-0.02500,0.00900,0.01730,0.00010,0.01371,-0.02053,-0.02902,0.00576,0.12665,0.08421,0.15447,0.00712,-0.13421,0.03599,0.05134,0.00173,0.12007,-0.04497,-0.04750,-0.10801,0.12531,-0.08664,-0.03004,0.01249,-0.01886,0.09058,-0.21111,0.03015,0.02848,0.00368,-0.07160,0.08162,-0.02141,0.04908,-0.01482,0.15530,-0.00189,0.01554,0.10518,0.03676,-0.09583,0.01098,-0.03024,-0.03142,0.02618
2016-11,0.04720,-0.00750,0.01960,0.00030,0.01532,-0.03340,0.03669,0.11302,0.16129,0.08254,0.03671,0.07726,-0.01298,-0.07428,0.01187,0.02403,0.08320,-0.05897,-0.11306,-0.02246,0.01460,-0.05582,-0.01227,0.02662,0.02447,0.03715,0.00148,-0.04146,-0.08629,0.02015,-0.02032,-0.06030,0.03417,0.07258,0.02748,0.14131,-0.02457,0.03061,0.08176,0.02825,-0.04032,0.00210,-0.17983,-0.07199,-0.02334
2016-12,0.02830,0.02040,0.00520,0.00040,0.06202,0.05983,0.09960,0.04264,-0.01571,0.07895,0.10533,0.06391,0.07584,0.03481,0.08137,0.04653,0.10610,0.01415,0.04034,0.07243,0.04049,0.06139,0.07668,-0.00070,0.02275,0.05649,0.12242,0.04944,0.03990,0.11315,0.07055,0.13680,0.05635,0.01038,0.05237,0.15178,0.05814,0.03341,0.03748,0.08375,0.08884,0.03802,-0.00797,0.05667,0.00361
2017-01,0.00680,-0.00070,-0.02600,0.00040,-0.02332,0.05857,-0.05348,-0.00127,0.02466,-0.05274,-0.02263,-0.01146,-0.05964,-0.01027,0.02813,-0.05979,0.04117,-0.03671,-0.08705,0.00978,0.03235,-0.05878,-0.02912,-0.00881,-0.00315,0.02867,-0.08914,-0.00762,0.05245,0.11004,-0.03036,-0.01337,-0.08360,-0.03134,0.00166,-0.03188,-0.06273,-0.02694,-0.00605,-0.04228,-0.06086,0.03498,-0.02658,0.00309,-0.06176
2017-02,0.04270,-0.01350,0.00520,0.00030,0.02310,-0.00680,0.01900,0.10453,0.15593,-0.01981,-0.06844,0.08067,0.07059,-0.00508,-0.00593,0.06712,-0.07093,0.07881,0.04293,-0.00231,0.04337,-0.00242,0.04277,0.08519,-0.01041,0.01527,0.16278,-0.00419,-0.00415,0.04419,0.00110,0.00396,0.07113,0.09182,-0.03519,-0.07391,0.01172,0.01477,-1.00000,0.00836,0.01127,0.02636,-0.01874,0.04792,-0.01682
2017-03,0.04620,0.01800,-0.01380,0.00050,0.05432,0.04832,0.05103,0.02900,-0.05102,0.08913,0.13241,0.04908,0.07275,-0.01952,0.06423,0.07355,0.11452,0.01918,0.15078,0.05317,0.05528,0.03978,0.02620,0.03371,0.06201,0.08657,0.04094,0.02103,0.02780,0.05095,0.02955,-0.02724,0.04273,0.04045,0.07419,0.13457,0.06470,0.04184,,0.00776,0.01741,0.07619,0.13657,0.09249,0.09427
2017-04,0.05030,-0.00030,-0.00850,0.00060,0.02827,0.07157,0.03268,0.04066,-0.08154,0.01051,0.03764,0.01153,0.06169,-0.02149,0.02940,0.05358,0.07480,0.00659,-0.02485,0.04434,0.17364,-0.01152,0.01499,-0.06090,0.05149,0.10032,0.04191,-0.02506,0.03562,0.01907,0.01160,0.05133,0.08553,0.02352,0.05639,0.05594,0.05850,0.01921,,-0.00517,0.02898,0.05718,-0.00683,0.05114,-0.00055
2017-05,-0.00670,0.01620,0.01960,0.00060,0.00309,0.01004,-0.01899,-0.01563,-0.11156,-0.03142,-0.03026,-0.01205,0.00283,0.07491,0.00454,-0.06628,-0.00073,0.02960,0.04903,-0.00504,0.03462,0.03163,0.04156,0.02341,0.02692,0.00287,0.07455,0.10141,0.05268,-0.08760,0.02837,-0.02944,0.03657,0.01801,-0.05434,-0.07050,0.04070,-0.00300,,0.00212,0.01863,-0.06106,0.12328,-0.00474,0.05984
2017-06,0.03500,0.00750,0.02470,0.00070,-0.03084,-0.02887,-0.00277,-0.01464,0.02875,0.00885,0.00382,-0.03173,-0.01823,-0.04711,-0.06017,0.03929,0.03262,-0.00409,-0.02724,-0.05872,0.01291,-0.03483,-0.04227,-0.05756,0.00360,-0.03896,-0.04773,-0.11189,-0.03019,-0.00484,-0.04167,-0.04621,0.01827,-0.05002,-0.01882,0.00943,-0.06793,0.00945,,-0.08430,-0.03919,-0.04809,-0.05564,-0.03860,0.00958
2017-07,0.00110,-0.00050,-0.00850,0.00090,-0.00526,-0.04349,-0.04159,-0.01944,0.11757,0.04217,0.03980,-0.01828,0.01680,-0.08330,0.00235,-0.01761,0.05431,-0.04133,0.02951,-0.03860,-0.00905,-0.04208,-0.04002,0.00975,-0.04653,-0.02565,0.00615,0.02376,0.00000,0.04123,-0.02144,-0.03899,-0.00386,-0.03629,-0.01368,0.05286,-0.11811,0.03234,,-0.00751,-0.04215,-0.00763,0.03000,0.01352,0.00410
2017-08,0.02720,-0.00080,0.00310,0.00090,-0.00161,-0.00917,-0.01109,0.00014,0.01104,-0.02344,-0.02532,0.05104,0.01228,-0.16572,-0.01738,0.00131,-0.00269,0.04850,0.03050,-0.00980,0.06701,-0.01527,0.01285,-0.02748,0.00822,0.03550,-0.03704,0.00387,-0.02090,-0.02475,-0.11281,-0.02377,0.02077,0.01165,0.02080,-0.05181,-0.01803,0.00453,,0.01129,0.01041,-0.04031,0.03437,0.02126,-0.01507
2017-09,0.00600,-0.00900,-0.00200,0.00090,0.04802,0.08059,0.10044,0.13879,-0.02741,0.04985,0.06791,0.05394,0.06475,0.00915,0.09430,0.07860,0.03849,0.00333,0.02496,-0.01226,0.06898,-0.01891,0.01438,0.00061,0.03736,0.05993,-0.02654,-0.02907,0.01960,0.13617,0.04215,0.11782,0.05944,0.02878,0.08711,0.05326,0.07620,0.03734,,0.04604,-0.03653,0.11748,-0.00812,0.03943,0.11128
2017-10,-0.00020,-0.00400,0.01080,0.00080,0.03255,0.01903,0.06540,0.09128,0.12784,0.01329,-0.01773,0.02653,0.05234,0.01082,-0.00119,0.00567,-0.02601,0.05680,0.00974,0.03771,0.16748,0.02815,0.06198,-0.02014,0.04404,0.09702,-0.16614,0.01623,0.09996,0.01067,-0.05297,0.02443,0.04616,-0.03238,0.02472,-0.03503,0.03555,0.00910,,0.05336,0.04423,-0.07455,0.04041,0.04540,-0.00444
2017-11,0.01470,0.01560,0.00460,0.00090,-0.02371,-0.01623,-0.03797,-0.00524,0.03047,-0.02237,-0.05161,0.05447,-0.07159,0.02170,-0.04954,-0.01892,-0.05507,0.01112,0.01344,-0.00598,-0.05273,0.01625,-0.02748,-0.05083,-0.01270,-0.04529,-0.00166,0.02804,0.01786,-0.14682,-0.00286,0.00282,-0.00995,-0.05769,-0.04294,-0.11485,0.00458,-0.07330,,-0.00971,0.00047,0.04974,0.04499,0.02130,0.04877
2017-12,0.05510,0.00800,0.01050,0.00110,-0.01121,0.02041,-0.00095,-0.04915,0.06899,-0.02426,-0.02092,-0.00345,0.02075,0.02181,-0.03938,-0.01888,-0.02508,-0.01368,-0.02516,0.06386,0.05433,0.05663,-0.00457,0.02394,0.01954,0.00368,-0.07594,-0.00035,0.00687,-0.02417,0.01523,-0.01722,-0.04043,-0.06201,-0.01870,0.01749,0.02096,-0.01946,,-0.02869,-0.02303,0.02099,0.00094,-0.00804,0.00246
2018-01,-0.05360,0.01220,-0.00910,0.00110,0.03188,0.06628,0.03332,0.11446,0.07782,0.07115,0.06988,0.03371,0.08150,0.06846,0.01816,0.07737,0.09964,-0.00701,-0.02476,-0.00478,0.03766,0.00341,-0.01000,0.04953,0.04409,0.02934,-0.01053,0.00484,-0.02766,0.06694,-0.01712,0.05554,0.05855,-0.01016,0.06520,0.08839,-0.07764,0.00561,,0.01281,-0.01619,0.01975,-0.04630,0.02173,0.05397
2018-02,-0.00700,-0.00710,-0.00840,0.00120,-0.02945,0.03599,-0.04975,0.06314,-0.03336,-0.02397,-0.01847,-0.06947,-0.03740,-0.01686,-0.00150,-0.01630,-0.06853,-0.05341,-0.07904,-0.05726,-0.04855,-0.07774,-0.03304,-0.02552,-0.03700,-0.02415,0.24215,-0.04160,0.05222,0.02902,0.11422,0.01027,-0.00044,-0.08563,-0.05167,0.00566,-0.02177,-0.02960,,0.00718,-0.07188,-0.15811,-0.01577,-0.06529,-0.10072
