date,ibmrtn,vwrtn,ewrtn,sprtn
1926-01-30,-0.01038,0.00072,0.02317,0.02247
1926-02-27,-0.02448,-0.03337,-0.05351,-0.04396
1926-03-31,-0.11559,-0.06434,-0.09682,-0.05911
1926-04-30,0.08978,0.03836,0.03295,0.02269
1926-05-28,0.03693,0.01217,0.00104,0.00768
1926-06-30,0.06849,0.05689,0.05049,0.04318
1926-07-31,0,0.02837,0.01308,0.04546
1926-08-31,0,0.02807,0.031,0.01708
1926-09-30,0.0651,0.00589,-0.0065,0.0229
1926-10-30,0.03226,-0.03107,-0.03463,-0.03134
1926-11-30,0.03125,0.02755,0.02478,0.02234
1926-12-31,0.0303,0.03047,0.02552,0.01658
1927-01-31,0.02304,0.00145,0.01256,-0.02076
1927-02-28,0.08108,0.04582,0.05576,0.04769
1927-03-31,0.18333,0.00625,-0.01929,0.0065
1927-04-30,0.07857,0.00664,0.00749,0.01723
1927-05-31,0.14901,0.05695,0.06269,0.05222
1927-06-30,-0.04899,-0.02037,-0.01971,-0.00939
1927-07-30,0,0.07566,0.05808,0.065
1927-08-31,0.11963,0.02705,0.00425,0.0445
1927-09-30,0.01918,0.04903,0.03231,0.04321
1927-10-31,-0.00815,-0.04189,-0.03853,-0.05309
1927-11-30,0.09041,0.06869,0.09776,0.06778
1927-12-31,0.21859,0.02366,0.02968,0.01904
1928-01-31,0.04167,-0.00354,0.03244,-0.0051
1928-02-29,0.028,-0.01442,-0.02251,-0.01764
1928-03-31,0.00486,0.09091,0.07158,0.10834
1928-04-30,-0.00684,0.04317,0.08747,0.03241
1928-05-31,-0.01575,0.01839,0.03759,0.01266
1928-06-30,-0.004,-0.04533,-0.06907,-0.0405
1928-07-31,-0.01014,0.01007,0.00305,0.01251
1928-08-31,0.07172,0.06961,0.0584,0.07411
1928-09-29,0.07839,0.03145,0.04924,0.02396
1928-10-31,0.03578,0.0188,0.01747,0.01451
1928-11-30,0.10535,0.12129,0.1152,0.11993
1928-12-31,0.03195,0.00526,-0.00555,0.00288
1929-01-31,-0.02003,0.0521,0.03353,0.05708
1929-02-28,0.05315,-0.00019,0.00649,-0.00583
1929-03-28,0.00155,-0.00797,-0.03211,-0.00235
1929-04-30,0.12422,0.01679,0.01402,0.01606
1929-05-31,-0.01181,-0.05911,-0.09105,-0.04279
1929-06-29,0.18847,0.09965,0.07343,0.11236
1929-07-31,0.10952,0.04535,0.01856,0.04562
1929-08-30,0.03434,0.08558,0.02837,0.09799
1929-09-30,-0.04824,-0.05001,-0.04373,-0.04888
1929-10-31,-0.18904,-0.1955,-0.21215,-0.19927
1929-11-27,-0.22297,-0.12327,-0.12253,-0.13375
1929-12-31,0.19426,0.01797,-0.0256,0.02534
1930-01-31,0.0108,0.05664,0.10983,0.06247
1930-02-28,0.06794,0.0277,0.0336,0.0215
1930-03-31,0.04932,0.07503,0.10375,0.0799
1930-04-30,-0.00412,-0.02089,-0.0416,-0.00955
1930-05-29,0.07586,-0.01325,-0.03723,-0.01647
1930-06-30,-0.10513,-0.15787,-0.18816,-0.16456
1930-07-31,0,0.03966,0.03763,0.03666
1930-08-29,0.04046,0.00412,-0.01732,0.00754
1930-09-30,-0.1125,-0.12401,-0.15048,-0.13009
1930-10-31,-0.09795,-0.08699,-0.09606,-0.08876
1930-11-29,0.02277,-0.02599,-0.02413,-0.02184
1930-12-31,0.08956,-0.07842,-0.13685,-0.07423
1931-01-31,0.025,0.06253,0.14183,0.04889
1931-02-28,0.1252,0.1094,0.15675,0.11436
1931-03-31,-0.04913,-0.06404,-0.06187,-0.06916
1931-04-30,-0.02301,-0.09848,-0.15087,-0.09587
1931-05-29,-0.21193,-0.13292,-0.14038,-0.13718
1931-06-30,0.19124,0.13796,0.18217,0.13902
1931-07-31,-0.09122,-0.06503,-0.07021,-0.07417
1931-08-31,0.07063,0.00235,-0.01872,0.00947
1931-09-30,-0.22917,-0.29007,-0.31275,-0.29942
1931-10-31,0.11416,0.07916,0.10533,0.08445
1931-11-30,-0.01639,-0.08878,-0.08822,-0.09782
1931-12-31,-0.07469,-0.13341,-0.18724,-0.14526
1932-01-30,-0.04556,-0.01078,0.08592,-0.02833
1932-02-29,0.02387,0.056,0.02273,0.0507
1932-03-31,-0.04295,-0.10874,-0.11956,-0.11822
1932-04-30,-0.16667,-0.17922,-0.18106,-0.20246
1932-05-31,-0.1625,-0.20752,-0.2023,-0.23328
1932-06-30,-0.04851,-0.00509,0.04128,-0.00895
1932-07-30,0.2008,0.33745,0.4335,0.37698
1932-08-31,0.35117,0.36603,0.66594,0.37541
1932-09-30,0.02475,-0.03089,-0.05944,-0.03695
1932-10-31,-0.13235,-0.13118,-0.16479,-0.13861
1932-11-30,-0.09746,-0.0557,-0.07387,-0.05891
1932-12-31,0.14554,0.04576,-0.03662,0.05191
1933-01-31,0.02083,0.00978,0.03588,0.00726
1933-02-28,-0.16735,-0.1503,-0.15544,-0.18444
1933-03-31,0,0.03399,0.10012,0.03357
1933-04-29,0.47059,0.38368,0.51825,0.42222
1933-05-31,0.08108,0.21186,0.60599,0.15865
1933-06-30,0.1375,0.13435,0.22643,0.13174
1933-07-31,0.02963,-0.09608,-0.09242,-0.08799
1933-08-31,0.06115,0.12127,0.11455,0.11457
1933-09-30,-0.09492,-0.10465,-0.15001,-0.11362
1933-10-31,-0.0161,-0.08323,-0.10789,-0.08851
1933-11-29,0.12416,0.09991,0.06509,0.10268
1933-12-30,-0.01199,0.01998,0.01724,0.02227
1934-01-31,0.02977,0.12978,0.31555,0.10594
1934-02-28,-0.02041,-0.02328,0.01086,-0.03671
1934-03-31,-0.06597,0.00478,0.00806,-0.00093
1934-04-30,0.07519,-0.01793,0.00026,-0.02698
1934-05-31,-0.06643,-0.07099,-0.10724,-0.08126
1934-06-30,0.05712,0.02515,0.00358,0.02081
1934-07-31,-0.04387,-0.10824,-0.1863,-0.11519
1934-08-31,0.02996,0.05962,0.09856,0.05415
1934-09-29,0.03636,-0.003,-0.01175,-0.00546
1934-10-31,-0.01418,-0.01932,-0.01923,-0.03187
1934-11-30,0.11151,0.08407,0.12871,0.08286
1934-12-31,0.01651,0.0039,0.01474,-0.00419
1935-01-31,-0.00656,-0.03281,-0.02966,-0.04211
1935-02-28,0.04951,-0.0186,-0.05602,-0.03956
1935-03-30,0.01022,-0.03704,-0.07335,-0.03089
1935-04-30,0.09348,0.08916,0.10163,0.09563
1935-05-31,-0.00862,0.03478,0.0244,0.03233
1935-06-29,0.03478,0.05527,0.04019,0.06785
1935-07-31,0.0339,0.07365,0.11038,0.08309
1935-08-31,-0.00683,0.02613,0.08308,0.02166
1935-09-30,-0.01376,0.02587,0.0238,0.02385
1935-10-31,0.01407,0.07134,0.08278,0.07507
1935-11-30,0.01248,0.05186,0.14578,0.03933
1935-12-31,0.01494,0.0461,0.06024,0.03707
1936-01-31,0.02453,0.06608,0.15017,0.06553
1936-02-29,-0.04788,0.0257,0.04562,0.01677
1936-03-31,0.03448,0.00942,0.00595,0.02543
1936-04-30,-0.09244,-0.0805,-0.12296,-0.07708
1936-05-29,0.02469,0.05029,0.05122,0.04575
1936-06-30,0.04518,0.02599,-0.00033,0.03056
1936-07-31,-0.04506,0.06464,0.08193,0.06806
1936-08-31,0.02283,0.01081,0.02145,0.00883
1936-09-30,0.02418,0.01434,0.03267,0.00125
1936-10-31,0.00257,0.06909,0.06376,0.07495
1936-11-30,0.11404,0.03329,0.09143,0.00407
1936-12-31,-0.00131,0.00207,0.02731,-0.00579
1937-01-30,-0.04437,0.03252,0.07622,0.03784
1937-02-27,-0.01594,0.01304,0.0239,0.01458
1937-03-31,-0.04539,-0.00354,0.00107,-0.0094
1937-04-30,0.01642,-0.07424,-0.10102,-0.08315
1937-05-28,-0.07077,-0.00856,-0.02452,-0.01035
1937-06-30,0.00331,-0.04159,-0.0767,-0.05289
1937-07-31,0.07,0.08888,0.09961,0.1026
1937-08-31,-0.06542,-0.04862,-0.05275,-0.05536
1937-09-30,-0.015,-0.1354,-0.19318,-0.14215
1937-10-30,-0.02222,-0.09468,-0.10155,-0.10174
1937-11-30,-0.07692,-0.08373,-0.10864,-0.10113
1937-12-31,0.04735,-0.0401,-0.09922,-0.05041
1938-01-31,0.0713,0.00763,0.04206,0.01327
1938-02-28,0.04778,0.05787,0.06106,0.0608
1938-03-31,-0.10049,-0.23713,-0.28556,-0.25044
1938-04-30,0.06923,0.14564,0.2062,0.14118
1938-05-31,0.01799,-0.03923,-0.07046,-0.04433
1938-06-30,0.09541,0.23606,0.30635,0.24703
1938-07-30,0.06515,0.07187,0.12184,0.07266
1938-08-31,-0.00612,-0.0272,-0.06379,-0.02742
1938-09-30,0.01231,0.00856,-0.01463,0.01493
1938-10-31,0.07055,0.07785,0.14454,0.07598
1938-11-30,0.0086,-0.01832,-0.03653,-0.03341
1938-12-31,0.05966,0.04101,0.03347,0.03771
1939-01-31,-0.03987,-0.05961,-0.07573,-0.06889
1939-02-28,0.0373,0.03494,0.04138,0.03252
1939-03-31,-0.03406,-0.11924,-0.17376,-0.13543
1939-04-29,-0.01488,-0.00233,0.00243,-0.00546
1939-05-31,0.07024,0.06873,0.08614,0.06227
1939-06-30,-0.00353,-0.05283,-0.0833,-0.06379
1939-07-31,0.06857,0.10176,0.1355,0.10866
1939-08-31,-0.09358,-0.06611,-0.1065,-0.07143
1939-09-30,-0.01475,0.15963,0.39188,0.16458
1939-10-31,0.08761,-0.00384,-0.00694,-0.01459
1939-11-30,0,-0.03678,-0.08131,-0.0491
1939-12-30,0.03958,0.03034,0.01781,0.02377
1940-01-31,-0.02896,-0.02402,-0.01998,-0.03523
1940-02-29,0.05132,0.01366,0.02973,0.00664
1940-03-30,-0.00679,0.01894,0.02617,0.00989
1940-04-30,-0.01336,0.0012,0.01312,-0.0049
1940-05-31,-0.1618,-0.22031,-0.26975,-0.23954
1940-06-29,-0.04762,0.06666,0.06655,0.07659
1940-07-31,0.02527,0.03223,0.03681,0.03106
1940-08-31,0.00528,0.02396,0.02322,0.02624
1940-09-30,0.09457,0.02303,0.03721,0.00947
1940-10-31,0.01777,0.02971,0.04922,0.0394
1940-11-30,0.00635,-0.01635,-0.00167,-0.04242
1940-12-31,0.01735,0.00681,-0.01879,-0.00283
1941-01-31,0.0007,-0.04051,-0.00732,-0.0482
1941-02-28,-0.01478,-0.01484,-0.01941,-0.0149
1941-03-31,0.03375,0.0096,0.01431,0.00403
1941-04-30,-0.08181,-0.05307,-0.05738,-0.06526
1941-05-31,0.06649,0.01386,0.01011,0.0043
1941-06-30,0.03491,0.05868,0.06691,0.05348
1941-07-31,0.02595,0.05952,0.13014,0.05482
1941-08-30,-0.00712,-0.00046,-0.00718,-0.00866
1941-09-30,0.02548,-0.00749,-0.02045,-0.00971
1941-10-31,-0.03135,-0.05179,-0.06203,-0.06863
1941-11-29,0.00324,-0.01937,-0.03421,-0.04211
1941-12-31,-0.01613,-0.04673,-0.08189,-0.04506
1942-01-31,-0.11167,0.00716,0.13081,0.01381
1942-02-28,-0.03718,-0.02415,-0.01758,-0.02497
1942-03-31,-0.03659,-0.06566,-0.05224,-0.06752
1942-04-30,-0.00855,-0.04315,-0.04626,-0.0437
1942-05-29,0.03933,0.06105,0.02888,0.06397
1942-06-30,0.10524,0.02548,0.02509,0.01841
1942-07-31,0.02846,0.03488,0.04641,0.03133
1942-08-31,0.01845,0.01866,0.0283,0.00701
1942-09-30,0.00362,0.0263,0.04756,0.02668
1942-10-31,0.02007,0.06769,0.10129,0.06441
1942-11-30,0.05903,0.0025,-0.01318,-0.0138
1942-12-31,0.02027,0.05042,0.03555,0.05167
1943-01-30,0.07985,0.0733,0.16855,0.07165
1943-02-27,0.01138,0.05992,0.13093,0.05062
1943-03-31,0.04221,0.06208,0.11214,0.05273
1943-04-30,0.00623,0.0069,0.03547,0.00086
1943-05-29,0.04954,0.05716,0.08451,0.04487
1943-06-30,0.00893,0.01691,0.01098,0.01982
1943-07-31,-0.01475,-0.04621,-0.06434,-0.05425
1943-08-31,0.03293,0.01299,0.00337,0.01027
1943-09-30,0.01901,0.02453,0.03487,0.02373
1943-10-30,-0.01004,-0.01222,-0.00394,-0.01325
1943-11-30,-0.03188,-0.05853,-0.08858,-0.0755
1943-12-31,0.04532,0.06362,0.09873,0.05898
1944-01-31,-0.0289,0.01807,0.04595,0.01542
1944-02-29,-0.02188,0.00369,0.01302,-0.00253
1944-03-31,0.10807,0.02442,0.04153,0.01692
1944-04-29,-0.00946,-0.01634,-0.02929,-0.01248
1944-05-31,0.01396,0.05096,0.06614,0.04044
1944-06-30,0.00585,0.05617,0.10494,0.05101
1944-07-31,0.01272,-0.01515,-0.01272,-0.0208
1944-08-31,0.03768,0.01593,0.03008,0.00866
1944-09-30,0.00697,0.00019,0.00025,-0.00312
1944-10-31,-0.03601,0.0025,0.00095,0
1944-11-30,0.06466,0.01646,0.02318,0.00391
1944-12-30,0.0068,0.04122,0.0693,0.03507
1945-01-31,-0.01527,0.01919,0.04335,0.01431
1945-02-28,0.04971,0.06428,0.08634,0.06162
1945-03-31,-0.009,-0.03873,-0.0568,-0.04615
1945-04-30,0.04469,0.07747,0.08884,0.08798
1945-05-31,0.04412,0.01863,0.03002,0.01146
1945-06-30,-0.01548,0.00342,0.03657,-0.00333
1945-07-31,0.00524,-0.0221,-0.03507,-0.02005
1945-08-31,0.01434,0.06112,0.06593,0.05798
1945-09-29,0.04145,0.04805,0.06265,0.04191
1945-10-31,0.10448,0.03902,0.06452,0.03032
1945-11-30,0.0991,0.05455,0.09757,0.03243
1945-12-31,-0.01856,0.01176,0.02407,0.00989
1946-01-31,0.02416,0.06331,0.09468,0.0697
1946-02-28,0.03333,-0.05785,-0.06691,-0.06947
1946-03-30,0.0575,0.05872,0.05792,0.0463
1946-04-30,0.1253,0.0429,0.05211,0.03761
1946-05-31,0.04832,0.03986,0.05475,0.02239
1946-06-28,-0.01613,-0.03914,-0.04889,-0.0391
1946-07-31,0.0123,-0.02547,-0.04084,-0.0255
1946-08-30,-0.06275,-0.06392,-0.07533,-0.07294
1946-09-30,-0.08261,-0.1002,-0.13555,-0.1015
1946-10-31,-0.00948,-0.01416,-0.01181,-0.00802
1946-11-30,0.00299,0.0012,-0.00263,-0.01146
1946-12-31,0.00961,0.05093,0.04691,0.04295
1947-01-31,0.05176,0.01513,0.0302,0.02353
1947-02-28,-0.03846,-0.01158,-0.00711,-0.01469
1947-03-31,-0.01185,-0.01706,-0.03043,-0.01685
1947-04-30,-0.07194,-0.04787,-0.08168,-0.03889
1947-05-29,0.04134,-0.01,-0.03732,-0.00892
1947-06-30,0.03,0.05365,0.0571,0.0526
1947-07-31,0.04369,0.04124,0.06167,0.03616
1947-08-29,0,-0.01751,-0.01717,-0.02792
1947-09-30,0.00234,-0.00442,0.00578,-0.01371
1947-10-31,0.01168,0.02461,0.03316,0.02118
1947-11-29,0.05514,-0.01831,-0.02931,-0.02852
1947-12-31,0.05756,0.03019,0.02386,0.02068
1948-01-31,-0.0875,-0.03727,-0.01628,-0.03987
1948-02-28,0.07877,-0.04344,-0.05945,-0.04697
1948-03-31,0.04851,0.08276,0.09584,0.07714
1948-04-30,0.00712,0.03778,0.04015,0.02653
1948-05-28,0.03887,0.07458,0.08763,0.07817
1948-06-30,0,-0.00018,-0.01253,0.003
1948-07-30,-0.04795,-0.05042,-0.05373,-0.05317
1948-08-31,0.08453,0.00385,-0.00182,0.00757
1948-09-30,-0.04841,-0.02954,-0.04279,-0.03006
1948-10-30,0.0807,0.06006,0.0532,0.06779
1948-11-30,-0.02841,-0.09063,-0.10632,-0.10822
1948-12-31,0.04962,0.0322,0.0137,0.03051
1949-01-31,0.05337,0.00304,0.01775,0.00132
1949-02-28,-0.04792,-0.02946,-0.0413,-0.03942
1949-03-31,0.04899,0.04152,0.05931,0.0301
1949-04-30,0.0306,-0.01787,-0.03149,-0.02125
1949-05-31,0,-0.02744,-0.04317,-0.03731
1949-06-30,-0.04717,0.00309,-0.00771,-0.00211
1949-07-29,0.10231,0.05585,0.06202,0.06215
1949-08-31,0,0.02659,0.02602,0.01197
1949-09-30,0.06024,0.03183,0.04325,0.02365
1949-10-31,0.1179,0.03122,0.03903,0.02953
1949-11-30,-0.01398,0.01884,0.0094,0.00125
1949-12-31,0.17617,0.0521,0.07012,0.04359
1950-01-31,0.05463,0.01728,0.04029,0.0173
1950-02-28,-0.00877,0.01464,0.0161,0.00997
1950-03-31,0.03778,0.0122,-0.00177,0.00407
1950-04-29,-0.01927,0.04026,0.04744,0.04511
1950-05-31,0.02183,0.04369,0.03319,0.03929
1950-06-30,-0.09871,-0.05794,-0.07574,-0.05804
1950-07-31,-0.09524,0.01612,0.05064,0.00848
1950-08-31,0.09474,0.0507,0.05189,0.03251
1950-09-29,0.02899,0.0488,0.05501,0.05592
1950-10-31,-0.00939,-0.00111,-0.0055,0.00411
1950-11-30,0.01066,0.02852,0.03162,-0.00102
1950-12-30,0.01767,0.0577,0.08455,0.04613
1951-01-31,0.05729,0.05824,0.07625,0.06124
1951-02-28,-0.04138,0.01443,0.01159,0.00646
1951-03-31,-0.01807,-0.02095,-0.03389,-0.01835
1951-04-30,0.00614,0.04961,0.04081,0.04813
1951-05-31,-0.00244,-0.02262,-0.02492,-0.04057
1951-06-29,-0.0172,-0.02532,-0.04493,-0.02602
1951-07-31,0.07,0.07117,0.06333,0.0687
1951-08-31,0.03972,0.04508,0.04744,0.03929
1951-09-28,-0.02032,0.00918,0.02363,-0.00086
1951-10-31,-0.06452,-0.0224,-0.02361,-0.01376
1951-11-30,0.00985,0.00592,0.00719,-0.00262
1951-12-31,0.07108,0.0349,0.01525,0.0389
1952-01-31,-0.0329,0.01691,0.01749,0.01557
1952-02-29,-0.04845,-0.02498,-0.02065,-0.03645
1952-03-31,0.00787,0.04559,0.02886,0.04772
1952-04-30,-0.01302,-0.0489,-0.04494,-0.04309
1952-05-29,0.06069,0.03287,0.02452,0.02316
1952-06-30,0.095,0.03928,0.03073,0.0461
1952-07-31,-0.00457,0.01148,0.01065,0.01763
1952-08-29,-0.00803,-0.00658,0.00006,-0.01457
1952-09-30,-0.01974,-0.01899,-0.01516,-0.01958
1952-10-31,0.02133,-0.00546,-0.01172,-0.00082
1952-11-28,0.07193,0.0588,0.05564,0.04649
1952-12-31,0.07397,0.03121,0.02264,0.03546
1953-01-30,-0.01382,-0.00134,0.02471,-0.00715
1953-02-27,0.02802,-0.00171,0.01203,-0.0182
1953-03-31,0.01474,-0.01342,-0.01049,-0.02355
1953-04-30,-0.04979,-0.02747,-0.02403,-0.02649
1953-05-29,0.05022,0.00714,0.0059,-0.00325
1953-06-30,-0.03027,-0.01666,-0.03167,-0.0163
1953-07-31,0.03337,0.02533,0.01757,0.02527
1953-08-31,-0.00417,-0.04409,-0.05187,-0.05778
1953-09-30,-0.02941,0.00305,-0.01101,0.00129
1953-10-30,0.00866,0.04709,0.03783,0.05096
1953-11-30,0.03219,0.02827,0.02132,0.00897
1953-12-31,0.0571,0.00077,-0.01544,0.00202
1954-01-29,0.05466,0.05246,0.07168,0.05119
1954-02-26,0.04415,0.01748,0.01358,0.00268
1954-03-31,0.23247,0.03725,0.02915,0.03021
1954-04-30,0.00599,0.04285,0.01637,0.049
1954-05-28,0.06771,0.03157,0.04315,0.03291
1954-06-30,0.04895,0.01148,0.01228,0.00069
1954-07-30,-0.005,0.05037,0.07199,0.05717
1954-08-31,-0.04858,-0.02252,-0.00918,-0.034
1954-09-30,0.03534,0.0643,0.04431,0.08314
1954-10-29,0.06314,-0.01621,-0.00686,-0.0195
1954-11-30,0.1862,0.09529,0.0922,0.08081
1954-12-31,-0.01764,0.05526,0.08772,0.05082
1955-01-31,0.02624,0.00699,0.01412,0.01807
1955-02-28,0.00404,0.03128,0.04278,0.00355
1955-03-31,0.0672,-0.00112,0.00053,-0.0049
1955-04-29,0.07809,0.03228,0.0226,0.03773
1955-05-31,-0.02103,0.01186,0.00781,-0.00132
1955-06-30,-0.00718,0.0658,0.03469,0.0823
1955-07-29,0.01566,0.02028,0.008,0.06069
1955-08-31,-0.03915,0.00425,0.00576,-0.00781
1955-09-30,-0.01733,-0.00203,-0.00775,0.01135
1955-10-31,-0.04282,-0.02573,-0.01782,-0.03046
1955-11-30,0.04737,0.07156,0.05526,0.07487
1955-12-30,0.04049,0.01644,0.02284,-0.00066
1956-01-31,-0.03226,-0.02799,-0.02075,-0.0365
1956-02-29,0.05128,0.03953,0.03361,0.03469
1956-03-29,0.21027,0.06818,0.05138,0.06926
1956-04-30,0.07071,0.00509,0.00383,-0.00206
1956-05-31,0.01533,-0.04919,-0.03996,-0.06573
1956-06-29,0.1397,0.03716,0.02171,0.03916
1956-07-31,0.05209,0.05075,0.03997,0.05152
1956-08-31,-0.05728,-0.03034,-0.01816,-0.03806
1956-09-28,-0.06502,-0.04968,-0.03594,-0.04546
1956-10-31,0.03091,0.00722,0.00706,0.00507
1956-11-30,0.04711,0.00461,0.00528,-0.01097
1956-12-31,0.10656,0.03493,0.02312,0.03527
1957-01-31,-0.04074,-0.03205,0.00361,-0.04178
1957-02-28,-0.01641,-0.0187,-0.0233,-0.03265
1957-03-29,0.02163,0.02409,0.0225,0.01965
1957-04-30,0.10106,0.04506,0.02591,0.03695
1957-05-31,0.05973,0.0366,0.02226,0.03695
1957-06-28,0.12394,-0.00511,-0.00675,-0.00127
1957-07-31,0.01662,0.00892,0.00561,0.0114
1957-08-30,-0.05914,-0.05,-0.05019,-0.05615
1957-09-30,-0.04905,-0.05762,-0.05298,-0.06192
1957-10-31,-0.00666,-0.0411,-0.06521,-0.03206
1957-11-29,0.04054,0.02546,0.02103,0.01607
1957-12-31,0.00847,-0.03745,-0.04913,-0.04147
1958-01-31,0.0541,0.04991,0.10648,0.04276
1958-02-28,0.0238,-0.01413,-0.01185,-0.02062
1958-03-31,0.05327,0.03379,0.03592,0.03085
1958-04-30,0.01445,0.03077,0.03017,0.03183
1958-05-29,-0.00456,0.02457,0.03948,0.01496
1958-06-30,0.05807,0.02951,0.03173,0.02608
1958-07-31,0.00136,0.04492,0.05417,0.0431
1958-08-29,0.00853,0.01909,0.02988,0.01187
1958-09-30,0.09677,0.04864,0.05224,0.04838
1958-10-31,0.06618,0.0275,0.03298,0.02537
1958-11-28,0.02908,0.03053,0.04211,0.0224
1958-12-31,0.22679,0.05287,0.03879,0.05202
1959-01-30,-0.06495,0.0092,0.0415,0.0038
1959-02-27,0.05877,0.01129,0.02811,-0.00018
1959-03-31,0.02647,0.00451,0.01222,0.00054
1959-04-30,0.07919,0.03795,0.02571,0.03878
1959-05-29,0.20435,0.0195,0.00821,0.01893
1959-06-30,-0.04681,0.00056,0.00415,-0.00358
1959-07-31,-0.04464,0.03419,0.03006,0.03489
1959-08-31,-0.00701,-0.01244,-0.01484,-0.01504
1959-09-30,-0.03062,-0.04489,-0.04576,-0.04564
1959-10-30,-0.00608,0.01568,0.02321,0.01125
1959-11-30,0.06748,0.01845,0.01504,0.01321
1959-12-31,0.00516,0.02802,0.02118,0.02763
1960-01-29,-0.05077,-0.06635,-0.0392,-0.07146
1960-02-29,0.00661,0.0142,0.00848,0.00917
1960-03-31,0.05024,-0.01285,-0.02488,-0.0139
1960-04-29,0.03075,-0.01533,-0.01973,-0.01753
1960-05-31,0.11547,0.03398,0.02555,0.02685
1960-06-30,0.03571,0.02304,0.02161,0.01952
1960-07-29,0.00479,-0.02271,-0.0196,-0.02477
1960-08-31,0.02336,0.03226,0.03795,0.02612
1960-09-30,-0.03731,-0.05862,-0.05952,-0.06039
1960-10-31,-0.00969,-0.0048,-0.02323,-0.00243
1960-11-30,0.09149,0.04849,0.0465,0.04027
1960-12-30,0.06463,0.04846,0.0375,0.04627
1961-01-31,0.07251,0.06388,0.08205,0.06316
1961-02-28,0.0625,0.03697,0.06013,0.02687
1961-03-30,0.02963,0.03058,0.04989,0.02554
1961-04-28,0.02734,0.00566,0.00949,0.00384
1961-05-31,0.02752,0.02581,0.04157,0.01914
1961-06-30,-0.02661,-0.0285,-0.04242,-0.02885
1961-07-31,0.02419,0.02992,0.01152,0.0328
1961-08-31,0.06797,0.02688,0.02136,0.01962
1961-09-29,0.03561,-0.01999,-0.02969,-0.01969
1961-10-31,0.09201,0.02744,0.02099,0.02832
1961-11-30,-0.01175,0.04538,0.04646,0.03935
1961-12-29,-0.00172,0.00075,-0.00376,0.00323
1962-01-31,-0.0639,-0.03618,-0.00781,-0.03788
1962-02-28,-0.00784,0.0195,0.01541,0.01627
1962-03-30,-0.00791,-0.00467,-0.00624,-0.00586
1962-04-30,-0.14782,-0.06345,-0.06813,-0.06197
1962-05-31,-0.13381,-0.08468,-0.09819,-0.08599
1962-06-29,-0.13567,-0.08263,-0.08513,-0.08184
1962-07-31,0.14075,0.0655,0.064,0.06356
1962-08-31,0.02584,0.02341,0.03706,0.01528
1962-09-28,-0.10789,-0.05015,-0.06383,-0.04821
1962-10-31,-0.02122,0.00218,-0.03953,0.00444
1962-11-30,0.1539,0.11014,0.12118,0.10156
1962-12-31,-0.02133,0.01187,-0.02556,0.01349
1963-01-31,0.08654,0.05185,0.08914,0.04913
1963-02-28,-0.05428,-0.02193,-0.01448,-0.02885
1963-03-29,0.05316,0.03292,0.01203,0.03546
1963-04-30,0.10154,0.04744,0.02689,0.04852
1963-05-31,0.03127,0.02005,0.03231,0.01433
1963-06-28,-0.08591,-0.01803,-0.01038,-0.0202
1963-07-31,-0.00401,-0.00172,-0.0063,-0.00346
1963-08-30,0.02589,0.05268,0.04231,0.04875
1963-09-30,0.0163,-0.0119,-0.01037,-0.01103
1963-10-31,0.09292,0.02771,0.01221,0.03222
1963-11-29,-0.01518,-0.00555,-0.01614,-0.01054
1963-12-31,0.04482,0.02174,-0.00423,0.02444
1964-01-31,0.06903,0.02579,0.03209,0.02693
1964-02-28,0.05212,0.01721,0.02517,0.00987
1964-03-31,0.04438,0.01764,0.02551,0.01517
1964-04-30,-0.04039,0.00461,0.001,0.00608
1964-05-28,0.05491,0.0174,0.00751,0.01145
1964-06-30,-0.00625,0.01508,0.01041,0.01642
1964-07-31,-0.03145,0.02012,0.03016,0.01824
1964-08-31,-0.04383,-0.01127,-0.00604,-0.01623
1964-09-30,-0.00908,0.03048,0.03825,0.02872
1964-10-30,-0.0378,0.00887,0.01882,0.00808
1964-11-30,-0.01488,0.00309,-0.00052,-0.00519
1964-12-31,-0.00727,0.00369,-0.01237,0.00391
1965-01-29,0.09524,0.03865,0.0714,0.03316
1965-02-26,0.01951,0.00695,0.03233,-0.00149
1965-03-31,-0.00329,-0.00972,0.01539,-0.01453
1965-04-30,0.06769,0.03365,0.04156,0.03424
1965-05-28,-0.01134,-0.00435,-0.00585,-0.00774
1965-06-30,-0.04184,-0.05187,-0.08372,-0.04863
1965-07-30,0.04585,0.01676,0.02863,0.01343
1965-08-31,0.04489,0.03088,0.04184,0.02252
1965-09-30,0.02705,0.03195,0.02742,0.03201
1965-10-29,0.04,0.02927,0.05868,0.02735
1965-11-30,-0.0122,0.00307,0.04654,-0.00876
1965-12-31,-0.04952,0.01355,0.04298,0.00895
1966-01-31,-0.00601,0.01212,0.06417,0.00487
1966-02-28,0.04133,-0.00862,0.02887,-0.01787
1966-03-31,0.00194,-0.02092,-0.00889,-0.02182
1966-04-29,0.08043,0.02484,0.04662,0.02051
1966-05-31,-0.02103,-0.05254,-0.08602,-0.05414
1966-06-30,-0.02968,-0.01032,-0.00499,-0.01614
1966-07-29,-0.02782,-0.01287,-0.01632,-0.01345
1966-08-31,-0.0562,-0.07539,-0.10071,-0.07775
1966-09-30,-0.00936,-0.00696,-0.01816,-0.007
1966-10-31,0.04567,0.04229,-0.01439,0.04754
1966-11-30,0.13584,0.01752,0.04073,0.00312
1966-12-30,-0.01197,0.00621,0.01731,-0.00149
1967-01-31,0.07537,0.08553,0.1721,0.07818
1967-02-28,0.0791,0.01095,0.04237,0.00196
1967-03-31,0.04884,0.04338,0.05824,0.03941
1967-04-28,0.10089,0.04161,0.04193,0.04224
1967-05-31,-0.03523,-0.03929,-0.0081,-0.05244
1967-06-30,0.06702,0.0269,0.08196,0.01751
1967-07-31,0.0206,0.04919,0.08325,0.04534
1967-08-31,-0.01359,-0.00628,0.00631,-0.01172
1967-09-29,0.09705,0.03429,0.06296,0.03279
1967-10-31,0.08254,-0.02743,-0.02059,-0.02906
1967-11-30,0.03302,0.0079,0.00088,0.00107
1967-12-29,0.02451,0.0337,0.08047,0.02628
1968-01-31,-0.05183,-0.03633,0.0239,-0.04385
1968-02-29,-0.0222,-0.03362,-0.05612,-0.03122
1968-03-29,0.05603,0.00512,-0.01122,0.0094
1968-04-30,0.10612,0.09415,0.14303,0.08193
1968-05-31,0.05579,0.02704,0.09131,0.01117
1968-06-28,-0.0091,0.01153,0.01623,0.00912
1968-07-30,-0.0424,-0.02202,-0.02621,-0.01848
1968-08-30,-0.00915,0.01804,0.03592,0.01146
1968-09-30,0,0.04445,0.06881,0.03854
1968-10-31,-0.08164,0.00904,0.00691,0.00721
1968-11-29,0.08713,0.0585,0.07199,0.04796
1968-12-31,-0.05618,-0.03387,0.0059,-0.04162
1969-01-31,-0.05952,-0.00671,-0.00169,-0.00818
1969-02-28,-0.007,-0.05364,-0.08573,-0.04737
1969-03-28,0.0703,0.03051,0.02029,0.03444
1969-04-30,0.04459,0.02053,0.00346,0.02148
1969-05-29,-0.025,0.00504,0.00626,-0.00222
1969-06-30,0.05878,-0.06739,-0.1134,-0.05558
1969-07-31,-0.03923,-0.06517,-0.09582,-0.06018
1969-08-29,0.06626,0.05149,0.05218,0.04007
1969-09-30,0.00073,-0.02259,-0.02462,-0.02502
1969-10-31,0.04417,0.05564,0.09241,0.04424
1969-11-28,-0.00694,-0.03216,-0.05508,-0.03527
1969-12-31,0.02101,-0.01968,-0.06618,-0.01866
1970-01-30,-0.08025,-0.07325,-0.03883,-0.07647
1970-02-27,0.01849,0.05671,0.0402,0.05269
1970-03-31,-0.00514,-0.00473,-0.02371,0.00145
1970-04-30,-0.11965,-0.10532,-0.16196,-0.09048
1970-05-29,-0.06309,-0.06435,-0.09052,-0.06097
1970-06-30,-0.10072,-0.05108,-0.0739,-0.05003
1970-07-31,0.0138,0.07417,0.05926,0.0733
1970-08-31,0.0555,0.05004,0.06162,0.04446
1970-09-30,0.09578,0.04754,0.1261,0.033
1970-10-30,0.01183,-0.01821,-0.0586,-0.0114
1970-11-30,0.04507,0.05045,0.00302,0.04745
1970-12-31,0.03417,0.06072,0.08132,0.05677
1971-01-29,0.02439,0.05203,0.1361,0.04048
1971-02-26,0.03779,0.01691,0.04791,0.00907
1971-03-31,0.06241,0.04478,0.0566,0.0368
1971-04-30,0.0007,0.03333,0.02709,0.03629
1971-05-28,-0.08232,-0.03641,-0.04944,-0.04156
1971-06-30,-0.03058,0.00312,-0.01724,0.0007
1971-07-30,-0.08123,-0.04028,-0.05363,-0.04132
1971-08-31,0.04824,0.04251,0.04116,0.0361
1971-09-30,-0.00082,-0.00502,-0.00465,-0.00697
1971-10-29,-0.0107,-0.04068,-0.05747,-0.04179
1971-11-30,0.02097,-0.00126,-0.03415,-0.00255
1971-12-31,0.10147,0.09126,0.11713,0.08618
1972-01-31,0.09361,0.02838,0.10389,0.01812
1972-02-29,0.00503,0.03135,0.04181,0.0253
1972-03-30,0.03731,0.00872,-0.00095,0.00591
1972-04-28,0.00981,0.00551,0.00123,0.00438
1972-05-31,0.03394,0.01638,-0.01812,0.01728
1972-06-30,-0.01446,-0.0209,-0.03378,-0.02182
1972-07-31,0.02232,-0.00425,-0.02949,0.00233
1972-08-31,0.02271,0.03597,0.01225,0.03445
1972-09-29,-0.0049,-0.00767,-0.03073,-0.00486
1972-10-31,-0.05166,0.00868,-0.01377,0.00932
1972-11-30,0.01777,0.04976,0.0511,0.04562
1972-12-29,0.02813,0.01124,-0.01987,0.01183
1973-01-31,0.08333,-0.02758,-0.02613,-0.01711
1973-02-28,-0.00597,-0.04449,-0.07284,-0.03749
1973-03-30,0,-0.00794,-0.02898,-0.00143
1973-04-30,-0.05446,-0.05178,-0.07062,-0.0408
1973-05-31,-0.03226,-0.02451,-0.08358,-0.01888
1973-06-29,0.00715,-0.00868,-0.03775,-0.00658
1973-07-31,-0.00789,0.0571,0.10592,0.03798
1973-08-31,-0.03936,-0.02966,-0.04442,-0.03669
1973-09-28,-0.14286,0.05401,0.073,0.0401
1973-10-31,0.08624,-0.0003,0.0003,-0.00129
1973-11-30,-0.05042,-0.12083,-0.17525,-0.11386
1973-12-31,-0.06887,0.0114,-0.04176,0.01657
1974-01-31,-0.00608,0.00443,0.13237,-0.01005
1974-02-28,-0.02485,0.00234,0.00862,-0.00362
1974-03-29,-0.00893,-0.02337,0.00838,-0.02328
1974-04-30,-0.03606,-0.04596,-0.05554,-0.03905
1974-05-31,-0.05927,-0.04198,-0.07255,-0.03355
1974-06-28,0.00118,-0.02294,-0.03348,-0.01467
1974-07-31,-0.05229,-0.07088,-0.05192,-0.07779
1974-08-30,-0.0403,-0.08776,-0.08579,-0.09028
1974-09-30,-0.17188,-0.10972,-0.07903,-0.11934
1974-10-31,0.18947,0.16559,0.08888,0.16305
1974-11-29,-0.05486,-0.04105,-0.0514,-0.05318
1974-12-31,-0.05219,-0.02701,-0.08074,-0.02015
1975-01-31,0.12054,0.1416,0.29926,0.12281
1975-02-28,0.15272,0.05841,0.05392,0.05989
1975-03-31,-0.04118,0.03019,0.0815,0.02169
1975-04-30,0.01573,0.0465,0.03109,0.04727
1975-05-30,0.03157,0.05514,0.07288,0.0441
1975-06-30,-0.02791,0.05147,0.07179,0.04432
1975-07-31,-0.08971,-0.06039,-0.00896,-0.06765
1975-08-29,-0.01183,-0.02356,-0.04812,-0.02107
1975-09-30,0.01074,-0.03801,-0.03887,-0.03465
1975-10-31,0.12749,0.05586,0.01472,0.06164
1975-11-28,0.07479,0.03122,0.0168,0.02471
1975-12-31,-0.00939,-0.011,-0.0006,-0.01151
1976-01-30,0.14939,0.12601,0.19004,0.11831
1976-02-27,-0.00146,0.00731,0.10629,-0.0114
1976-03-31,0.02494,0.0268,0.01811,0.03069
1976-04-30,-0.03292,-0.01039,-0.00381,-0.011
1976-05-28,0.01973,-0.00937,-0.01968,-0.01436
1976-06-30,0.07842,0.04449,0.02651,0.04093
1976-07-30,-0.01671,-0.00616,0.00224,-0.00806
1976-08-31,0.01378,-0.00143,-0.01667,-0.00512
1976-09-30,0.02832,0.02448,0.01699,0.02264
1976-10-29,-0.03421,-0.02037,-0.02259,-0.02224
1976-11-30,0.00552,0.00536,0.02669,-0.00778
1976-12-31,0.02998,0.06159,0.10241,0.0525
1977-01-31,-0.01388,-0.03634,0.0369,-0.05053
1977-02-28,0.01181,-0.01576,0.0044,-0.02166
1977-03-31,0.00181,-0.00925,0.01065,-0.01403
1977-04-29,-0.0642,0.00495,0.01693,0.0002
1977-05-31,-0.04155,-0.01079,0.00287,-0.02357
1977-06-30,0.07536,0.05137,0.0515,0.04536
1977-07-29,0.01563,-0.01281,0.01236,-0.01622
1977-08-31,0.01026,-0.01335,-0.00123,-0.02104
1977-09-30,-0.02748,0.00157,0.01497,-0.00248
1977-10-31,-0.01437,-0.03928,-0.02319,-0.04341
1977-11-30,0.03596,0.04543,0.07087,0.02697
1977-12-30,0.03599,0.00822,0.02108,0.00285
1978-01-31,-0.02925,-0.0552,-0.01115,-0.06151
1978-02-28,-0.04283,-0.00928,0.02601,-0.02476
1978-03-31,-0.06269,0.03401,0.06784,0.02493
1978-04-28,0.12951,0.08284,0.07932,0.08542
1978-05-31,-0.01831,0.02324,0.06762,0.00423
1978-06-30,-0.00387,-0.01075,0.01029,-0.01759
1978-07-31,0.09232,0.05675,0.05239,0.05391
1978-08-31,0.04895,0.04235,0.09355,0.02592
1978-09-29,-0.05096,-0.00689,0.0062,-0.00726
1978-10-31,-0.04603,-0.111,-0.17728,-0.09157
1978-11-30,0.03077,0.03379,0.03821,0.01664
1978-12-29,0.10761,0.01771,0.01435,0.01489
1979-01-31,0.03434,0.04949,0.09366,0.03975
1979-02-28,-0.0172,-0.02677,-0.01627,-0.03653
1979-03-30,0.05167,0.06562,0.08417,0.05515
1979-04-30,-0.00396,0.00852,0.02881,0.00167
1979-05-31,-0.02167,-0.01358,-0.00685,-0.02634
1979-06-29,-0.03454,0.04685,0.05466,0.03866
1979-07-31,-0.0494,0.01499,0.02137,0.00875
1979-08-31,0.01591,0.06473,0.07562,0.05308
1979-09-28,-0.03214,0.00143,-0.00117,0
1979-10-31,-0.07934,-0.07266,-0.09792,-0.06861
1979-11-30,0.05988,0.0636,0.0653,0.04262
1979-12-31,-0.01341,0.02821,0.06749,0.01677
1980-01-31,0.06602,0.06561,0.10513,0.05763
1980-02-29,-0.06215,0.00102,-0.0063,-0.00438
1980-03-31,-0.12205,-0.12022,-0.16504,-0.1018
1980-04-30,-0.0157,0.05229,0.05346,0.04114
1980-05-30,0.02478,0.06009,0.07125,0.04657
1980-06-30,0.06095,0.03771,0.04618,0.02697
1980-07-31,0.11064,0.06944,0.08928,0.06504
1980-08-29,0.01701,0.02355,0.06398,0.00584
1980-09-30,-0.02099,0.0295,0.05246,0.02517
1980-10-31,0.03899,0.02008,0.04753,0.01602
1980-11-28,0.03542,0.10492,0.06921,0.10238
1980-12-31,-0.00367,-0.03441,-0.03242,-0.03387
1981-01-30,-0.05157,-0.04011,0.00562,-0.04574
1981-02-27,0.01142,0.01552,0.00215,0.01328
1981-03-31,-0.02918,0.04618,0.07267,0.03603
1981-04-30,-0.06012,-0.01126,0.02789,-0.02346
1981-05-29,0.0168,0.01355,0.02719,-0.00166
1981-06-30,-0.01489,-0.01023,-0.01319,-0.01041
1981-07-31,-0.03024,-0.00307,-0.01998,-0.00221
1981-08-31,-0.00249,-0.05628,-0.07191,-0.0621
1981-09-30,-0.01814,-0.06377,-0.09006,-0.05383
1981-10-30,-0.0485,0.06018,0.06973,0.04915
1981-11-30,0.07495,0.04585,0.02167,0.03659
1981-12-31,0.04358,-0.0281,-0.01969,-0.03008
1982-01-29,0.11868,-0.02621,-0.01735,-0.01754
1982-02-26,-0.01399,-0.05113,-0.04799,-0.06055
1982-03-31,-0.03434,-0.01009,-0.01206,-0.01017
1982-04-30,0.07531,0.04327,0.05224,0.04001
1982-05-28,-0.02942,-0.02821,-0.02249,-0.03916
1982-06-30,-0.01423,-0.02391,-0.0367,-0.02029
1982-07-30,0.08247,-0.02053,-0.01478,-0.02299
1982-08-31,0.08739,0.11901,0.06329,0.11598
1982-09-30,0.04078,0.01676,0.03316,0.00761
1982-10-29,0.08859,0.11864,0.12845,0.11036
1982-11-30,0.09371,0.05194,0.09204,0.03612
1982-12-31,0.11272,0.01452,0.02345,0.01516
1983-01-31,0.02727,0.04185,0.11706,0.03313
1983-02-28,0.00996,0.03022,0.04727,0.019
1983-03-31,0.02778,0.03467,0.05052,0.0331
1983-04-29,0.14988,0.07419,0.08069,0.07492
1983-05-31,-0.04103,0.01322,0.09174,-0.01235
1983-06-30,0.0809,0.03784,0.04634,0.03522
1983-07-29,0.00104,-0.03157,-0.01756,-0.03301
1983-08-31,0.00062,0.00346,-0.03292,0.01132
1983-09-30,0.06172,0.01606,0.00005,0.01016
1983-10-31,-0.00099,-0.02805,-0.05927,-0.01517
1983-11-30,-0.06647,0.02956,0.03171,0.01743
1983-12-30,0.0394,-0.01046,-0.01967,-0.00883
1984-01-31,-0.06455,-0.01302,0.00542,-0.00922
1984-02-29,-0.02563,-0.03907,-0.05077,-0.03886
1984-03-30,0.03401,0.01339,0.00745,0.0135
1984-04-30,-0.00219,0.00253,-0.02052,0.00547
1984-05-31,-0.0444,-0.05234,-0.05157,-0.05936
1984-06-29,-0.01856,0.02339,0.012,0.01747
1984-07-31,0.04728,-0.02062,-0.0503,-0.01645
1984-08-31,0.12731,0.11269,0.08882,0.10633
1984-09-28,0.00404,0.0004,-0.00038,-0.00348
1984-10-31,0.01187,-0.00007,-0.02376,-0.00006
1984-11-30,-0.02307,-0.01069,-0.03151,-0.01511
1984-12-31,0.01129,0.02366,0.00273,0.02237
1985-01-31,0.10761,0.08572,0.12147,0.07409
1985-02-28,-0.00935,0.0169,0.04602,0.00869
1985-03-29,-0.05224,-0.00175,-0.00353,-0.00293
1985-04-30,-0.00394,-0.00219,-0.00965,-0.00459
1985-05-31,0.02549,0.05578,0.02224,0.05405
1985-06-28,-0.0379,0.01709,0.0021,0.01213
1985-07-31,0.06162,-0.00025,0.02141,-0.00485
1985-08-30,-0.02778,-0.0048,-0.0022,-0.012
1985-09-30,-0.02172,-0.03983,-0.05685,-0.03472
1985-10-31,0.04844,0.04444,0.01765,0.04251
1985-11-29,0.0845,0.06923,0.05257,0.06506
1985-12-31,0.1127,0.04306,0.028,0.04506
1986-01-31,-0.02572,0.00983,0.04406,0.00237
1986-02-28,0.00314,0.0725,0.06039,0.07149
1986-03-31,0.00414,0.05389,0.0472,0.05279
1986-04-30,0.03135,-0.0079,0.01615,-0.01415
1986-05-30,-0.01776,0.05084,0.03619,0.05023
1986-06-30,-0.03856,0.01425,0.00809,0.01411
1986-07-31,-0.09556,-0.0597,-0.07313,-0.05868
1986-08-29,0.05547,0.06618,0.02327,0.07119
1986-09-30,-0.03063,-0.07902,-0.05907,-0.08544
1986-10-31,-0.08086,0.0493,0.02378,0.05473
1986-11-28,0.03721,0.01509,-0.00626,0.02148
1986-12-31,-0.05605,-0.02639,-0.03461,-0.02829
1987-01-30,0.07292,0.1285,0.11757,0.13177
1987-02-27,0.09204,0.04792,0.07461,0.03692
1987-03-31,0.07617,0.02366,0.03631,0.02639
1987-04-30,0.06661,-0.017,-0.01767,-0.01145
1987-05-29,0.00609,0.00513,0.00057,0.00603
1987-06-30,0.01563,0.04366,0.02148,0.04792
1987-07-31,-0.00923,0.04425,0.03513,0.04822
1987-08-31,0.05264,0.03715,0.01453,0.03496
1987-09-30,-0.10468,-0.02077,-0.01588,-0.02417
1987-10-30,-0.1874,-0.22536,-0.27225,-0.21763
1987-11-30,-0.08694,-0.07227,-0.05085,-0.08535
1987-12-31,0.04289,0.07033,0.02607,0.07286
1988-01-29,-0.02706,0.04488,0.07739,0.04043
1988-02-29,0.0554,0.0517,0.06027,0.04182
1988-03-31,-0.08404,-0.0166,0.03569,-0.03334
1988-04-29,0.05343,0.01099,0.01402,0.00943
1988-05-31,0.00199,0.00045,-0.01767,0.00318
1988-06-30,0.13222,0.05146,0.04768,0.04326
1988-07-29,-0.01276,-0.00727,0.00029,-0.00541
1988-08-31,-0.10457,-0.02801,-0.025,-0.0386
1988-09-30,0.03475,0.0372,0.01695,0.03973
1988-10-31,0.06284,0.01764,-0.01149,0.02596
1988-11-30,-0.02467,-0.01641,-0.03648,-0.01889
1988-12-30,0.02848,0.02108,0.01887,0.01469
1989-01-31,0.0718,0.0661,0.06212,0.07112
1989-02-28,-0.06144,-0.01645,0.00299,-0.02894
1989-03-31,-0.10185,0.02147,0.01806,0.02081
1989-04-28,0.04467,0.0482,0.02909,0.05009
1989-05-31,-0.02776,0.03934,0.02505,0.03514
1989-06-30,0.02053,-0.00487,-0.00774,-0.00793
1989-07-31,0.02793,0.07713,0.03102,0.08837
1989-08-31,0.029,0.02213,0.01863,0.01552
1989-09-29,-0.06724,-0.00147,0.00553,-0.00654
1989-10-31,-0.08238,-0.02928,-0.04993,-0.02518
1989-11-30,-0.01412,0.01782,-0.0058,0.01654
1989-12-29,-0.03585,0.0183,-0.01238,0.02142
1990-01-31,0.04781,-0.07012,-0.04641,-0.06882
1990-02-28,0.0655,0.0149,0.01543,0.00854
1990-03-30,0.02166,0.02414,0.02132,0.02426
1990-04-30,0.02709,-0.02829,-0.02812,-0.02689
1990-05-31,0.11202,0.08894,0.04568,0.09199
1990-06-29,-0.02083,-0.0042,0.00536,-0.00889
1990-07-31,-0.05106,-0.00941,-0.02573,-0.00522
1990-08-31,-0.07547,-0.0919,-0.10891,-0.09431
1990-09-28,0.04417,-0.05384,-0.08047,-0.05118
1990-10-31,-0.0094,-0.0125,-0.05716,-0.0067
1990-11-30,0.08978,0.06574,0.03547,0.05993
1990-12-31,-0.0055,0.02951,-0.00453,0.02483
1991-01-31,0.12168,0.04908,0.08418,0.04152
1991-02-28,0.02533,0.07585,0.1339,0.06728
1991-03-28,-0.11553,0.02892,0.07829,0.0222
1991-04-30,-0.0955,0.00332,0.03196,0.00035
1991-05-31,0.04209,0.04073,0.03139,0.03858
1991-06-28,-0.08481,-0.04403,-0.03177,-0.04789
1991-07-31,0.04247,0.0468,0.0342,0.04486
1991-08-30,-0.03126,0.02682,0.02751,0.01965
1991-09-30,0.06968,-0.01098,0.00813,-0.01914
1991-10-31,-0.05187,0.01779,0.02464,0.01186
1991-11-29,-0.04621,-0.03728,-0.02374,-0.04393
1991-12-31,-0.03784,0.10678,0.03535,0.11159
1992-01-31,0.01124,-0.00118,0.14997,-0.0199
1992-02-28,-0.02128,0.01335,0.05212,0.00957
1992-03-31,-0.03885,-0.0237,-0.01417,-0.02183
1992-04-30,0.08683,0.01342,-0.03326,0.02789
1992-05-29,0.01333,0.00644,0.00568,0.00096
1992-06-30,0.07851,-0.01929,-0.03922,-0.01736
1992-07-31,-0.03193,0.0399,0.02762,0.03937
1992-08-31,-0.07298,-0.02082,-0.0239,-0.024
1992-09-30,-0.06782,0.01245,0.01105,0.00911
1992-10-30,-0.17183,0.01099,0.01622,0.00211
1992-11-30,0.03865,0.04019,0.06669,0.03026
1992-12-31,-0.26191,0.01777,0.03568,0.01011
1993-01-29,0.02233,0.01264,0.06761,0.00705
1993-02-26,0.06631,0.0054,-0.0072,0.01048
1993-03-31,-0.06437,0.02508,0.03141,0.0187
1993-04-30,-0.04423,-0.0254,-0.01111,-0.02542
1993-05-28,0.09594,0.0296,0.03874,0.02272
1993-06-30,-0.06398,0.00544,0.01342,0.00076
1993-07-30,-0.09873,-0.0008,0.01372,-0.00533
1993-08-31,0.03371,0.03948,0.0397,0.03443
1993-09-30,-0.08197,0.00064,0.02551,-0.00999
1993-10-29,0.09524,0.01807,0.04052,0.01939
1993-11-30,0.17663,-0.01761,-0.02447,-0.01291
1993-12-31,0.04872,0.01951,0.01619,0.01009
1994-01-31,0,0.03147,0.04917,0.0325
1994-02-28,-0.05974,-0.02422,-0.00995,-0.03005
1994-03-31,0.0331,-0.0458,-0.04596,-0.04575
1994-04-29,0.05263,0.00948,-0.01173,0.01153
1994-05-31,0.1,0.00936,-0.00083,0.01242
1994-06-30,-0.06746,-0.02791,-0.02818,-0.02681
1994-07-29,0.05319,0.03063,0.01578,0.03147
1994-08-31,0.11111,0.0426,0.03676,0.03764
1994-09-30,0.01642,-0.01836,0.00487,-0.0269
1994-10-31,0.07002,0.01452,-0.00331,0.02083
1994-11-30,-0.04698,-0.03722,-0.04074,-0.03951
1994-12-30,0.03887,0.01261,-0.01342,0.0123
1995-01-31,-0.01871,0.0204,0.02786,0.02428
1995-02-28,0.04679,0.03961,0.02837,0.03607
1995-03-31,0.09136,0.02704,0.01952,0.02733
1995-04-28,0.15221,0.02505,0.02698,0.02796
1995-05-31,-0.01453,0.03401,0.02027,0.03631
1995-06-30,0.03226,0.03117,0.04992,0.02128
1995-07-31,0.13412,0.04078,0.05471,0.03178
1995-08-31,-0.04822,0.00931,0.03204,-0.00032
1995-09-29,-0.08585,0.03636,0.0264,0.0401
1995-10-31,0.0291,-0.01132,-0.04147,-0.00498
1995-11-30,-0.00386,0.04271,0.01666,0.04105
1995-12-29,-0.05433,0.01519,0.00893,0.01744
1996-01-31,0.18741,0.02815,0.03466,0.03262
1996-02-29,0.13249,0.01631,0.03231,0.00693
1996-03-29,-0.09276,0.01093,0.02409,0.00792
1996-04-30,-0.03146,0.02551,0.05805,0.01343
1996-05-31,-0.00603,0.0268,0.06262,0.02285
1996-06-28,-0.0726,-0.0083,-0.03217,0.00226
1996-07-31,0.08586,-0.05382,-0.0796,-0.04575
1996-08-30,0.06721,0.03246,0.04563,0.01881
1996-09-30,0.08853,0.05301,0.02875,0.05417
1996-10-31,0.03615,0.01363,-0.02084,0.02613
1996-11-29,0.23818,0.0655,0.0247,0.07338
1996-12-31,-0.04941,-0.01136,-0.0026,-0.02151
1997-01-31,0.03548,0.05345,0.06383,0.06132
1997-02-28,-0.08143,-0.00114,-0.0103,0.00593
1997-03-31,-0.04522,-0.04482,-0.04922,-0.04261
1997-04-30,0.1694,0.0423,-0.0216,0.05841
1997-05-30,0.08037,0.07162,0.08519,0.05858
1997-06-30,0.04335,0.04415,0.04315,0.04345
1997-07-31,0.17175,0.0765,0.04882,0.07812
1997-08-29,-0.03948,-0.03627,0.02761,-0.05745
1997-09-30,0.04562,0.05843,0.08174,0.05315
1997-10-31,-0.07076,-0.03453,-0.02615,-0.03448
1997-11-28,0.11371,0.03046,-0.02206,0.04459
1997-12-31,-0.04452,0.01777,-0.02388,0.01573
1998-01-30,-0.05615,0.00453,0.01537,0.01015
1998-02-27,0.05962,0.07323,0.06045,0.07045
1998-03-31,-0.00539,0.05132,0.04688,0.04995
1998-04-30,0.11552,0.01086,0.02324,0.00908
1998-05-29,0.01592,-0.02576,-0.04257,-0.01883
1998-06-30,-0.02287,0.03195,-0.02915,0.03944
1998-07-31,0.15406,-0.02326,-0.05055,-0.01162
1998-08-31,-0.14834,-0.15767,-0.19638,-0.1458
1998-09-30,0.14095,0.06384,0.04325,0.0624
1998-10-30,0.15564,0.07436,0.03783,0.08029
1998-11-30,0.11343,0.06199,0.07591,0.05913
1998-12-31,0.11658,0.06305,0.01886,0.05638
1999-01-29,-0.0061,0.03835,0.06485,0.04101
1999-02-26,-0.07247,-0.03811,-0.04217,-0.03228
1999-03-31,0.04418,0.03786,-0.00137,0.03879
1999-04-30,0.18018,0.049,0.0839,0.03794
1999-05-28,0.1102,-0.02072,0.02513,-0.02497
1999-06-30,0.11422,0.05102,0.03839,0.05444
1999-07-30,-0.02756,-0.03064,0.00727,-0.03205
1999-08-31,-0.008,-0.00998,-0.03061,-0.00625
1999-09-30,-0.0286,-0.02287,-0.01425,-0.02855
1999-10-29,-0.18802,0.06205,-0.00135,0.06254
1999-11-30,0.0502,0.03686,0.09141,0.01906
1999-12-31,0.0467,0.08393,0.08483,0.05784
2000-01-31,0.04056,-0.03975,0.05061,-0.0509
2000-02-29,-0.08356,0.03177,0.12044,-0.02011
2000-03-31,0.14842,0.05355,-0.00043,0.09672
2000-04-28,-0.05509,-0.05947,-0.0885,-0.0308
2000-05-31,-0.03583,-0.03905,-0.05732,-0.02192
2000-06-30,0.02037,0.05165,0.07924,0.02393
2000-07-31,0.02624,-0.01711,-0.01936,-0.01634
2000-08-31,0.17514,0.07581,0.05926,0.0607
2000-09-29,-0.14773,-0.05114,-0.0401,-0.05348
2000-10-31,-0.12444,-0.02456,-0.06681,-0.00495
2000-11-30,-0.04944,-0.10255,-0.11856,-0.08007
2000-12-29,-0.09091,0.02035,-0.00704,0.00405
2001-01-31,0.31765,0.03953,0.22501,0.03464
2001-02-28,-0.10688,-0.09927,-0.07451,-0.09229
2001-03-30,-0.03724,-0.07029,-0.07272,-0.06421
2001-04-30,0.19713,0.0839,0.07644,0.07681
2001-05-31,-0.02779,0.01056,0.06222,0.00509
2001-06-29,0.01073,-0.01748,0.00772,-0.025
2001-07-31,-0.06894,-0.01832,-0.02841,-0.01077
2001-08-31,-0.04867,-0.05908,-0.03501,-0.06411
2001-09-28,-0.08234,-0.09154,-0.1278,-0.08172
2001-10-31,0.17826,0.02797,0.0781,0.0181
2001-11-30,0.07088,0.07873,0.08081,0.07518
2001-12-31,0.04646,0.01784,0.05774,0.00757
2002-01-31,-0.10805,-0.01606,0.01819,-0.01557
2002-02-28,-0.08926,-0.02171,-0.03306,-0.02077
2002-03-28,0.05993,0.04469,0.07467,0.03674
2002-04-30,-0.19462,-0.04965,-0.00317,-0.06142
2002-05-31,-0.03773,-0.01046,-0.01551,-0.00908
2002-06-28,-0.10503,-0.07024,-0.06731,-0.07247
2002-07-31,-0.02222,-0.08114,-0.1075,-0.079
2002-08-30,0.07287,0.00798,0.00634,0.00488
2002-09-30,-0.22645,-0.09998,-0.08449,-0.11001
2002-10-31,0.3538,0.07496,0.04277,0.08644
2002-11-29,0.10299,0.06128,0.11778,0.05707
2002-12-31,-0.10838,-0.05331,-0.04016,-0.06033
2003-01-31,0.00903,-0.02343,0.00607,-0.02742
2003-02-28,-0.00128,-0.01541,-0.02142,-0.017
2003-03-31,0.00616,0.01033,0.00943,0.00836
2003-04-30,0.08249,0.0828,0.09822,0.08104
2003-05-30,0.03887,0.06351,0.13318,0.0509
2003-06-30,-0.06293,0.01633,0.04974,0.01132
2003-07-31,-0.01515,0.02313,0.06193,0.01622
2003-08-29,0.01132,0.02491,0.04743,0.01787
2003-09-30,0.07706,-0.0091,0.02524,-0.01194
2003-10-31,0.01302,0.06033,0.08093,0.05496
2003-11-28,0.01363,0.01661,0.03815,0.00713
2003-12-31,0.02364,0.04553,0.03892,0.05077
2004-01-30,0.07067,0.02306,0.06576,0.01728
2004-02-27,-0.0259,0.01547,0.01372,0.01221
2004-03-31,-0.04829,-0.01069,0.00629,-0.01636
2004-04-30,-0.03996,-0.02423,-0.04359,-0.01679
2004-05-28,0.00681,0.01413,0.00259,0.01208
2004-06-30,-0.00497,0.02156,0.02273,0.01799
2004-07-30,-0.01225,-0.03768,-0.05108,-0.03429
2004-08-31,-0.02527,0.00271,-0.00473,0.00229
2004-09-30,0.0124,0.02056,0.04159,0.00936
2004-10-29,0.04677,0.01781,0.02084,0.01401
2004-11-30,0.05203,0.04824,0.07993,0.0386
2004-12-31,0.04605,0.03518,0.05292,0.03246
2005-01-31,-0.05234,-0.02656,-0.02928,-0.02529
2005-02-28,-0.00707,0.0227,0.01664,0.0189
2005-03-31,-0.01296,-0.01694,-0.03184,-0.01912
2005-04-29,-0.16415,-0.02518,-0.04651,-0.02011
2005-05-31,-0.00825,0.03792,0.04381,0.02995
2005-06-30,-0.01787,0.01153,0.03216,-0.00014
2005-07-29,0.1248,0.04333,0.05875,0.03597
2005-08-31,-0.03163,-0.00594,-0.00722,-0.01122
2005-09-30,-0.00496,0.01061,0.01054,0.00695
2005-10-31,0.02069,-0.02078,-0.03388,-0.01774
2005-11-30,0.08818,0.04041,0.03432,0.03519
2005-12-30,-0.07537,0.00348,0.01348,-0.00095
2006-01-31,-0.01095,0.04011,0.07635,0.02547
2006-02-28,-0.01058,-0.00164,0.00484,0.00045
2006-03-31,0.02779,0.01906,0.03698,0.01107
2006-04-28,-0.00158,0.01297,0.00976,0.01219
2006-05-31,-0.02599,-0.03104,-0.04433,-0.03092
2006-06-30,-0.03855,-0.0004,-0.00844,0.00009
2006-07-31,0.00768,-0.0019,-0.02267,0.00509
2006-08-31,0.04986,0.02509,0.02513,0.02127
2006-09-29,0.01198,0.01945,0.00902,0.02457
2006-10-31,0.1268,0.03709,0.0463,0.03151
2006-11-30,-0.00119,0.02372,0.03126,0.01647
2006-12-29,0.0569,0.01082,0.01475,0.01262
2007-01-31,0.02059,0.01944,0.02232,0.01406
2007-02-28,-0.05961,-0.014,0.00215,-0.02185
2007-03-30,0.0142,0.01295,0.00657,0.00998
2007-04-30,0.08434,0.03989,0.02696,0.04329
2007-05-31,0.04686,0.03889,0.02302,0.03255
2007-06-29,-0.01266,-0.01476,-0.00788,-0.01782
2007-07-31,0.05131,-0.03175,-0.04362,-0.03198
2007-08-31,0.0582,0.01162,-0.01178,0.01286
2007-09-28,0.00951,0.0409,0.0253,0.03579
2007-10-31,-0.01426,0.02584,0.01727,0.01482
2007-11-30,-0.09077,-0.04928,-0.07708,-0.04404
2007-12-31,0.02776,-0.00434,-0.01088,-0.00863
2008-01-31,-0.00916,-0.06231,-0.04459,-0.06116
2008-02-29,0.06675,-0.02204,-0.02188,-0.03476
2008-03-31,0.01124,-0.01047,-0.02597,-0.00596
2008-04-30,0.04829,0.05114,0.03121,0.04755
2008-05-30,0.07647,0.02383,0.03218,0.01067
2008-06-30,-0.08422,-0.07863,-0.08707,-0.08596
2008-07-31,0.07973,-0.01315,-0.00099,-0.00986
2008-08-29,-0.04493,0.01104,0.01407,0.01219
2008-09-30,-0.03919,-0.09806,-0.12089,-0.09079
2008-10-31,-0.20511,-0.18473,-0.206,-0.16943
2008-11-28,-0.11692,-0.08521,-0.1366,-0.07485
2008-12-31,0.03137,0.02148,0.04308,0.00782
