Index,AABA.AS,ACA.PA,AGN.AS,AIB.IR,ALV.DE,BAS.DE,BAY.DE,BBVA.MC,BNP.PA,CA.PA,ALU.PA,DBK.DE,DAI.DE,DTE.DE,ELE.MC,ENEL.MI,ENI.MI,FORA.AS,FTE.PA,G.MI,GLE.PA,INGA.AS,ISP.MI,LG.PA,MC.PA,MUV2.DE,OR.PA,PHIA.AS,REP.MC,RNO.PA,RWE.DE,SAN.MC,SAN.PA,SAP.DE,SGO.PA,SIE.DE,SZE.PA,TEF.MC,UC.MI,VIV.PA
2003-03-03,10.4,11.42,5.54,10.39,56.75,28.55,10.46,5.91,30.83,28.76,6,33.69,21.66,9.64,8.37,3.14,9.94,6.62,15.99,18.77,36.82,8.06,1.14,41.53,34.51,68.87,52.24,11.98,11.46,27.27,18.49,2.57,41.31,16.18,22.53,33.67,10.06,7.68,2.2,9.89
2003-03-10,11.26,11.93,6.58,10.77,55.19,27.03,8.84,6.31,33.63,31.5,6.33,32.37,20.77,9.66,8.45,3.11,9.62,7.81,18.65,19.17,38.47,9.38,1.17,44.05,37.42,65.29,55.46,13.61,11.52,27.55,17.43,2.75,41.66,17.72,22.75,33.47,9.79,7.97,2.43,11.65
2003-03-17,12.16,12.04,6.7,11.06,55.97,33.34,12.06,6.9,36.37,34.71,6.93,39.36,24.24,10.02,9.04,3.14,9.97,8.32,17.76,18.83,42.91,10.18,1.27,49.12,38.24,69.82,56.63,15.42,12.36,29.84,20.07,3.04,45.94,18.13,24.47,38.86,10.43,8.7,2.59,12.38
2003-03-24,11.34,12.21,6.17,10.63,45.69,31.04,11.28,6.53,33.33,32.86,6.53,35.97,22.64,9.84,8.9,3.22,9.68,7.56,16.62,18.33,39.37,9.25,1.22,45.07,35.03,50.55,54.71,13.89,12.2,26.31,19.51,2.87,42.99,16.74,23.76,36.01,10,8.15,2.48,11.48
2003-03-31,11.97,12.52,6.32,10.75,45.71,33.63,12.24,7.16,35.52,33.99,6.62,37.35,23.83,10.74,9.28,3.27,10.25,8.12,17,17.48,41.02,9.8,1.24,48.18,33.92,54.81,59.33,14.23,12.38,28.11,20.57,3.13,46.38,17.19,24.95,37.8,10.9,8.66,2.57,11.42
2003-04-07,12.51,13.18,6.53,10.89,51.91,33.72,13.24,7.3,34.79,33.48,6.94,37.84,24.65,10.66,9.86,3.23,10.24,8.88,17.83,17.65,41.93,10.62,1.24,48.48,36.27,62,60.27,14.76,12.62,27.42,20.68,3.18,46.16,18.71,25.52,38.34,11.03,8.88,2.66,10.92
2003-04-14,12.77,13.3,7.72,11.12,53.88,34.66,14.02,7.58,35.6,34.85,7.19,41.32,25.66,11.5,10.16,3.27,10.16,9.6,18.02,18.47,45.1,11.7,1.3,48.56,37.23,70.43,60.13,15.37,12.33,29.16,21.39,3.31,47.25,21.6,25.16,40.82,11.45,9.21,2.66,11.95
2003-04-21,12.65,13.35,7.4,11.35,51.56,33.78,14.73,7.53,35.65,34.28,7,40.08,24.71,11.58,9.69,3.21,9.64,8.93,18.72,18.52,44.34,11.6,1.3,46.99,34.46,68.6,58.4,14.44,12.09,31.1,20.98,3.27,45.83,19.98,26.97,39.68,11.53,9.07,2.68,11.78
2003-04-28,11.92,13.78,7.61,11.56,60.41,35.5,14.95,7.3,36.55,36.35,7.08,42.09,25.01,11.35,9.96,3.25,9.9,8.95,17.67,19.16,46.97,11.7,1.34,52.4,35.85,77.81,60.22,15.23,11.85,32.96,22.51,3.34,47.43,22.03,27.56,41.46,13.1,8.95,2.73,12.14
2003-05-05,12.27,13.93,7.22,11.9,60.87,34.54,15.69,6.89,36.45,35.67,6.77,42.76,24.48,10.98,10.05,3.45,10.18,9.01,17.53,18.93,47.06,12.02,1.32,52.78,36.29,76.1,59.52,15.17,12.04,33.19,22.99,3.2,47.74,21.4,28,41.01,12.88,8.8,2.78,11.95
2003-05-12,13.02,14.25,7.53,11.35,62.57,34.48,16.9,7.1,37.92,35.85,7.02,43.52,23.18,11.52,10.3,3.46,10.25,9.1,18.07,19.29,45.74,12.07,1.43,51.12,39.63,78.73,59.19,14.96,12.27,31.66,23.18,3.28,47.96,21.28,28.23,38.89,13.38,8.82,2.79,12.55
2003-05-19,12.37,14.69,6.14,11.29,55.06,31.59,15.48,6.79,36.45,34.4,6.55,41.64,21.96,11.47,10.25,3.53,10.34,8.62,17.56,18.76,43.19,10.73,1.65,46.69,39.07,69.43,57.28,13.55,11.97,31.13,21.92,3.14,45.57,20.73,27.37,35.94,12.4,8.56,2.7,13.5
2003-05-26,13.53,14.85,6.73,10.64,60.31,33.49,15.9,6.89,36.93,35.03,7.42,44.59,22.99,12.05,10.45,3.59,10.52,8.87,18.47,19.13,44.38,11.37,1.77,46.05,40.76,78.44,58.22,15.04,12.1,32.88,22.61,3.27,48.18,22.49,28.95,37.45,13.09,8.8,2.81,13.41
2003-06-02,13.99,14.41,7.29,10.77,63.79,33.04,17.16,7.18,39.45,35.7,7.83,48.79,22.73,11.97,10.73,3.65,10.77,9.35,17.76,19.61,46.97,12.62,1.72,52.59,41.79,81.24,58.55,16.49,12.48,34.92,22.21,3.42,47.81,25.42,28.15,40.29,13.9,9.22,2.81,14.4
2003-06-09,13.98,14.78,7.47,10.62,69.23,34.68,17.3,7.5,40.04,38.07,7.41,51.59,23.9,11.76,10.91,3.64,10.78,9.7,17.23,19.38,48.42,12.7,1.75,50.5,42.02,85.91,59.44,15.31,12.68,35.79,23.57,4.59,48.44,25.39,30.29,39.08,13.76,9.31,2.93,14.1
2003-06-16,14.02,14.72,7.52,10.89,71.17,35.63,18.13,7.94,42.15,40.12,7.9,52.19,24.89,12.3,11.43,3.66,10.79,9.91,17.01,20.39,49.95,13.03,1.85,49.39,42.89,82.59,61.89,15.54,12.97,38.68,24.06,4.74,50.16,24.5,31.41,40.43,14,9.58,3.02,14.36
2003-06-23,13.76,14.51,7.57,11.11,69.02,37.72,20.13,7.72,40.53,39.06,7.61,52.83,26.39,12.8,11.34,3.53,10.81,9.88,19.05,19.62,47.35,12.82,1.88,45.83,41.5,79.64,57.13,15.48,12.74,39.2,25.32,4.68,46.28,24.81,32.89,40.63,12.64,9.47,3.04,13.98
2003-06-30,13.96,14.34,7.45,10.42,67.37,34.23,17.94,7.41,39.84,38.47,7.62,52.23,27.03,12.43,10.95,3.52,10.59,9.46,18.79,18.48,48.88,12.58,1.82,48.54,41.2,76.82,55.43,15.03,12.56,41.35,23.2,4.58,46.37,24.03,31.86,40.59,12.03,9.16,2.91,13.71
2003-07-07,13.61,14.33,8.34,10.64,73.33,36.09,18.57,7.87,40.95,39.01,7.64,53.2,27.88,12.15,11.19,3.58,10.77,10.03,18.35,18.92,49.18,13.17,1.87,51.88,43.63,80.72,56.23,16.42,12.77,42,23.77,4.76,47.99,24.79,31.95,43.21,12.48,9.26,2.92,13.54
2003-07-14,13.97,14.62,9.14,10.56,80.17,37.13,18.46,7.73,41.41,38.93,7.61,52.83,26.57,12.11,10.95,3.6,10.79,10.14,18.01,19.11,49.39,13.94,1.88,50.72,44.15,82.54,55.57,16.14,12.82,41.73,22.82,4.65,46.96,24.01,32.1,43.96,12.5,9.17,2.94,13.5
2003-07-21,13.76,14.37,9.18,10.55,78.11,36.71,17.74,7.65,40.62,37.78,7.63,52.53,26.98,12.15,11.07,3.69,10.65,9.83,18.46,18.87,50.37,14.07,1.89,50.54,44.28,79.73,54.63,16.23,12.86,43.31,22.8,4.62,46.55,23.44,30.76,45.54,12.5,9.26,2.97,13.67
2003-07-28,13.69,14.61,9.48,10.31,86.43,38.43,19.2,8.06,42.82,36.79,8.53,51.47,27.08,12.66,11.07,3.63,10.5,10.29,20.26,19.16,52.97,14.9,1.92,52.95,45.91,86.8,54.44,16.74,12.94,42.96,22.51,4.7,44.73,24.34,32.59,46.14,12.44,9.46,2.99,13.01
2003-08-04,13.81,15.46,9.22,10.53,80.35,36.29,17.43,7.91,42.1,37.82,8.2,48.52,26.86,12.76,11.16,3.6,10.9,9.94,20,18.72,52.07,14.33,1.88,52.95,44.38,80.33,53.92,16.46,13.11,42.73,22.32,4.55,43.9,23.23,32.22,45.99,12.18,9.45,3.02,12.82
2003-08-11,14.12,16.1,9.39,10.4,79.93,37.99,17.65,8.19,43.84,38.49,8.82,50.31,28.45,13.01,11.25,3.68,11.33,10.42,21.06,19.21,54.2,15.46,1.87,56.46,45.51,84.7,55.76,17.73,13.57,45.92,22.49,4.73,44.77,23.09,33.4,48.79,12.5,9.85,3.15,13.33
2003-08-18,14.07,15.54,9.81,10.6,80.21,38.9,18.28,8.3,41.96,39.63,9.26,49.22,29.7,12.98,11.4,3.68,11.32,10.72,20.31,19.14,51.44,15.63,1.83,56.24,50.04,92.17,59.02,19.39,14.07,46.48,22.35,4.69,44.47,24.96,33.45,52.64,13,10.09,3.07,13.58
2003-08-25,13.48,14.9,9.63,10.85,75.57,37.95,17.62,8.08,40.86,41.78,9.44,48.22,29.67,12.25,11.22,3.58,11.15,9.81,19.87,18.5,51.35,15.13,1.78,54.41,51.16,80.57,59.72,20.1,14,47.74,22.32,4.64,46.1,25.74,33.07,52.5,13.02,9.87,3.06,13.16
2003-09-01,13.97,14.97,10.18,10.7,79.97,38.33,18.26,8.21,41.24,41.32,10.6,52.32,30.93,12.31,11.22,3.63,11.31,10.12,19.5,19.19,52.75,16.12,1.89,57.62,51.39,87,59.02,20.17,14.1,48.92,22.16,4.73,47.27,28.54,32.83,53.07,13.61,10.13,3.09,14.53
2003-09-08,13.58,14.57,9.89,10.8,76.98,37.19,17.66,7.83,39.93,40.88,10.34,52.06,28.48,12.41,10.98,3.52,11.2,9.7,19.53,19.2,51.69,15.35,1.79,53.52,50.18,83.59,58.83,19.01,13.29,47.09,22.53,4.59,48.8,26.58,30.63,50.51,13.47,9.78,3.05,13.47
2003-09-15,14.15,14.91,10.14,11.05,77.26,37.72,18.85,7.95,41.06,42.33,10.69,52.92,29.21,12.31,11.05,3.54,11.05,9.83,19.42,19.62,53.18,15.67,1.88,54.37,51.16,83.62,58.92,20.29,13.46,49.14,22.32,4.7,50.34,28.27,32.88,52.15,13.19,9.95,3.05,13.82
2003-09-22,13.53,14.65,8.88,10.89,70.98,35.09,17.51,7.45,39.57,40.59,9.71,49.16,26.46,11.88,10.61,3.48,10.75,9.65,18.22,18.56,50.2,13.8,1.75,51.21,49.15,75.13,57.55,18.16,13.06,45.05,21.52,4.43,47.99,25.45,30.52,48.34,12.68,9.51,2.97,13.62
2003-09-29,14.05,14.61,9.37,10.61,74.45,37.72,17.63,7.69,40.98,41.75,10.58,51.8,26.91,12.11,10.61,3.49,10.98,9.65,18.61,18.66,51.82,14.72,1.79,52.1,51.76,79.53,57.74,19.27,13.45,46.87,21.79,4.54,49.07,26.9,31.36,50.74,12.58,9.81,2.97,14.03
2003-10-06,13.95,15.23,9.34,10.52,74.87,35.36,17.06,7.77,40.98,40.86,10.77,51.22,26.57,12.1,10.53,3.49,11.13,9.74,19.13,18.42,52.29,14.5,1.79,52.15,53.49,79.56,56.47,20.05,13.53,45.7,21.22,4.6,47.54,29.23,31.75,51.54,12.72,9.93,2.95,14.79
2003-10-13,14.59,15.46,9.45,10.48,77.73,35.91,17.57,7.79,40.7,41.72,10.63,51.68,27.45,12.1,10.63,3.51,11.18,9.85,18.89,18.57,53.52,15.03,1.77,52.77,54.52,84.01,58.78,20.45,13.73,47.48,21.45,4.72,47.59,29.11,32.51,51.9,12.77,9.78,3.05,15.04
2003-10-20,14.27,15.22,9.02,10.46,75.71,35.39,17.51,7.69,39.03,40.32,10.27,50.21,25.96,12.23,10.54,3.47,10.87,9.47,18.69,18.32,50.76,14.31,1.76,52.19,53.35,86.35,58.22,19.42,13.29,46.44,21.28,4.61,46.78,28.07,31.54,50.32,12.33,9.5,2.98,14.91
2003-10-27,15.26,15.73,9.63,10.67,86.06,35.09,19.03,8.26,40.7,41.56,10.82,52.14,27.71,12.8,10.8,3.47,11.07,9.79,18.3,18.71,54.33,15.22,1.89,54.81,55.55,89.04,60.01,21,13.66,49.48,21.89,4.93,47.95,29.52,33.72,54.13,12.5,9.86,3.07,15.53
2003-11-03,15.96,15.75,10.16,10.75,88.77,38.75,20.6,8.44,42.1,42.52,10.97,52.99,28.14,12.74,11.02,3.49,11.32,9.93,18.44,19.05,57.22,16.24,1.99,56.51,56.86,90.77,60.95,21.84,13.85,50.27,22.68,5.19,48.98,31.57,33.89,57.06,12.72,9.95,3.05,16.66
2003-11-10,15.66,15.82,9.92,10.5,89.66,38.45,20.61,8.48,42.08,42.18,10.62,52.44,27.88,12.99,10.97,3.54,11.41,10.06,18.2,19.74,56.24,15.86,2.03,59.04,56.2,90.01,60.48,21.78,13.4,50.14,23.67,5.2,50.47,31.22,34.39,58.57,12.76,10.03,3.05,16.32
2003-11-17,15.12,15.48,9.17,10.28,83.46,37.5,19.95,8.23,40.93,40.68,10.05,49.85,26.86,12.65,10.78,3.4,11.16,9.73,18.76,19.45,55.22,14.93,1.94,58.82,52.65,85.74,59.02,20.41,13.19,47.31,23.8,5.1,50.16,29.68,33.87,54.65,12.59,9.69,3.01,16.33
2003-11-24,15.52,15.67,9.5,10.47,87.92,37.5,20.63,8.37,42.32,41.37,10.38,53.34,27.32,13.11,10.84,3.44,11.52,9.99,18.9,19.7,56.79,15.22,2.04,59.13,53.68,82.13,58.4,21.46,13.26,48.22,24.64,5.26,50.88,30.21,34.68,56.56,13.09,9.95,3.03,16.46
2003-12-01,15.83,15.77,9.87,10.22,88.49,38.85,20.95,8.58,43.71,40.08,10.25,56.96,29.18,13.11,10.9,3.41,11.6,10.11,18.75,20.13,58.11,15.24,2.11,59.8,54.39,80.55,58.69,21.81,13.35,49.05,26.28,5.4,50.38,30.92,35.24,58.87,13.8,10.09,3.19,16.22
2003-12-08,15.38,16.02,9.63,10.33,88.62,38.18,20.37,8.6,43.86,39.29,10.18,58.4,30.45,13.45,11.27,3.45,11.92,10,18.96,20.24,58.28,15.15,2.02,60.6,52.89,80.69,58.69,21.35,13.42,46.87,26.74,5.41,50.65,30.77,35.12,59.08,13.86,10.5,3.13,16.2
2003-12-15,15.57,16.32,9.76,10.52,95.05,39.23,21.05,8.85,44.08,39.11,9.85,57.69,31.2,13.26,11.94,3.52,12.31,10.1,20.19,20.12,59.34,15.22,2.07,61.67,53.41,82.57,60.1,20.83,13.9,47.27,27.93,5.48,52.36,30.87,35.31,58.79,14.26,10.74,3.15,16.5
2003-12-22,15.6,16.1,9.76,10.66,93.36,39.35,21.05,9,44.21,38.88,9.77,58.26,31.74,13.47,12.13,3.49,12.1,10.02,20,19.79,58.66,15.24,2.06,62.07,52.99,82.31,61,20.82,13.93,47.31,28.72,5.58,52.95,30.92,35.69,58,14.34,10.79,3.1,16.5
2003-12-29,15.96,16.45,10.15,10.85,94.66,40.67,21.73,9.34,45.16,40.34,10.01,60.99,32.02,14.16,12.31,3.52,12.48,10.5,20.21,20.13,60.32,15.97,2.04,63.98,54.44,85.39,62.27,21.75,14.28,48.22,28.6,5.81,54.39,31.89,36.4,59.48,14.64,11.05,3.15,16.75
2004-01-05,15.7,16.76,10.31,11.19,92.83,40.63,22.24,9.39,45.7,38.28,11.71,58.97,31.15,14.53,11.98,3.56,11.94,10.88,20.18,20.12,61.89,16.2,2.04,61,55.38,82.05,60.86,22.2,14.1,47.14,27.41,5.81,51.64,32.89,36.09,62.78,14.38,11.51,3.09,17.61
2004-01-12,16.36,16.81,11.08,11.55,101.72,41.1,22.73,9.39,45.7,38.93,13.09,59.3,33.4,14.67,11.96,3.65,12.02,11.66,20.43,21.01,63.08,17.41,2.03,61.4,57.3,84.51,62.79,23.3,14.1,47.74,28.08,6.37,53.67,31.51,36.84,63.4,14.44,11.61,3.1,18.09
2004-01-19,16.55,17.1,10.75,11.58,104.09,40.74,22.41,9.4,46.51,38.97,12.53,58.9,33.34,15.52,12.31,3.74,12.28,11.52,21.34,20.99,63.38,17.89,2.04,59.98,57.4,84.22,62.79,22.42,14.89,48.61,30.56,6.39,52,31.25,36.92,62.56,14.68,12.05,3.18,18.22
2004-01-26,16.3,16.9,10.39,11.48,96.41,40.35,22.31,9.03,45.02,36.92,12.66,57.69,32.88,15.15,12.11,3.74,12.11,11.45,20.93,20.62,60.53,17.08,2.04,58.51,54.3,82.55,60.05,21.94,14.84,47,29.69,6.22,51.51,31.2,38.02,61.39,15.18,11.53,3.15,18.18
2004-02-02,15.77,17.3,10.19,11.28,96.59,39.08,21.29,8.8,44.93,37.36,11.54,61.17,31.47,14.85,12.19,3.82,12.15,11.71,19.8,20.45,61.98,17.33,1.94,59.75,53.46,79.46,61.85,22.38,15.05,45.87,31.05,6.27,52.27,31.34,38.19,60.93,15.35,11.95,3.07,17.73
2004-02-09,15.88,17.73,10.35,11.02,96.29,38.14,21.46,9.22,46.19,37.36,11.85,61.52,31.48,14.85,12.54,3.9,12.05,11.67,19.82,20.48,61.68,17.62,1.99,58.46,55.61,78.4,61.61,23.03,15.29,46.87,30.43,6.32,49.84,32.09,39.41,62.82,15.77,12.07,3,18.27
2004-02-16,15.98,17.63,10.45,11.13,98.12,38.1,20.89,9.3,46.55,39.63,11.99,64.94,30.95,15.48,12.76,3.95,12.37,11.96,20.02,20.8,61.64,17.38,1.94,60.15,57.44,81.41,64.25,23.07,15.26,48.61,30.5,6.31,50.25,31.34,40.07,61.15,16.12,12.11,3.01,19.55
2004-02-23,15.72,17.82,10.16,10.36,93.89,38.9,20.86,9.36,45.79,40.08,12.41,63.28,31.07,14.88,12.68,4.02,12.78,11.92,19.49,20.56,60.74,16.77,1.94,61.67,57.68,81.28,62.41,22.14,15.02,48.83,32.55,6.33,49.53,29.92,39.26,58.62,16.19,12.04,3.07,19.81
2004-03-01,15.69,17.21,10.18,10.61,93.83,39.45,21.49,9.46,45.65,40.21,13.68,68.77,31.33,15.14,12.86,4.11,13.05,12.32,19.59,20.97,61.93,16.87,1.92,62.47,57.72,82.75,62.13,22.63,15.39,50.35,34.26,6.35,49.8,30.94,40.42,60.32,15.71,12.19,3.09,19.68
2004-03-08,15.5,18.51,9.49,10.57,88.73,38.19,19.86,9.07,44.16,38.08,12.49,63.97,29.74,14.32,12.47,3.99,13,11.64,18.87,20.04,59.17,15.97,1.88,58.73,55.05,79.16,60.67,20.96,15.02,48.74,32.92,6.04,51.42,29.22,37.64,57.36,14.97,11.61,3.09,19.04
2004-03-15,15.5,18.27,8.86,10.67,82.51,37.28,18.29,8.91,44.19,37.55,12.08,62.18,29.14,13.91,11.4,3.97,13.25,11.29,18.48,19.97,58.92,15.08,1.77,57.35,54.11,78.99,58.64,20.72,15.15,47.96,32.86,5.92,50.43,29.4,37.14,55.83,14.52,11.41,2.85,18
2004-03-22,15.34,18.06,8.91,10.47,84.33,37.4,18.45,9.1,44.33,36.99,12.08,61.38,29.41,13.91,11.81,4.07,13,11.07,18.19,19.69,57.98,15.08,1.79,58.69,54.25,78.82,58.12,21.24,15.07,48.31,32.79,6.02,48.35,29.19,38.13,56.25,14.84,11.38,2.84,18.3
2004-03-29,15.63,18.16,9.61,11,87.9,39.38,18.9,9.43,46.82,37.71,13.08,64.88,30.42,14.12,12.27,4.31,13.57,11.67,19.18,20.09,61.81,16.14,1.83,61.27,56.6,81.41,60.53,22.81,15.35,50.83,34.84,6.33,48.98,31.59,39.45,59.04,15.4,11.77,2.92,19.38
2004-04-05,15.74,18.7,9.51,10.97,86.43,39.28,19.28,9.61,47.23,35.97,13.33,65.79,30.54,13.84,12.32,4.32,13.61,11.69,18.63,20.42,62.49,15.81,1.87,61.04,56.65,80.59,60.24,22.92,16.27,52.35,35.2,6.5,48.62,32.18,39.17,59.09,15.4,11.89,2.89,18.96
2004-04-12,15.47,17.82,9.63,10.81,86.61,40,19.86,9.62,46.37,36.03,12.61,65.23,30.34,13.9,12.51,4.43,14.1,11.91,18.12,20.92,61.76,16.09,1.84,61,56.83,81.59,61.19,21.95,16.6,51.48,36.78,6.41,48.62,31.03,39.05,58.8,15.9,11.89,2.92,18.61
2004-04-19,15.72,18.29,10.02,11.11,86.62,40.49,20.1,9.6,46.96,36.34,12.71,65.67,34.25,13.63,12.51,4.37,14.04,11.98,18.3,21.08,62.53,16.29,1.83,63.14,57.02,80.89,61.47,22.63,16.3,56.79,35.1,6.35,50.38,30.81,40.58,61.45,15.59,11.82,2.84,19.14
2004-04-26,15.34,17.72,9.48,10.5,82.89,40.41,20.8,9.45,45.11,36.3,11.85,63.05,33.56,13.63,12.31,4.29,13.74,11.64,17.7,20.79,59.09,15.64,1.83,61.84,55.15,78.13,59.35,20.9,16,54.14,34.24,6.13,47.72,29.8,39.14,56.92,15.15,11.43,2.81,18.04
2004-05-03,15.03,17.54,9.29,10.74,82.82,38.83,20.41,9.33,44.29,35.82,11.87,60.95,32.43,12.95,12.14,4.31,13.78,11.25,17.16,20.33,57.68,15.17,1.8,61.22,54.3,75.75,60.01,20.99,15.8,52.79,33.92,5.98,48.31,30.36,37.5,55.72,14.35,11.32,2.81,17.59
2004-05-10,14.56,16.92,8.42,10.47,77.98,38.86,20.35,9.11,44,35.35,10.91,59.5,31.97,12.44,11.8,4.31,13.49,11.09,16.53,19.88,58.58,15.33,1.92,60.55,52.85,72.66,60.74,19.88,15.35,51.09,33.73,5.83,48.13,30.42,36.59,52.94,14.43,10.53,2.81,16.95
2004-05-17,14.76,17.46,8.17,10.32,79.92,38.85,20.85,9.11,44.78,35.47,10.91,60.81,31.41,12.6,11.77,4.52,13.26,11.41,16.76,19.97,60.43,15.74,1.97,61.53,54.63,71.89,60.5,20.16,15.26,51.27,33.5,5.89,47.54,30.45,37.08,53.94,14.24,10.74,2.84,17.24
2004-05-24,15.17,17.81,8.59,10.13,81.32,39.3,21.85,9.3,45.02,37.5,11.22,58.85,32.77,13,12.16,4.58,13.52,11.72,17.31,20.39,61.23,16.17,2.24,62.91,55.48,73.84,60.64,20.46,15.8,53.05,33.76,5.99,48.71,31.96,38.33,54.45,14.42,10.94,2.9,17.94
2004-05-31,15.09,18.45,8.73,10.65,80.86,40.07,22.21,9.42,46.37,37.76,10.97,61.72,33.6,13.27,12.35,4.56,13.69,12,17.43,20.32,62.99,16.48,2.29,62.73,55.38,76.26,60.98,20.26,15.72,53.09,34.29,6.04,48.53,31.36,38.78,55.14,14.52,11.01,2.9,18.73
2004-06-07,15.29,18.46,8.7,10.69,82.88,39.9,21.76,9.48,45.61,37.4,10.74,62.92,34.33,13.58,12.56,4.72,13.99,12.01,17.87,20.83,62.9,16.63,2.32,62.65,55.43,77.45,60.98,20.37,16.05,53.66,34.97,7.29,48.67,32.28,38.64,56.02,14.54,11.09,2.97,18.36
2004-06-14,15.47,18.14,8.46,10.69,82.75,40.08,21.4,9.62,46.82,37.72,10.94,61.6,34.25,13.65,12.79,4.64,14.57,12.28,17.93,21.14,63.74,16.76,2.33,64.02,55.62,78.17,62.79,19.64,16.64,53.48,36.55,7.36,47.72,32.64,39.2,54.34,15.25,11.14,3.06,18.65
2004-06-21,15.57,17.97,8.55,10.82,83.14,40.9,21.91,9.49,46.19,37.97,11.96,60.29,34.67,13.58,12.88,4.79,14.3,12.25,18.12,21.35,62.46,16.87,2.39,63.89,56.29,77.14,63.65,20.12,16.8,54.14,36.59,7.19,47.18,32.79,38,54.98,15.35,11.28,3.07,19.51
2004-06-28,15.47,17.47,8.62,10.89,84.47,41.16,21.91,9.43,44.46,36.59,11.53,59.16,33.48,13.48,12.65,4.72,13.78,12.14,18.37,21.05,60.79,16.77,2.38,63.67,55.67,77.42,61.5,20.02,16.4,53.79,37.25,7.06,46.87,32.61,37.34,54.48,15.21,11.3,3.07,19.39
2004-07-05,15.08,17.2,8.24,10.82,80.62,41.33,21.44,9.42,44.27,37.04,11.06,57.42,32.81,13.38,12.74,4.79,14.33,12.1,17.9,21.02,61.05,16.61,2.41,63.09,55.62,73.77,58.93,19.53,16.67,52.74,39,7.03,48.49,31.13,37.21,53.27,15.22,11.34,3.02,19.33
2004-07-12,14.77,17.1,7.99,10.71,78.15,41.32,20.82,9.42,42.51,36.78,10.9,54.51,32.27,13.24,12.7,4.76,14.17,12.01,17.76,20.93,58.32,16.08,2.31,63.98,54.82,71.21,57.49,18.41,16.52,52.31,38.41,7,48.13,30.45,36.53,52.34,15.11,11.24,2.99,18.07
2004-07-19,14.55,17.13,8.06,10.81,75.17,40.49,20.16,9.22,41.76,36.18,10.66,54.66,32.46,12.72,12.4,4.68,13.96,11.79,17.24,20.84,57.88,16.01,2.32,63.4,53.77,67.33,56.92,18.19,16.31,52.01,37.81,6.62,49.21,30.51,36,51.95,14.82,11.15,3,17.67
2004-07-26,15.13,17.34,8.2,11.16,76.46,41.58,20.75,9.58,43.56,37.16,10.25,54.23,33.31,13.17,12.52,4.72,14.46,12.21,18.09,21.09,60.17,16.87,2.35,63.36,53.77,70.13,56.83,18.52,16.24,57.01,38.48,6.54,49.62,32.2,37.73,55.08,14.88,11.33,3.01,17.85
2004-08-02,15,17.51,7.73,11.29,71.99,41.29,19.89,9.38,43.61,35.71,9.32,50.62,30.85,12.7,12.25,4.48,14,11.84,17.19,20.33,58.05,16.84,2.33,60.82,49.88,66.66,54.34,17.28,15.48,56.44,38.58,6.56,49.71,30.08,37.28,52.45,14.35,10.68,2.97,16.81
2004-08-09,14.85,17.27,7.35,11.49,70.89,40.05,18.58,9.14,43.82,35.29,8.62,49.68,29.94,12.86,12.06,4.47,14.09,11.58,16.9,20.16,59.02,16.92,2.17,60.11,48.32,65.99,52.44,16.58,15.14,54.01,37.27,6.49,50.25,28.16,36.7,50.44,13.86,10.48,2.9,16.76
2004-08-16,15.18,17.87,7.66,11.38,73.52,40.89,19.43,9.35,44.66,35.46,9.28,52.32,29.87,13.27,12.31,4.45,14.04,11.72,17.26,20.28,60.43,17.38,2.21,60.69,49.03,66.69,53.25,17.13,15.41,54.83,36.83,6.54,50.43,28.77,37.15,51.95,14.18,10.72,2.93,17.23
2004-08-23,15.61,18.46,7.99,11.51,77.12,42.29,20.14,9.49,46.06,36.7,9.66,53.71,31.2,13.86,12.62,4.59,14.29,12.37,17.84,20.63,62.46,18.15,2.32,63.14,50.88,69.39,53.34,17.79,15.63,57.79,38.2,6.69,52.77,30.04,38.71,53.69,14.66,11.07,3,17.97
2004-08-30,16.01,18.71,8.14,11.76,78.1,42.77,19.65,9.82,46.15,39.31,9.16,54.51,31.45,13.67,12.86,4.7,14.87,12.69,17.05,21.06,62.73,18.28,2.39,63.85,50.88,68.84,53.44,17.58,15.92,57.92,38.61,6.92,52.32,29.28,38.93,55.36,15.59,11.08,3.04,17.77
2004-09-06,15.89,19.1,8.15,11.76,78.8,42.59,19.71,9.75,46.28,38.73,9.42,53.36,31.45,13.64,12.81,4.6,14.84,12.63,17.35,21.35,62.46,18.28,2.33,64.51,51.73,69.45,53.68,17.78,15.71,59.79,36.97,6.87,50.79,30.56,39.4,56.49,15.52,11.19,3,18.18
2004-09-13,16.48,19.53,8.25,11.93,81.85,43.87,20.54,9.75,47.72,39.29,9.5,55.94,31.79,13.87,12.98,4.68,14.87,13.17,18.01,21.54,64.45,19.01,2.33,64.6,53.68,72.95,53.77,17.97,15.65,59.48,37.21,6.72,51.64,31.43,39.74,57.27,15.96,11.38,3.11,17.67
2004-09-20,16.27,19.27,7.81,12.04,77.97,43.02,20.46,9.58,47,36.54,9.06,55.42,30.43,14.1,12.75,4.66,15.34,12.78,17.85,21.54,63.21,18.16,2.31,62.82,51.5,69.12,50.81,17.36,15.97,57.61,36.15,6.54,51.15,30.64,38.26,56.3,15.69,11.15,3.1,18.09
2004-09-27,16.63,20.06,7.87,11.94,79.57,45.78,21.27,9.84,48.31,35.61,9.39,55.87,30.67,14.71,12.9,4.86,15.64,13.22,18.38,21.53,64.49,18.71,2.34,64.96,52.21,69.98,51.24,17.52,16.55,59.27,37.37,6.68,53.49,31.39,39.55,57.06,16.02,11.78,3.1,18.4
2004-10-04,16.71,20.04,7.96,12.2,81.3,45.21,21.29,10.24,48.4,34.15,9.8,56.84,30.57,14.4,12.92,4.79,15.66,13.46,18.65,22.08,64.76,19.38,2.39,65.49,53.87,70.24,49.91,17.67,16.39,58.22,37.89,6.94,51.96,31,39.59,57.87,16.5,11.98,3.12,18.65
2004-10-11,16.45,19.59,7.59,12.2,77.11,44.39,20.61,10.28,47.36,32.56,9.73,56.3,29.55,14.08,12.8,4.77,15.25,13.33,18.32,22.08,63.57,18.59,2.41,63.71,52.21,64.88,49.81,16.56,16.14,55.83,37.87,7.06,51.73,30.59,39.18,55.45,16.3,11.85,3.15,18.13
2004-10-18,16.52,20.25,7.47,12.25,76.57,46.16,21,10.45,47.72,32.51,10.69,54.84,29.43,14.06,12.89,5.05,15.28,13.35,18.65,22.23,64.67,18.08,2.47,63.98,50.88,64.91,50.48,16.98,16.15,55.83,38.11,7.16,50.97,32.04,40.19,55.6,16.3,12.19,3.2,18
2004-10-25,16.79,20.32,7.64,12.11,79.39,45.91,20.78,10.75,48.04,32.19,10.92,55.96,29.07,14.21,13.17,5.38,15.05,13.45,19.73,22.34,64.14,18.62,2.45,63.67,50.93,67.41,51,17.06,15.64,57.05,39.26,7.32,51.6,32.28,40,55.12,16.6,12.1,3.18,18.4
2004-11-01,16.9,20.63,8.15,12.31,85.04,47.04,21.73,11.01,48.76,32.56,11.12,58.85,29.72,14.47,13.56,5.45,15.61,13.71,19.71,22.49,64.8,18.62,2.49,64.38,52.87,69.77,52.67,17.51,15.81,56.61,40.34,7.33,53.35,32.78,41.39,57.25,16.59,12.5,3.25,18.95
2004-11-08,16.92,20.89,8.68,12.74,88.55,46.96,22.5,10.64,48.62,33.1,11.27,59.96,30.96,14.98,13.6,5.34,15.66,13.92,20.17,22.56,66.17,18.86,2.61,64.07,53.77,73.1,53.63,18.1,16.08,57.4,38.7,7.4,53.62,33.53,41.29,57.43,16.15,12.16,3.24,19.58
2004-11-15,16.8,19.31,8.52,12.78,87.98,47.77,22.51,10.82,47.81,33.66,11.55,59.56,30.45,15.13,13.67,5.39,15.52,13.59,20.24,22.41,64.4,18.53,2.64,62.91,53.39,73.46,52.91,18.12,16.42,55.01,37.95,7.66,52.09,32.66,40.72,57.39,16.18,12.13,3.12,19.34
2004-11-22,16.57,19.78,8.46,12.78,90.04,48.03,22.56,11,47.5,33.74,11.32,60.51,30.35,15.05,13.53,5.33,15.77,13.62,20.32,22.42,64.98,18.59,2.57,62.82,51.07,74.51,52.72,18.05,16.83,53.79,37.82,7.62,51.37,32.88,40.49,57.26,16.18,12.36,3.15,19.33
2004-11-29,16.64,19.89,8.8,13.4,91.49,48.65,22.82,10.92,47.81,34.02,11.46,61.74,30.66,15.45,13.53,5.35,15.3,13.63,21.36,22.89,65.33,19.04,2.6,62.73,50.74,77.97,52.05,18.51,16.78,53.05,38.46,7.55,51.06,32.75,40.7,58.98,16.47,12.72,3.18,19.63
2004-12-06,16.56,19.95,8.78,13.18,89.74,48.34,22.8,10.93,47.86,33.84,10.92,60.85,30.85,15.38,13.7,5.6,15.39,13.58,21.29,23.44,65.24,19.31,2.61,61.27,50.79,77.97,52.05,18.03,16.85,51.18,37.68,7.5,50.43,32.16,40.57,58.23,16.91,12.96,3.18,19.89
2004-12-13,17.24,19.68,8.97,13.22,90.48,47.86,23.35,11.1,47.36,33.3,10.7,60.75,31.03,15.52,13.78,5.7,15.28,13.47,21.07,23.38,64.58,19.65,2.67,61.89,50.93,78.5,52.01,17.77,17.17,52.31,37.46,7.48,51.06,31.43,40.39,57.95,17,12.72,3.15,19.92
2004-12-20,17.49,19.82,9.09,13.36,93.17,49.11,23.63,11.36,48.08,32.97,10.63,60.66,31.9,15.65,14.23,5.74,15.75,13.74,21.08,23.93,65.9,19.89,2.7,63.67,53.16,80.43,53.2,17.9,17.64,53.66,38.48,7.64,53.13,31.76,41.3,58.69,17.51,12.97,3.19,20.3
2004-12-27,17.45,19.64,8.93,13.53,92.93,49.76,23.34,11.4,47.99,32.86,10.91,61.34,31.65,15.75,14.31,5.75,15.57,13.73,21.41,23.97,65.68,19.98,2.7,63.18,53.44,79.51,53.29,17.94,17.64,53.53,38.48,7.64,52.95,31.77,41.18,58.93,17.78,12.96,3.2,20.19
2005-01-03,18.49,20.17,9.47,13.66,92.82,49.66,22.5,11.46,49.7,33.99,10.61,62.98,32.25,15.88,14.08,5.67,15.41,14.16,21.87,23.95,68.77,20.24,2.77,65.98,53.16,82.28,55.2,17.47,17.38,56.57,41.08,7.55,52.09,32.24,42.19,59.13,17.88,13.09,3.21,20.93
2005-01-10,18.01,20.31,9.1,13.71,90.59,48.88,22.28,11.25,49.52,35.13,10.28,62.69,31.42,15.23,14.26,5.75,15.56,14.26,21.21,23.61,68.02,19.79,2.73,68.79,51.97,79.04,53.68,17.16,17.96,56.05,41.41,7.6,52,30.36,42.7,57.62,17.23,12.71,3.12,20.36
2005-01-17,18.56,20.04,9.08,13.75,86.81,48.85,23.35,11.12,49.97,35.4,10.13,61.29,31.34,15.37,14.2,5.67,15.66,14.38,20.57,23.64,67.58,19.52,2.75,70.12,51.31,77.36,52.67,17.2,17.91,55.05,41.06,7.54,51.96,29.37,43.06,57.64,18.12,12.63,3.2,20.39
2005-01-24,18.44,19.97,9.06,13.6,85.43,48.66,23.34,11.23,49.07,36.48,10.28,60.38,30.97,15.45,14.52,5.7,15.67,14.04,20.91,24.18,66.65,19.72,2.71,70.34,50.6,75.85,54.15,18,18.15,54.09,40.54,7.61,51.42,28.53,43.46,59.16,18.29,12.95,3.19,20.62
2005-01-31,18.65,20.48,9.39,13.74,87.78,50.42,23.49,11.61,49.34,38.16,9.24,64.37,32.17,15.63,15,5.97,16.19,14.09,21.25,24.83,68.2,20,2.76,71.41,51.59,78.06,55.16,19.09,18.53,55.18,44.91,7.86,51.69,29.24,45.38,57.99,19.55,13.25,3.29,21.06
2005-02-07,19.05,20.6,9.17,14.06,90.61,52.2,24.66,11.78,50.47,37.82,9.45,63.57,32.17,15.45,15.18,6.12,16.21,14.52,21.32,25.01,71.99,20.46,2.87,72.26,53.25,79.95,55.78,19.42,18.75,59.57,45.06,8.2,52,29.88,44.76,59.16,19.45,13.53,3.33,21.42
2005-02-14,18.95,20.28,9.14,14.44,88.37,53.3,25.03,11.59,49.88,37.5,9.06,62.65,31.83,15.13,14.9,5.95,16.5,14.64,20.78,24.29,71.15,20.59,2.83,71.19,54.25,79.56,56.83,19.33,19.26,59.92,44.8,8.08,52.72,29.49,44.7,57.83,19.18,13.37,3.39,21.02
2005-02-21,18.6,19.9,9.75,14.28,90.67,52.92,24.89,11.53,49.57,36.85,9.55,62.99,31.56,15.08,14.24,5.72,16.35,14.33,20.41,24.32,70.49,20.69,2.83,69.76,53.01,81.02,56.35,19.38,19.14,59.83,42.84,7.97,53.98,29.71,43.5,57.52,18.32,13.21,3.35,20.72
2005-02-28,18.73,20.38,9.61,14.81,92.93,53.99,24.94,11.57,49.93,37.55,9.51,64.33,31.35,15.01,14.57,5.75,17.31,14.44,20.44,24.21,70.18,21.44,2.85,69.1,54.63,82.54,57.16,19.99,19.92,59.31,42.54,8.16,57.31,29.76,43.28,60,18.5,13.14,3.3,20.61
2005-03-07,18.25,19.37,9.61,14.2,94.02,52.67,24.69,11.37,49.79,38.15,9.44,64.8,31.13,14.52,14.41,5.72,16.73,14.7,19.98,24.41,70.58,21.09,2.78,68.07,54.15,82.11,57.88,19.49,19.44,60.14,40.87,8,56.01,29.61,43.35,59.86,18.58,12.88,3.35,20.18
2005-03-14,17.96,19.16,9.29,14.35,93.08,51.36,24.03,11.09,49.61,37.38,9.22,63.32,30.24,14.56,14.61,5.83,17.06,14.86,20.06,24.18,70.54,21.02,2.84,67.63,54.29,81.53,57.26,19.33,19.28,59.01,42.69,7.96,56.86,29.26,43.56,58.95,18.3,12.67,3.42,20.31
2005-03-21,17.91,19.08,9.31,14.67,93.71,51.4,23.88,11.03,50.02,38.13,9.08,62.52,30.88,14.65,14.68,5.94,16.75,14.95,20.28,24.1,70.84,21.05,2.97,67.5,53.91,81.27,57.92,19.55,19.03,61.31,43.31,8.04,58.89,29.95,43.33,59.16,18.79,12.71,3.46,20.24
2005-03-28,17.14,18.55,9.17,14.61,93.7,51.96,24.14,11.16,49.34,38.7,8.94,63.29,30.84,14.61,14.65,5.89,17.17,14.77,20.38,23.94,70.54,20.78,2.99,66.92,54.48,81.76,58.07,19.47,19.18,60.7,44.11,7.9,58.93,29.88,43.79,59.02,18.76,12.5,3.42,20.39
2005-04-04,17.49,18.83,9.18,14.81,92.73,52.68,24.77,11.3,49.61,38.84,8.97,63.62,30.7,14.63,14.47,5.94,17.34,15.04,20.24,24.1,71.15,20.89,3,67.58,55.43,80.92,58.35,19.61,19.38,61.44,44.72,8.02,60.78,29.23,43.38,59.7,19.44,12.62,3.47,20.89
2005-04-11,17.23,18.59,9.03,14.95,89.66,48.99,24.04,11,48.44,38.49,8.53,62.28,29.29,14.67,14.28,5.86,16.68,14.86,20.06,23.62,70.27,20.55,2.88,64.2,53.49,78.19,57.26,18.76,18.94,58.7,45.56,7.73,61.46,28.02,42.75,58.51,19.12,12.28,3.41,20.3
2005-04-18,16.83,18.4,8.82,14.69,87.66,48.85,23.26,10.82,47.45,37.55,8.66,59.79,28.49,14.56,14.13,5.86,16.51,14.61,20.11,23.09,69.34,19.85,2.84,63.54,52.87,76.3,53.77,18.26,18.49,57.7,44.4,7.71,60.29,29.51,41.55,56.42,18.78,12.42,3.49,20.39
2005-04-25,16.87,17.7,8.78,14.31,87.83,48.66,23.73,10.64,45.83,36,7.85,59.22,28.48,13.7,14.2,5.84,16.49,14.43,19.98,22.84,67.85,19.46,2.89,62.51,51.69,76.32,53.06,17.92,18.31,56.27,45,7.61,61.59,29.42,40.51,54.57,19.12,12.28,3.43,20.1
2005-05-02,17.12,18.5,9.08,14.94,92.16,50.98,24.88,11.05,47.81,37.28,8.17,60.51,29.56,14.06,14.46,5.88,16.79,14.89,20.59,22.95,70.05,19.94,2.91,63.62,52.87,79.69,54.63,18.54,18.81,58.09,45.76,7.92,63.39,30.91,42.3,55.39,19.65,12.61,3.53,21.1
2005-05-09,17.02,18.93,8.84,14.63,89.1,49.84,25.12,11.13,48.49,36.7,8.06,57.82,29.86,13.93,14.67,5.71,16.53,14.86,20.12,22.72,68.9,20.16,2.9,63.31,54.44,75.71,55.38,18.85,18.42,60.66,45.41,7.85,62.99,31.07,41.82,55.23,20.08,12.41,3.53,21.25
2005-05-16,17.17,19.2,9.21,14.81,90.56,51.11,25.95,11.23,49.34,39.11,8.74,59.37,30.57,13.96,14.78,5.74,17.08,15.3,20.85,22.78,70.05,20.65,2.85,65.14,55.78,77.07,56.1,19.47,18.61,62.58,46.02,7.88,63.84,32.01,43.12,56.61,20.51,12.81,3.53,21.85
2005-05-23,17.27,18.81,9.56,15.42,91.43,52.12,26.08,11.2,51.24,39.07,8.43,60.36,30.34,14.31,14.81,5.88,17.63,15.48,20.64,23.7,73.58,20.93,2.87,65.54,55.88,78.12,57.51,19.53,19.22,62.13,48.98,7.9,65.24,32.35,43.47,56.71,20.67,12.75,3.44,21.74
2005-05-30,17.82,19.52,9.73,15.31,92.84,53.55,26.64,11.47,52.54,39.12,8.71,61.54,31.04,14.28,15.02,5.86,18,15.79,20.89,24.1,74.96,21.16,3.01,66.68,58.57,79.47,58.86,19.89,19.05,63.43,49.13,8.03,66.36,33,43.86,58.27,21.43,12.82,3.42,21.87
2005-06-06,18.05,19.09,9.71,15.35,93.92,54.59,27.34,11.38,52.68,38.29,8.72,62.74,31.8,14.14,15.2,5.97,18.23,15.94,20.47,25.06,76.01,21.18,3.01,69.21,59.67,81.66,59.25,20.71,18.76,62.58,50.95,8.03,65.32,33.35,43.09,60.16,21.07,12.72,3.4,22.03
2005-06-13,18.52,19.45,9.79,15.9,94.56,55.17,26.82,11.51,53.05,38.28,9.16,62.9,31.91,14.16,15.29,5.86,18.66,16.25,20.59,24.89,77.53,21.41,2.96,70.45,60.49,81.67,58.43,19.92,19.8,63.21,50.44,8.13,63.17,33.52,43.77,60.22,20.75,13.19,3.66,22.65
2005-06-20,18.49,18.95,9.67,16.19,92.97,53.3,26.53,11.31,52.68,38.29,8.68,61.69,31.84,13.93,15.66,5.91,18.82,16.01,20.34,24.66,76.66,21.18,2.93,68.75,60.97,79.39,57.26,19.91,19.91,63.79,50.81,8.09,62.11,34.01,43.46,59.62,20.74,12.69,3.6,22.44
2005-06-27,18.95,18.92,9.8,16.08,92.62,54.09,26.65,11.47,53.29,38.79,8.62,62.99,31.7,14.59,16.4,6.05,18.89,16.35,21.78,24.83,78.08,21.81,2.98,72.2,62.31,79.39,58.04,19.92,20.05,65.57,52.64,8.27,63.17,35.07,44.36,58.58,21.21,12.87,3.66,23.21
2005-07-04,18.77,18.59,9.94,16.02,94.83,52.92,25.95,11.42,53.24,37.92,8.57,62.66,31.46,14.53,15.86,5.96,20.3,16.21,22.02,24.41,77.48,21.8,3.04,72.06,61.69,79.51,57.55,20.25,21.57,64.9,51.79,8.26,63.49,34.01,43.82,59.41,21.15,12.7,3.62,23.17
2005-07-11,19.15,19.5,10.39,15.96,96.04,54.43,26.95,11.84,55.71,37.39,9.45,66.61,32.73,14.8,15.86,5.86,20.1,16.66,22.12,24.77,80.24,22.27,3.17,72.63,63.65,80.66,60.22,21.23,21.42,67.94,52.13,8.48,64.95,35.25,44.64,61.55,20.96,13.01,3.65,23.64
2005-07-18,19.46,20.38,10.51,16.53,99.2,55.98,28.24,12.23,56.65,37.41,9.38,68.56,33.55,15.08,16.05,5.87,20.16,16.83,21.4,26.16,83,22.92,3.17,74.01,65.48,84.28,62.64,20.98,21.54,67.99,53.91,8.54,64.08,35.13,46.24,63.36,21.25,12.89,3.6,23.21
2005-07-25,18.97,20.35,10.75,16.22,101.68,56.9,28.2,12.49,55.67,37.38,9.6,69.03,37.65,15.49,15.92,5.91,20.65,17.04,22.86,25.9,82.9,23.04,3.14,74.2,65.81,86.43,63.02,20.99,21.82,67.54,53.92,8.71,65.32,34.28,47.32,61.33,21.29,13.18,3.63,23.15
2005-08-01,18.56,20.45,10.49,16.1,100.4,56,28.62,12.31,56.27,37.02,9.41,67.11,37.59,15.15,15.72,5.78,20.48,16.84,22.47,25.14,81.02,22.62,3.13,73.67,63.41,83.57,62.01,20.4,21.72,67,52.38,8.64,64.31,33.54,46.91,60.34,20.63,13.12,3.65,22.66
2005-08-08,18.7,20.18,10.9,16.5,105.43,56.56,28.38,12.66,56.55,37.06,9.38,68.84,38.96,15.14,15.94,5.81,21.31,16.92,22.66,25.35,81.76,22.42,3.11,74.05,63.37,85.32,61.57,20.17,22.79,67.63,54.07,8.73,64.68,33.82,47.42,61.59,23.12,13.09,3.81,22.75
2005-08-15,18.7,20.18,10.85,16.22,105.66,56.19,27.68,12.53,56.41,37.58,9.36,69.19,39.57,14.88,15.83,5.85,21.07,16.85,22.98,25.32,81.66,22.46,3.12,73.06,63.08,84.64,63.51,20.3,22.49,66.78,53.72,8.67,66.55,33.83,47.47,60.9,22.87,13.05,3.83,23.1
2005-08-22,18.11,19.3,10.5,16.03,100.09,54.53,27.07,12.16,54.36,36.38,8.97,67.02,39.35,14.42,15.48,5.88,20.45,16.56,21.86,24.39,78.17,21.93,3.02,70.73,62.07,82.08,61.52,19.79,21.87,64.28,52.01,8.42,63.26,32.86,46.39,58.9,21.86,12.6,3.79,22.29
2005-08-29,18.3,19.45,10.45,16.24,100.31,56.31,27.8,12.29,54.78,36.1,9.28,68.94,37.99,14.42,15.99,6.05,21.23,16.56,21.42,24.4,80.42,21.91,3.11,72.72,62.89,80.94,61.72,19.98,23.18,62.67,53.51,8.62,62.89,33.31,46.88,59.4,22.64,12.72,3.88,22.26
2005-09-05,18.67,21.13,10.91,16.45,105.81,58.36,29.5,12.73,57.25,36.48,9.8,74.54,39.27,14.53,17.54,6.09,21.33,17.08,21.46,25.39,83.73,22.51,3.05,68.88,64.71,83.65,63.61,20.8,24.18,65.26,55.24,8.89,61.43,34.49,46.89,61.66,23.01,13.09,3.94,22.84
2005-09-12,18.74,21.05,10.92,16.11,103.8,58.65,29.4,12.54,56.27,36.44,10.09,73.38,39.41,14.53,18.3,6.09,21.75,17.11,21.72,25.14,83.73,22.66,3.1,69.07,65.96,83.05,64.67,20.97,24.29,66.24,55.52,8.91,60.51,34.68,46.61,61.57,22.37,12.97,3.92,23.38
2005-09-19,18.44,21.03,10.62,15.95,101.29,57.38,27.96,12.54,55.9,35.68,10.03,72.13,39.42,14.17,18.66,6.05,21.57,17.14,21.51,24.77,83.32,22.4,3.06,68.73,64.42,81,61.96,20.32,26.39,66.78,52.93,8.92,60.97,33.57,44.71,59.84,22.03,12.83,3.85,23.02
2005-09-26,18.79,21.96,11.44,16.29,108.98,60.69,29.16,13.11,59.03,36.75,10.56,75.13,41.42,14.33,19.19,6,21.78,17.37,21.43,25.19,87.22,23.36,3.04,69.54,65.86,85.5,62.4,20.73,25.45,70.4,53.71,9.4,62.94,34.76,45.71,61.77,22.61,12.92,3.89,23.95
2005-10-03,18.85,21.71,11.43,16.52,108.81,61.06,28.74,13.03,58.89,36.99,10.27,74.33,40.63,14.44,18.66,5.83,20.12,17.34,21.15,24.45,86.85,22.85,3,68.69,63.75,85.18,61.67,20.57,24.12,68.88,52.43,9.21,63.72,34.19,45.01,61.1,22.59,13.26,3.77,23.56
2005-10-10,18.62,22.16,11.47,15.74,112.47,59.66,28.28,12.98,59.82,36.91,10.16,73.81,39.42,14.52,18.54,5.68,19.71,17.41,21.21,24.59,86.81,22.72,3.04,67.26,65.62,89.1,60.94,19.91,23.36,68.03,50.74,9.31,62.85,34.47,45.56,60.89,21.75,13.23,3.86,23.3
2005-10-17,18.04,21.19,11.49,15.27,110.32,57.08,27.32,12.78,58.05,35.78,9.91,72.37,37.32,14.14,17.98,5.57,19.14,17.15,20.55,24.11,83.73,22.11,2.97,63.75,63.51,87.48,60.22,20.24,22.62,65.13,50.25,9.2,61.75,35.31,43.85,58.63,21.13,13.05,3.79,22.28
2005-10-24,18.03,21.35,11.42,15.64,111.78,57.09,26.93,12.98,57.77,34.98,9.1,73.37,38.07,13.94,17.41,5.48,19.72,16.92,19.42,23.52,84.97,22.21,3,63.7,63.03,86.69,57.89,20.05,22.73,62.71,50.74,8.95,59.78,34.01,42.96,58.34,20.69,12.92,3.77,22.38
2005-10-31,19,22.5,12.01,15.77,115.63,57.31,28.01,13.34,60.85,35.79,9.58,76.89,39.04,14.13,17.6,5.62,20.36,17.29,19.72,24.34,89.75,23.19,3.06,64.7,64.18,92.46,58.86,20.98,23.96,63.43,54.91,9.22,61.34,34.86,43.41,59.88,21.25,12.09,4.13,23.55
2005-11-07,19.48,23.67,12.47,16.22,115.92,59.16,30.48,13.56,63.46,36.43,9.64,78.96,40.02,13.86,18.08,5.67,20.1,17.85,19.42,25.08,91.86,25.3,3.16,65.6,66.92,95.98,58.91,21.48,23.35,61.82,55.04,9.36,63.49,35.44,43.72,61,22.35,12.01,4.33,23.07
2005-11-14,19.87,22.81,12.22,15.98,118.25,59.54,31.82,13.54,62.85,36.15,10.1,78.65,40.58,13.52,18.65,5.74,20.82,18.27,19.08,25.2,92.04,25.84,3.18,67.17,68.93,96.83,59.88,21.6,23.5,59.54,55.18,9.43,63.44,35.02,45.82,62.62,22.2,11.84,4.37,21.81
2005-11-21,19.8,23.1,12.2,16.64,118.96,60.98,32.05,13.68,63.46,35.47,9.88,80.83,40.15,13.63,18.9,5.74,21.26,18.2,19.59,25.04,93.61,25.77,3.27,68.69,69.75,98.27,60.12,21.93,24.52,59.41,57.18,9.48,63.53,35.98,46.69,62.64,22.88,12.03,4.44,22.06
2005-11-28,20.02,23.29,12.94,17.14,124.12,62.02,33.48,13.63,63.55,36.33,10.3,81.96,40.79,13.41,19.04,5.78,21.19,18.62,19.32,26.43,94.43,26.96,3.24,68.97,71.05,107.93,60.27,23.28,24.12,62,58.4,9.56,64.72,37.66,47.28,63.13,23.2,12.04,4.46,22.46
2005-12-05,20.38,24.21,12.73,16.5,121.65,61.27,32.58,13.31,62.57,36.5,10.09,80.64,40.52,13.27,18.5,5.81,21.16,18.62,19.2,26.05,93.79,26.96,3.26,70.11,71.96,102.64,59.88,23.2,23.61,59.86,57.25,9.4,64.72,37.47,47.38,65.33,23.17,11.91,4.42,22.16
2005-12-12,20.83,23.98,12.94,16.57,123.39,62.57,32.99,13.49,62.95,38.61,10.32,79.64,39.93,13.24,18.74,5.85,21.42,18.84,18.77,27.31,95.99,27.38,3.35,71.82,72.3,102.91,60.36,25.03,23.73,60.26,59.52,9.53,65.73,37.36,47.74,68.99,24.47,11.86,4.65,23.49
2005-12-19,20.94,24.34,12.93,16.7,124.8,63.05,34.11,13.64,64.16,37.99,10.28,79.94,40.16,13.23,19.26,5.8,21.24,19.4,18.74,28.03,97.28,27.98,3.46,72.34,72.49,104.15,60.31,24.89,23.65,60.3,61.44,9.72,69.53,37.18,48.14,69.32,25.07,12,4.77,23.21
2005-12-26,20.83,23.94,12.74,16.61,124.11,62.83,33.75,13.65,63.79,38,9.98,79.07,40.48,13.32,19.15,5.71,21.09,19.42,18.84,28.34,95.44,27.63,3.51,72.2,72.3,102.94,60.8,24.61,23.28,61.55,61.03,9.76,67.74,37.03,47.99,69.76,24.72,12.06,4.83,23.34
2006-01-02,21.29,24.94,12.65,16.98,131.53,61.46,34.49,14.02,65.84,39.57,10.91,81.33,41.36,13.57,19.13,5.82,21.58,19.78,19.63,28.08,98.2,28.33,3.52,73.2,74.27,102.24,61.19,25.54,24.27,64.01,60.64,9.9,71.77,38.6,49.43,72.4,25.91,12.42,4.77,23.36
2006-01-09,20.95,25.47,12.19,16.8,125.79,60.81,33.8,13.96,67.05,38.07,10.53,82.68,42.32,12.9,19.38,5.82,21.99,20.12,17.51,27.17,98.38,27.57,3.54,71.82,74.22,100.75,62.73,24.54,24.29,67,61.61,9.88,71.13,37.03,49.38,69.54,26,12.17,4.81,22.89
2006-01-16,20.5,24.74,11.86,16.47,121.55,60.14,32.92,13.88,64.49,36.65,10.08,80.24,40.2,12.41,20.31,5.95,21.86,19.68,16.77,26.33,94.89,26.31,3.47,75.05,72.01,96.6,63.46,23.76,24.01,67.63,63.72,9.63,69.71,35.3,48.09,67.45,26.98,11.77,4.64,22.35
2006-01-23,21.29,26.04,12.42,17.06,128.78,62.33,33.19,14.83,68.03,36.91,10.47,83.6,44.01,12.47,20.58,6.01,22.04,20.77,17.31,27.51,100.22,27.95,3.61,81.27,72.49,102.63,64.33,26.01,21.17,69.86,64.9,10.17,69.25,40.09,51.48,74.81,28.4,11.93,4.9,23.28
2006-01-30,21.83,26.19,12.25,17.07,125.31,62.68,32.21,14.97,68.27,36.83,11.02,83.67,44.57,12.35,21.75,5.94,21.96,20.81,16.28,26.84,100.31,28.05,3.71,82.18,72.59,99.9,63.9,25.86,21.25,68.21,66.53,10.28,69.35,40.61,52.48,72.66,28.48,11.84,4.84,22.55
2006-02-06,23.05,26.22,12.39,16.91,127.72,61.87,32.77,15.08,69.15,37.13,11.36,85.84,45.08,12.73,21.15,5.91,21.53,21.03,16.67,28,102.06,28.69,3.69,83.08,72.54,101.28,63.9,25.7,22.3,71.16,66.15,10.32,68.25,40.47,53.01,72.75,28.38,12.28,4.81,22.75
2006-02-13,23.61,26.91,12.72,17.9,130.28,61.08,33.41,15.13,70.74,38.1,11.25,87.99,45.36,12.89,21.82,5.93,21.45,21.39,17.19,29.17,108.95,29.39,3.75,84.93,72.15,104.18,68.45,26.41,22.25,73.79,68.34,10.61,67.65,41.16,53.05,75.34,28.05,12.39,5.01,22.65
2006-02-20,23.56,27.2,12.9,18.41,131.76,61.72,32.93,15.63,73.91,39.61,10.82,91.35,44.26,12.67,24.77,6.14,21.65,22,16.75,29.48,110.78,29.79,3.89,85.6,74.03,102.89,72.61,26.03,22.7,72.99,71.47,10.79,66.37,42.22,54.2,76.62,31.86,12.25,5.21,22.18
2006-02-27,22.7,27.54,12.52,17.44,129.38,60.49,32.33,15.28,71.63,39.33,11.18,88.72,42.31,12.91,24.03,5.94,20.94,21.03,16.29,28.32,107.48,28.95,3.83,83.51,77.64,99.35,71.69,25.04,22.69,71.78,68.54,10.59,64.31,41.47,52.72,73.81,29.33,12.48,5,22.66
2006-03-06,23.01,28.38,12.81,17.61,127.79,61,31.26,15.48,68.83,41.07,11.16,90.08,44.32,13.33,24.25,6,20.89,20.98,16.95,30.19,110.23,29.22,3.97,83.74,77.45,101.92,73.09,24.95,22.15,72.63,68.8,10.61,67.38,41.93,53.15,74.96,32.12,12.68,5.01,24.61
2006-03-13,23.43,29.09,13.81,17.53,130.86,60.96,31.56,15.61,70.23,41.77,11.42,91.23,43.77,13.2,24.03,6.02,21.1,21.27,16.7,30.84,114.82,30.23,3.98,85.45,78.32,101.25,71.98,24.92,22.68,74.6,69.85,10.64,67.42,42.14,54.01,74.54,32.3,12.47,5.05,24.51
2006-03-20,24.24,29.29,14.17,18.23,131.78,64.04,33.88,15.43,70.51,41.89,12.44,91.71,43.96,13.37,23.89,6.05,21.1,21.4,17.34,30.14,115.28,30.75,3.87,86.12,78.13,105.46,70.87,26.02,22.64,77.99,69.22,10.81,70.9,42.05,55.2,73.84,31.77,12.58,4.94,25.82
2006-03-27,23.33,28.89,14.15,18.13,133.66,62.82,31.62,15.71,71.53,42.15,12.17,90.99,44.48,13.17,23.28,6.01,21.13,21.27,16.66,29.84,114,30.74,3.86,88.83,77.93,105.3,70.38,26.55,22.38,78.39,70.08,10.63,71.86,43.28,55.06,75.58,30.57,12.29,4.95,24.99
2006-04-03,23.35,28.92,13.56,17.39,131.32,61.79,31.97,15.6,70.37,41.86,12.44,93.08,44,13,23.34,5.92,21.31,20.96,16.44,29.13,110.42,29.88,3.88,89.73,76.97,104.23,68.98,26.37,22.43,77.37,67.75,10.52,68.34,44.7,54.25,75.29,30.31,12.27,4.97,25.31
2006-04-10,22.76,28.27,13.26,17.25,128.38,62.29,32.11,15.36,68.59,42.79,12.07,90.95,43.13,12.8,23.33,5.8,21.57,20.59,16.01,28.79,109.68,29.56,3.8,87.12,76.06,103.14,70.29,25.55,22.06,75.49,70.31,10.29,68.61,44.18,52.62,73.62,29.11,11.94,4.9,24.63
2006-04-17,23.33,29.05,13.69,17.49,130.28,67.48,33.48,15.81,70.32,43.87,12.1,92.77,43.55,12.92,23.46,5.97,22.19,21.3,16.16,29.47,114,30.84,3.93,93.77,81.31,105.97,71.54,26.05,22.9,76.52,73.91,10.67,69.58,43.15,55.2,76.63,29.86,12.13,4.92,25.37
2006-04-24,22.34,28.74,13.41,17.62,128.73,65.99,35.02,16.15,69.9,44.14,10.89,93.95,40.78,13.55,23,5.89,21.78,21.48,16.61,28.52,111.24,31.02,3.85,92.63,80.39,103.87,71.16,26.04,22.61,82.19,68.72,10.84,68.43,41.87,56.78,73.58,29.32,12.05,5.13,25.52
2006-05-01,22.24,29.55,13.63,17.35,131.53,68.74,34.27,16.03,71.81,44.33,10.92,95.38,40.72,13.08,23.47,5.99,22.09,21.5,16.72,28.97,113.26,31.55,3.93,93.86,81.79,106.16,72.27,25.88,22.16,83.08,68.67,10.97,69.48,42.85,56.21,73.53,30.96,12.19,5.25,25.62
2006-05-08,21.79,29.93,12.9,16.8,126.89,66.25,34.89,15.8,71.16,44,10.01,92.37,39.41,12.24,23.08,5.89,21.44,20.88,16.34,28.09,112.53,30.74,3.92,94.29,79.04,102.79,69.23,24.08,20.58,83.35,64.5,10.69,68.11,41.76,54.53,69.42,30.02,11.75,5.39,25.6
2006-05-15,20.92,27.03,12.32,16.61,119.69,63.79,32.25,15.12,69.71,43.41,9.87,87.85,37.98,11.93,22.8,5.79,20.74,20.2,15.94,27.12,110.42,30.04,3.71,90.2,76.43,98.95,66.73,23,19.49,80.14,63.52,10.32,67.1,41.22,51.72,67.26,28.56,11.5,5.34,25.51
2006-05-22,21.13,27.02,12.64,17.39,120.21,64.99,34.56,15,70.83,44.51,10.06,88.45,38.96,11.89,23.06,5.99,21.18,20.83,16.19,27.98,114,29.82,4.26,90.92,76.63,99.15,70.21,23.7,21,82.25,67.27,10.33,69.71,42.25,52.58,67.16,30.09,12,5.36,26.03
2006-05-29,20.98,27.5,12.15,17.35,117.9,63.15,33.03,14.94,70.89,44.97,9.85,85.59,38.13,12.3,22.79,6.02,21,20.46,16.75,27.34,110.97,29.2,4.27,89.97,75.56,96.96,68.3,23.49,20.88,81.15,64.69,10.15,67.84,41.29,52.24,65.27,29.12,12.16,5.3,26.19
2006-06-05,20.72,26.01,11.79,16.75,113.45,61.11,31.66,14.15,68.33,44.35,9.27,82.19,35.8,12.31,22.88,6.12,20.47,19.48,16.37,27.33,105.27,28.2,4.23,86.33,71.56,94.09,65.94,22.26,20.29,77.57,64.11,9.79,67.18,39.15,49.04,62.44,30.09,12.33,5.22,25.59
2006-06-12,19.95,25.59,11.77,15.87,109.14,59.16,31.24,13.83,68.08,43.01,9.22,79.33,34.78,11.99,22.63,6.02,20.01,18.58,16.05,27.05,102.98,27.09,4.12,85.2,70.68,91.92,66.78,20.84,19.58,76.66,62.62,9.52,67.56,38.49,50.24,60.21,28.5,12.13,4.98,24.64
2006-06-19,20.34,26.38,12.06,16.7,117.31,60.91,31.71,14.32,70.21,43.58,9.52,81.95,35.5,11.85,23.55,6.09,20.74,19.2,15.75,27.14,105.46,28.71,4.21,92.73,72.24,95.8,69.87,22.65,20.39,76.61,62.65,10.01,69.99,40.95,52.66,66.61,29.93,12.25,5.41,24.83
2006-06-26,20.69,27.64,12.59,17.26,120.7,62.78,34.37,14.83,72.39,45,9.45,84.96,36.25,11.9,23.76,6.19,21.35,19.71,15.92,27.88,109.75,29.55,4.29,95.9,75.65,98.77,72.47,23.26,21.38,77.02,65.05,10.3,71.34,41.25,54.76,66.74,31.51,12.35,5.45,25.05
2006-07-03,20.74,27.86,12.43,17.27,120.14,62.55,34.73,15.54,73.79,45.91,9.36,84.64,36.08,11.89,23.91,6.28,21.72,20.15,16,27.7,110.61,29.52,4.21,92.82,74.39,98.43,70.95,22.55,21.86,77.44,65.22,10.46,72.51,41.42,54.23,66.19,30.61,12.44,5.35,24.04
2006-07-10,20,26.64,11.71,16.22,113.25,60.69,34.37,14.83,69.63,46.4,8.43,80.54,35.24,11.53,23.02,6.1,21.38,19.37,15.32,26.82,105.56,28.59,4.05,89.16,70.29,94.23,72.32,21.13,21.42,74.09,63.33,10,70.69,37.15,51.14,61.32,29.22,12.1,5.13,23.42
2006-07-17,20.3,27.34,11.97,16.91,116.49,61.27,35.83,15.02,70.21,46.35,8.09,82.59,35.34,11.4,23.1,6.25,21.32,19.92,15.54,27.06,106.13,29.05,4.06,88.09,71.61,97.23,73.6,22.47,21.2,72.3,65.09,10.21,72.19,34.56,52.12,61.95,30.35,12.21,5.16,23.81
2006-07-24,21.47,29.55,12.57,17.34,120.73,62.66,37.4,15.59,74.85,48.06,8.38,88,37.97,11.61,25.73,6.37,22.28,20.63,15.56,27.64,111.66,30.68,4.28,92.58,76.97,99.69,77.33,24.7,21.65,79.04,68.63,10.74,69.85,35.83,54.72,61.84,31.66,12.63,5.37,24.3
2006-07-31,20.34,29.73,12.8,18.36,125.01,62.55,36.5,15.76,77.37,47.36,8.36,84.8,37.3,11.59,25.55,6.42,22.25,21.03,15.64,27.52,115.58,31.33,4.24,95.85,77.07,104.33,77.92,24.89,21.53,79,70.21,10.8,66.44,35.65,55.79,62.2,31.67,12.7,5.43,24.25
2006-08-07,19.97,29.29,12.94,18.22,125.67,61.59,37.06,15.67,78.14,47.28,8.32,81.95,37.44,10.26,25.44,6.33,22.53,22.05,14.9,27.41,116.44,31.11,4.25,93.22,72.88,105.49,76.25,23.98,21.28,78.17,69.25,10.69,63.4,34.71,54.76,61.29,31.47,12.29,5.45,23.8
2006-08-14,20.85,30.55,13.3,18.83,128.76,63.47,37.85,16.5,80.46,47.36,9.19,84.71,38.86,10.69,25.64,6.42,22.54,22.72,15.54,28.56,121.21,32.4,4.47,97.66,76.34,107.61,76.64,25.17,21.59,83.21,71.94,11.01,66.11,36.79,56.18,64.58,31.95,12.57,5.62,24.59
2006-08-21,21.06,30.13,13.16,18.82,127.72,63.67,37.45,16.29,79.79,46.84,8.87,85.56,38.27,10.98,25.8,6.39,22.52,22.52,15.54,29.15,119.58,32.62,4.73,97.27,76,106.53,76.49,25.16,21.81,82.66,71.37,10.92,64.71,36.42,55.65,64.3,31.8,12.65,5.43,24.55
2006-08-28,21.5,29.29,13.5,18.91,129.97,64.65,36.73,16.77,80.51,47.81,9.27,86.54,38.69,10.76,26.17,6.42,22.13,22.98,15.69,28.86,119.97,33.57,4.97,99.18,78.14,109.36,78.55,25.48,21.67,83.63,71.39,11.02,66.11,37.09,56.82,65.3,32.84,12.75,5.56,24.67
2006-09-04,20.82,29.4,13.21,18.64,128.99,63.34,36.45,16.37,79.74,46.7,9.12,85.48,37.67,10.63,27.17,6.51,21.61,22.48,15.69,28.14,116.34,32.49,4.88,98,75.95,107.93,76.39,25.18,21.32,81.01,70.65,10.9,63.21,36.4,55.35,64.47,32.5,12.39,5.52,24.51
2006-09-11,21.77,31.11,13.74,18.69,131.93,62.47,37.69,16.71,80.37,48.44,9.09,89.78,36.76,11.17,27.5,6.55,20.96,23.49,16.41,28.82,121.11,33.72,4.81,98.98,76.68,111.54,78.36,26.08,20.85,82.34,71.8,11.13,63.63,38.55,56.04,66.14,33.55,12.34,5.69,25
2006-09-18,21.85,31.58,13.51,19.52,131.34,62.34,36.76,16.62,80.08,48.44,8.94,89.15,36.73,11.53,28.1,6.51,21.07,23.64,16.6,28.54,121.3,33.32,4.78,98.59,77.56,112.54,77.77,26.11,20.99,80.88,69.59,11.23,64.19,37.91,55.74,65.6,33.01,12.53,5.73,25.28
2006-09-25,22.25,32.18,14.17,19.58,133.37,63.15,38.45,16.96,82.06,48.92,9.33,91.87,36.98,11.87,32.15,6.61,21.66,24.13,17.14,28.87,119.78,33.97,4.87,99.47,79.21,115.33,78.6,26.34,22.71,82.94,72.75,11.35,65.64,39.1,56.04,67.49,33.62,12.97,5.83,25.99
2006-10-02,22.68,33.1,14.11,19.21,137.25,64.68,38.3,17.67,84.04,50.16,9.07,94.56,37.37,11.95,32.49,6.61,21.72,24.67,17.61,29.37,120.83,34.31,4.94,100.84,79.75,116.45,78.6,26.36,23.05,82.62,76.95,11.67,64.52,40.3,56.77,66.55,33.15,12.98,5.95,26.12
2006-10-09,22.48,31.58,14.23,20.01,142.1,65.68,38.3,18.01,84.24,49.28,9.3,95.22,38.24,12.1,32.64,6.57,22.07,25.18,17.9,30.37,126.65,35.16,5.1,103.67,80.82,118.14,74.43,26.58,25.31,82.89,77.87,12.28,64.61,41.24,57.51,66.04,33.71,13.29,5.96,26.19
2006-10-16,22.47,31.05,14.02,19.7,141.05,66.85,38.56,17.74,83.41,49.38,9.28,94.23,38.86,12.07,32.84,6.64,22.53,24.96,17.89,30.38,124.64,34.97,5.01,103.57,79.6,118.09,74.19,26.36,25.21,82.25,78,12.14,65.64,39.21,56.63,69.89,34.27,13.54,5.86,26.52
2006-10-23,22.25,31.22,13.98,19.74,141.59,68.92,37.89,17.63,83.7,47.76,9.73,95.14,40.6,12.79,33.06,6.89,22.01,24.73,19.47,30.07,125.41,34.03,4.93,103.57,80.19,116.43,74.73,26.53,25.16,83.35,77.38,12.39,64.19,38.99,57.07,69.9,34.09,14.33,5.81,27.23
2006-10-30,22.03,30.8,13.71,19.38,140.65,67.3,38.03,17.66,81.24,47.67,9.46,93.73,42.83,12.86,33.86,6.94,21.92,24.75,19.23,30.87,122.16,33.72,5.01,102.69,78.14,117.17,75.36,26.18,25.79,84.41,75.99,12.23,61.67,38.53,56.14,69.01,34.21,14.45,5.8,27.73
2006-11-06,22.39,31.04,13.93,20.28,148.05,70,38.66,17.91,83.27,48.58,9.93,94.72,43.14,12.43,34.07,7.15,22.99,24.29,18.71,30.96,125.31,33.04,5.04,107.68,79.26,117.43,76.3,26.84,26.9,86.74,79.38,12.64,61.53,39.29,56.48,73.47,35.5,14.72,5.86,27.35
2006-11-13,22.23,31.73,13.6,20.26,146.57,70.48,38.16,17.97,80.9,47.89,10.19,96,44.24,13.03,34.5,7.25,22.89,24.42,19.2,30.92,123.59,33.2,5.15,107.58,81.8,114.99,77.13,27.67,26.31,88.21,80.8,12.76,61.81,40.27,59.17,74.31,35.26,15.28,5.92,27.43
2006-11-20,22.09,29.54,13.52,20.18,145.65,70.71,37.3,17.83,80.27,46.94,9.89,96.93,42.73,12.95,34.18,7.23,22.85,23.53,18.91,30.81,122.54,31.93,5.17,107.58,79.85,113.2,76.05,27.47,26.75,85.32,86.54,12.81,61.81,40.29,58.83,73.18,34.88,15.09,5.9,26.8
2006-11-27,21.79,29.13,12.96,19.3,141.88,69,37.14,16.92,77.27,45.35,9.75,93.12,40.73,12.44,33.54,7.16,22.75,23.06,18.33,31.65,119.68,30.85,4.96,105.82,74.53,113.27,73.21,26.71,25.97,81.01,85.58,12.4,61.34,38.46,57.7,69.54,34.81,14.56,5.77,26.21
2006-12-04,21.96,29.1,13.14,20.03,145.2,71.01,37.98,17.03,78.05,45.03,10.07,95.76,41.72,12.65,34,7.32,22.91,23.2,18.56,33.62,118.34,30.88,4.98,107.38,75.6,115.9,74.19,26.54,26.8,80.74,87.95,12.74,64.1,38.94,59.27,72.2,36.84,15.35,5.84,26.78
2006-12-11,23.51,29.72,13.76,21.16,150.03,72.57,38.66,17.41,80.42,46.87,10.55,98.21,43.35,13.2,33.89,7.44,23.86,24.18,19.87,33.67,122.16,32.99,5.03,110.9,78.49,117.61,77.23,26.91,26.9,84.18,89.85,13.02,65.59,39.53,60.79,72.87,37.27,15.76,5.95,26.81
2006-12-18,23.69,29.19,13.65,21.02,151.19,72.94,38.52,17,77.85,44.64,10.45,96.82,43.26,12.98,33.83,7.27,23.36,24.23,19.62,32.43,122.16,32.72,5.05,110.9,76.48,120.36,73.5,26.8,25.4,80.83,82.81,12.87,64.47,39.62,61.67,71.41,37.1,15.56,5.91,26.91
2006-12-25,23.56,29.6,13.84,20.97,151.23,73.85,38.89,17.07,79.93,45.1,10.56,97.83,43.92,13.1,34.34,7.36,23.62,24.36,19.84,32.56,122.73,32.9,5.48,110.12,78.25,120.61,74.48,27.2,25.35,83.44,83.5,12.97,65.41,40.26,62.36,73.71,38.03,15.59,5.91,27.07
2007-01-01,23.68,29.44,13.87,21.25,153.62,73.15,38.99,17.54,81.33,45.82,10.98,98.52,44.22,13.67,33.83,7.33,23.11,24.47,20.46,32.85,124.64,32.96,5.36,109.92,76.92,119.99,74.78,26.87,25.2,84.18,80.5,13.3,65.55,40.82,62.41,73.89,37.25,16.24,6.06,27.31
2007-01-08,24.15,30.59,14.93,20.74,152.73,73.56,41.32,17.84,82.4,43.39,11.3,100.61,43.91,13.96,35.26,7.38,22.81,24.69,20.99,33.28,125.98,33.05,5.42,110.41,77.12,119.99,74.33,27.63,24.4,84.41,82.27,13.11,65.87,39,68.04,75.97,39.11,16.37,6.19,29.09
2007-01-15,23.99,30.65,14.83,20.83,148.44,73.46,41.98,18.02,81.72,43.36,10.86,101.38,45.81,13.84,36.29,7.42,22.9,24.49,20.82,32.54,126.46,33.31,5.41,112.07,77.41,118.09,73.94,27.97,23.98,86.33,80.24,13.12,66.62,37.83,69.51,76.72,36.85,16.23,6.3,29.3
2007-01-22,23.87,30.52,14.48,20.6,144.41,71.95,41.19,17.91,80.37,43.22,9.68,103.06,45.32,13.41,37.08,7.56,23.01,23.92,20.24,31.9,126.84,32.78,5.47,113.25,76.24,113.65,79.09,28.37,24.09,86.97,80.56,13.09,65.41,35.62,71.17,79.46,36.03,16.11,6.36,29.03
2007-01-29,23.9,31.24,14.85,21.16,151.81,75.64,43.39,18.34,84.04,45.02,9.47,103.83,45.53,12.76,37.41,7.74,22.84,24.91,19.97,32.75,131.99,33.7,5.43,115.59,79.42,114.3,79.88,28.48,24.53,84.18,82.27,13.31,63.26,35.56,71.32,82.7,37.51,16.29,6.45,29.02
2007-02-05,24.62,30.99,14.82,21.67,153.1,77,42.65,18.83,84.38,45.32,9.83,103.23,46.5,12.99,36.42,7.82,22.85,24.97,20.31,33.12,134.19,33.97,5.41,114.13,81.03,112.97,79.49,28.41,24.49,83.9,84.11,13.43,63.12,35.89,71.96,81.62,37.33,16.58,6.47,28.65
2007-02-12,24.57,29.88,14.58,22.14,152.07,76.22,42.53,18.37,80.42,47.18,9.66,103.51,50.78,12.94,36.56,7.86,22.59,25.83,20.41,33.47,128.84,33.35,5.33,112.85,85.39,113.88,78.55,28.11,24.27,85.83,82.45,13.4,62.23,35.79,72.01,82.66,37.79,16.57,6.45,28.52
2007-02-19,27.03,29.34,14.94,21.86,160.33,79.17,42.67,18.09,79.6,49.14,9.78,102.53,50.48,13.05,36.72,7.78,22.02,25.84,20.31,33.03,125.98,32.76,5.33,115.08,86.32,115.96,80.32,28.14,24.18,85.64,78.45,13.44,62.29,34.85,72.09,82.9,37,16.39,6.38,27.89
2007-02-26,26.14,27.63,13.86,20.22,153.67,76.82,40.43,16.86,74.73,51.05,9.12,94.41,47.72,12.05,36.89,7.42,21.45,23.73,18.82,30.75,118.54,30.7,5.17,106.94,81.04,108.82,76.49,26.27,22.69,80,76.28,12.61,59.93,35.34,68.38,77.15,34.9,15.25,6.1,26.8
2007-03-05,26.9,28.17,14.57,21.81,154.29,78.71,41.86,17.41,77.77,52.61,8.92,95.41,49.57,11.9,37.09,7.63,21.92,24.68,18.78,31.12,122.84,31.27,5.11,111.83,82.17,109.32,77.59,26.89,23.24,82.94,77.36,12.82,61.25,35.09,68.51,78.49,36.39,15.6,6.11,27.17
2007-03-12,26.4,26.77,13.83,20.74,145.61,76.32,42.59,16.67,73.69,54.82,8.72,90.79,50.68,11.78,36.71,7.46,21.38,23.34,18.36,29.58,115.61,29.41,4.99,110.07,79.09,105.13,76.89,26.66,23.38,78.67,75.85,12.1,59.14,33.97,67.9,77.65,35.91,15.21,5.95,26.5
2007-03-19,31.44,27.76,14.57,21.78,152.75,79,44.31,17.38,76.84,54.39,8.43,97.03,58.18,11.9,37.04,7.43,22.3,25.72,19.01,31.73,124.39,31.76,5.42,115.61,81.5,111.76,79.45,27.87,24.22,81.47,78.55,12.52,61.1,34.25,72.12,80.58,38.78,15.95,6.33,27.9
2007-03-26,31.17,27.12,14.3,21.11,150.21,84.28,45.76,17.33,75.62,53.75,8.54,97.35,57.62,11.71,38.79,7.54,22.58,25.77,18.72,31.16,123.47,31,5.33,114.99,81.28,117.08,80.2,27.78,24.42,80.28,79.19,12.35,60.87,33.37,71.68,78.5,38.28,15.96,6.34,27.81
2007-04-02,32.11,27.76,14.71,20.17,154.25,86.77,47.01,17.72,77.46,56.12,8.91,98.95,57.9,12.2,38.48,7.8,22.5,26.26,19.36,31.69,125.46,31.52,5.4,116.59,83.19,118.83,81.57,28.32,24.68,82.59,81.54,12.72,61.26,34.77,72.7,81.48,39.21,16.34,6.35,28.28
2007-04-09,32.55,28.28,14.92,20.63,157.43,89.22,47.1,17.55,78.37,55.3,8.86,101.31,58.49,12.43,38.89,7.72,22.89,26.24,19.69,32.45,128.79,32.15,5.52,114.84,83.93,119.02,84,28.52,25.44,83.51,82.63,12.76,63.06,35.39,71.63,84.04,39.59,16.41,6.46,28.38
2007-04-16,35.11,28.78,14.87,21.59,161.73,89.61,47.39,17.86,83.61,56.35,9.06,108.74,57.72,12.67,38.67,7.93,22.67,25.97,19.91,32.68,148.97,33.53,5.6,114.37,83.94,123.03,86.03,30.34,24.96,86.13,78.25,12.8,63.29,36.87,74.26,88.64,39.84,16.46,6.63,29.09
2007-04-23,35.55,28.78,14.77,21.26,162.12,87.74,48.69,16.91,82.58,55.72,9.42,108.79,57.33,12.64,38.62,7.81,22.57,25.27,20.32,32.99,148.31,32.65,5.78,114.67,83.89,124.91,86.04,29.44,23.53,89.42,76.88,12.21,63.07,35.49,75.92,88.26,40.1,16.01,6.94,28.91
2007-04-30,36.09,29.07,15.42,21.95,164.51,88.22,50.39,17.28,84.66,54.94,9.62,110.55,58.8,12.74,38.66,7.89,23.3,24.82,20.82,33.54,151.19,33.13,5.82,122.47,85.88,126.54,84.97,29.25,24.11,92.57,79.14,12.84,63.88,35.26,79.35,88.48,42.21,16.25,6.97,29.01
2007-05-07,34.64,30.64,15,21.08,160.42,87.68,48.81,17.48,90.67,55.25,9.63,113.88,58.31,12.73,38.52,7.88,23.07,24.68,20.92,33.52,148.6,32.61,5.73,123.16,84.23,129.03,84.67,29.11,24.44,91.6,82.7,12.92,63.4,34.53,78.14,85.45,40.93,16.22,6.85,29.37
2007-05-14,34.72,29.55,15.04,21.3,161.36,90.08,49.95,17.95,91.07,54.43,9.75,112.61,61.95,12.57,38.51,7.91,24.18,24.47,20.77,34.59,143.7,32.52,5.71,126.45,85.61,129.98,85.37,29.77,26.04,99.51,82.5,13.1,65.51,34.3,79.67,90.78,41.68,16.38,6.89,29.69
2007-05-21,35.21,29.54,14.72,21.55,162.91,90.89,51.17,17.77,90.87,54.58,9.95,112,64.64,13.41,38.38,7.93,24.38,23.96,21.23,33.9,143.51,32.22,5.66,126.56,85.87,132.37,86.07,29.5,25.74,98.81,81.13,13.03,66.11,35.18,78.11,96.05,41.1,16.47,6.64,30.13
2007-05-28,35.04,30.68,14.9,21.44,170.1,92.45,53.01,17.93,91.48,54.37,10.08,113.25,65.85,14.35,38.34,7.96,24.36,23.91,22.18,30.99,144.45,32.43,5.67,131.51,86.1,134.98,87.71,30.71,26.37,107.6,84.68,13.61,66.72,36.38,80.96,96.85,41.17,16.63,6.61,30.77
2007-06-04,34.65,29.48,14.37,20.01,163.1,86.62,50.64,17.17,87.16,51.92,9.87,106.46,62.38,13.69,38.25,7.76,24.3,23.37,21.24,29.46,138.64,31.78,5.52,125.28,83.33,126.7,84.89,30.14,25.54,101.78,80.08,13.26,64.81,36.25,76.76,92.39,38.27,16.14,6.41,29.7
2007-06-11,35.31,30.45,14.75,20.53,173.03,92.04,55.13,17.75,91.51,53.55,10.12,111.98,66.36,13.94,38.3,7.89,25.15,23.8,21.43,30.78,143.35,32.48,5.72,131.02,86.23,130.05,88.32,30.67,27.83,109.13,81.99,13.34,60.09,36.56,81.2,105.15,40.26,16.51,6.58,29.92
2007-06-18,34.42,30.32,14.63,19.93,177.57,94.66,55.03,17.25,88.55,51.69,10.41,110.45,65.13,13.54,38.38,7.72,25.25,23.91,21,30.35,140.02,32.75,5.59,132.25,84.11,130.91,84.98,30.53,27.9,109.55,78.56,13.03,57.93,37.79,81.4,103.06,40.57,15.95,6.4,29.94
2007-06-25,33.49,30.19,14.31,19.22,173.59,97.24,54.73,17.38,88.36,52.14,10.38,107.81,65.98,13.69,38.53,7.78,25.55,24.4,20.4,29.76,135.95,32.11,5.53,135.4,84.81,130.28,86.16,30.67,28.3,112.72,78.99,13.05,57.65,38.07,83.37,104.55,41.19,16.29,6.28,30.33
2007-07-02,34.15,29.9,14.36,19.82,171.1,98.64,55.29,17.54,88.32,54.23,10.58,108.44,65.68,13.67,38.76,7.74,26.36,23.94,20.4,29.9,137.2,32.19,5.45,134.8,84.14,129.89,84.99,31.76,29.66,113.63,79.06,13.39,59.02,37.15,84.26,107.13,40.94,16.55,6.34,30.08
2007-07-09,35.26,29.72,13.98,19.23,173.03,98.93,55.01,17.5,87.37,54.4,10.28,107.47,66.14,13.57,38.76,7.7,26.79,24.16,20.65,30.29,134.34,32.24,5.46,133.81,83.65,128.39,83.47,31.5,28.87,110.31,81.85,13.49,59.27,37.85,84.51,109,40.53,16.81,6.22,30.56
2007-07-16,36.02,29.45,13.63,19.07,166.71,97.53,53.66,17.35,84.24,53.36,9.9,103.85,62.63,13.19,38.76,7.69,25.83,23.23,20.15,29.76,133.99,31.92,5.39,126.75,81.41,126.05,81.21,30.67,28.2,106.07,80.35,13.32,59.91,40,82.35,103.96,39.58,16.92,6.05,30.12
2007-07-23,34.32,27.6,12.84,17.31,152.89,91.73,49.1,17.23,79.65,51.64,9.52,97.86,62.75,12.57,38.91,7.33,24.25,22.55,19.4,28.25,124.3,30.24,5.47,121.15,80.31,119.01,80.97,28.58,26.44,97.64,78.05,13.06,57.82,39.19,81.28,92.99,37.05,16.75,5.76,29.97
2007-07-30,35.05,27.23,12.7,18.11,153.79,91.85,50.46,17.03,80.46,51.18,8.37,98.39,63.22,12.72,39,7.24,23.36,22.04,20.22,29,126.46,29.45,5.51,120.1,79.52,118.83,81.06,28.05,26.5,97.85,78.08,12.99,57.35,39.39,81.69,89.23,36.85,17.17,5.87,28.65
2007-08-06,33.85,26.97,12.82,17.75,153.29,91.5,50.9,16.61,78.97,50.19,8.04,95.19,57.8,13,38.85,7.07,22.8,20.75,19.91,30.06,120.8,29.9,5.53,113.12,80.5,120.48,84,26.99,26.6,89.95,78.86,12.91,56.25,39.56,79.65,90.39,35.87,17.14,5.71,27.33
2007-08-13,33.57,27.28,13.21,17.99,158.03,90.08,52.69,16.4,78.2,47.78,7.73,94.85,57.85,13.19,39,7.15,22.62,20.67,21,29.38,116.8,29.34,5.61,108.95,78.22,124.19,82.01,26.61,25.99,88.84,81.91,13.03,55.56,38.65,77.25,86.48,35.94,17.11,5.8,27.49
2007-08-20,34.23,27.49,13.4,18.79,157.65,92.7,55.42,16.2,77.71,50.47,8.07,91.14,60.66,13.5,39.28,7.41,23.61,21.07,21.76,29.61,117.87,29.66,5.62,115.09,80.02,121.71,82.97,27.9,25.6,94.79,80.87,12.89,56.89,38.73,77.84,90.43,37.35,17.48,5.99,28.11
2007-08-27,34.13,27.7,13.39,18.08,157.32,97.13,56.51,16.26,77.42,51.37,8.03,90.63,62.7,13.64,39.34,7.4,24.11,20.82,22.14,30.03,117.01,29.52,5.53,113.99,81.29,121.28,84.37,28.12,25.93,93.63,82.54,12.88,57.47,39.53,79.86,90.44,40.47,17.94,5.96,28.53
2007-09-03,33.83,26.45,13.12,17.11,151.86,93.5,53.57,15.75,73.12,47.84,7.43,89.7,63.14,13.41,39.32,7.25,23.56,20.25,21.96,29.29,112.59,29.42,5.21,107.5,78.31,120.53,81.49,27.57,24.17,85.55,79.14,12.37,57.22,40.38,72.04,86.72,36.76,17.43,5.45,27.64
2007-09-10,35,26.83,13.22,16.79,149.52,93.01,54.74,15.35,73.72,48.47,6.5,89.97,62.81,13.67,39.45,7.5,24.07,19.86,22.56,29.84,112.2,29.99,5.28,108.62,79.5,120.47,86.57,29.64,23.83,87.71,82.54,12.28,58.99,41.39,71.51,85.86,37.66,18.48,5.51,28.1
2007-09-17,36.64,27.54,13.46,16.51,161,96.04,54.15,16.03,77.07,49.04,6.45,91.85,65.4,13.86,39.38,7.72,24.81,20.6,22.72,30.61,119.21,31.01,5.43,109.09,82.11,124.37,90.8,30.44,24.79,94.56,85.96,12.9,57.88,41.76,73.82,95.21,38.77,19.12,5.69,28.61
2007-09-24,36.95,27.05,13.43,16.4,163.85,97,54.46,15.83,76.74,49.13,7.2,90.38,67.95,13.78,39.54,7.75,24.69,20.65,23.49,30.86,116.33,31.13,5.41,108.65,83.35,128.92,90.28,30.76,24.53,96.09,88.2,13.11,56.96,41.05,73.19,94.59,40.04,19.33,5.69,28.14
2007-10-01,37.72,28.76,14.04,17.75,164.23,95.97,53.85,16.71,82.41,50.69,7.15,95.6,70.21,13.73,39.26,7.86,24.66,22.69,22.99,30.98,126.32,32.1,5.64,117.15,85.25,129.81,91.11,30.01,24.92,105.3,88.1,13.4,58.59,41.63,75.85,97.14,40.44,19.05,6,28.55
2007-10-08,37.83,27.66,14.18,16.55,162.5,95.61,56.25,17.04,79.9,47.7,7.07,93.01,72.2,13.68,37.05,8,25.12,23.48,23.96,31.39,121.38,32.45,5.5,117.61,84.77,132.38,88.85,31.24,25.07,104.41,89.44,13.29,60.09,39.51,72.6,96.13,41.25,21.21,5.86,29.39
2007-10-15,37.73,26.63,13.94,16.3,156.14,96.57,58.76,16.7,75.67,48.41,6.52,88.82,71.09,13.22,36.75,7.86,24.64,22.54,24.15,30.81,115.34,31.59,5.39,114.15,87.07,127.53,90.47,28.5,26.7,100.28,92.49,13.66,56.97,37.95,70.23,89.63,42.65,22.2,5.48,28.14
2007-10-22,37.71,26.75,13.89,16.3,151.16,97.85,56.86,16.24,73.94,48.09,6.51,87.42,73.88,14.28,35.87,8.02,24.44,22.15,25.66,33.44,110.32,30.34,5.34,113.21,87.47,128.39,87.53,27.86,26.28,104.87,95.92,13.83,57.41,37.22,74.15,90.08,43.56,22.49,5.32,29.6
2007-10-29,36.8,25.86,13.86,15.77,150.8,92.89,55.27,16.63,71.52,49.59,6.27,87,71.29,13.9,35.56,8.05,24.03,20.37,25.65,32.4,107.4,29.85,5.3,108.85,85.39,124.96,88.7,28.14,26.46,104.36,93.48,14.25,58.13,36.61,72.41,91.15,43.76,22.81,5.34,28.89
2007-11-05,36.55,23.42,12.91,14.28,141.3,92.8,54.21,15.85,68.59,47.54,5.62,82.59,69.45,14.21,35.56,7.98,23.25,17.54,24.81,31.19,98.85,27.23,5.14,107.97,81.07,117.48,86.87,28.21,26.43,92.18,95.61,14.33,58.97,35.34,70,101.8,42.93,22.05,4.84,27.98
2007-11-12,36.2,23.27,12.63,14.11,141.77,90.16,52.73,16.2,71.46,50.32,5.52,84.06,64.02,14.81,36.34,8.03,23.53,18.02,25.94,31.64,101.1,26.15,5.18,108.49,80.08,115.75,91.36,27.31,24.8,89.32,89.16,14.33,57.54,34.9,69.13,95.45,44.25,22.86,5.23,28.3
2007-11-19,36.46,22.05,11.88,13.35,136.26,92.61,55.37,15.89,71.93,53.3,5.09,83.98,63.04,15.18,35.95,8.12,23.33,17.05,25.65,30.69,96.63,25.22,5.22,104.37,79.59,114.81,92.92,27.64,24.45,88.88,91.96,14.05,60.07,34.79,67.05,96.37,44.6,22.1,5.39,29.01
2007-11-26,36,24.02,12.21,14.76,141,94.76,54.97,16.52,77.15,52.91,5.58,89.79,66.91,15.1,37.06,8.19,23.69,18.3,25.95,31.35,104.37,26.53,5.45,108.87,82.59,119.12,93.16,27.85,24.66,94.04,93.38,14.19,62.36,34.94,67.25,101.75,44.09,22.91,5.52,29.84
2007-12-03,36.16,24.1,12.41,15.17,143.75,97.2,56.95,16.74,77.87,53.16,5.5,90.15,66.58,15.05,37.58,8.35,24.37,19.05,24.94,31.81,105.32,27.07,5.49,107.67,84.34,125.89,94.08,27.67,24.67,93.62,97.9,14.43,63.02,35.71,68.49,104.16,45.27,22.86,5.64,30.36
2007-12-10,36.11,23.76,12.19,15.13,144.3,98.23,58.04,16.71,74.64,51.81,5.44,89.15,63.47,15.09,36.67,8.23,23.92,18.47,24.66,31.68,99.52,27.06,5.43,124.68,82.89,124.1,94.13,29.34,24.63,92.61,95.36,14.24,61.24,35.81,67.48,103.41,44.71,22.6,5.42,29.98
2007-12-17,37.1,23.07,11.94,14.86,146.43,101.08,60.57,16.23,74.04,53.55,5.18,87.87,63.51,15.01,36.4,8.06,24.01,18.01,24.66,30.74,97.31,26.45,5.34,126.15,82,125.35,96.56,29.26,23.38,91.67,94.35,14.27,62.34,35.68,65.05,106.69,45.47,22.54,5.33,30.16
2007-12-24,37.05,23.04,12.18,15.08,147.95,101.41,61.01,16.28,74.5,53.28,4.98,89.4,63.97,15.02,35.85,8.14,24.36,18.21,24.65,31,97.85,26.78,5.41,124.2,82.87,127.17,96.9,28.67,23.87,92.67,96,14.34,60.93,35.53,64.51,106.79,45.67,22.22,5.38,29.99
2007-12-31,37.27,22.33,11.67,14.95,142.08,102.17,60.91,15.64,72.4,50.93,4.8,87.22,56.92,15,35.6,8.1,24.47,17.77,24.3,30.43,95.59,25.59,5.28,116.61,79.11,126.19,93.36,27.19,24.09,81.74,97.73,13.81,58.61,34.12,59.81,101.34,46.26,21.41,5.17,28.96
2008-01-07,37.5,22.46,11.45,14.44,140.15,99.84,62.64,15.04,72.68,50.49,4.53,84.2,55.72,15.32,35.88,7.97,24.31,17.22,25.37,31.04,96,25.85,5.28,112.68,73.17,125.29,85.32,26.58,23.88,81.05,97.21,13.29,62.8,32.81,57.44,95.34,45,22.33,5.38,29.26
2008-01-14,37,20.28,10.48,14.37,133.19,91.95,58.54,13.92,69.39,48.71,4.71,78.42,51.32,15.06,34.01,7.99,22.56,15.14,24.67,29.49,84.36,23.45,4.95,116.45,70.11,115.35,83.2,23.69,22.01,72.96,93.69,12.06,58.67,33.69,53.72,90.25,43.46,21.53,5.04,27.31
2008-01-21,37.5,20.26,10.06,15.42,121.62,84.26,52.22,13.93,65.5,48.31,4.32,76.9,49.43,13.58,31.25,7.39,21.35,13.21,23.21,28.89,73.02,21.6,4.67,112.43,69.78,107.54,81.34,25.08,21.07,73.23,82.67,11.72,53.23,31.42,52.22,83.86,39.49,19.65,4.72,25.58
2008-01-28,37.1,20.93,10.25,14.77,121.23,87.93,53.6,14.23,65.28,47.54,4.27,77.39,51.5,13.56,32,7.47,21.16,15.28,23.67,28.4,86.79,22.48,4.76,110.73,71.17,116.39,81.89,26,22,72.39,82.55,11.82,51.89,32.25,55.2,89.39,40.47,19.78,4.83,26.73
2008-02-04,37.76,18.2,9.46,14.07,115.7,83.95,53.31,13.2,59.08,45.23,4.14,75.87,49.1,13.23,31.7,7.39,20.7,13.65,23.9,27.94,76.83,20.67,4.45,106.78,68.91,108.94,79.42,25.48,20.86,63.65,84.62,11.39,49.58,32.79,49.84,85.58,39.41,19.3,4.32,25.18
2008-02-11,37.8,17.56,9.23,12.64,113.07,85.54,54.3,13.22,59.11,45.91,4.12,74.32,51.96,13.03,33.49,7.37,21.76,13.64,23.32,27.81,75.35,20.17,4.46,110.47,69,107.66,81.21,25.01,22.38,65.93,85.98,11.38,49.83,32.47,50.71,87.58,39.99,18.85,4.58,24.96
2008-02-18,37.82,17.41,9.66,13.24,116.16,84.53,51.22,13.28,61.2,46.89,4.04,74.37,53,12.69,32.85,7.28,22.07,14.04,22.72,28.26,63.84,22.55,4.39,115.26,70.35,111.54,78.76,25.59,21.92,65.92,80.24,11.48,49.55,32.51,53.12,87.66,39.41,19,4.57,25.63
2008-02-25,38.1,18.04,9.96,13.6,117.5,83.98,49.61,13.5,59.57,46.68,3.91,74.26,53.67,12.57,33.16,7.14,22.28,14.66,22.28,28.47,70.28,22.25,4.45,114.98,68.23,111.34,77.25,25.25,22.85,67.32,79.87,11.69,46.8,31.61,52.22,85.42,40.92,19.24,4.63,24.92
2008-03-03,38.1,17.57,9.18,13.13,111.14,83.28,45.61,12.69,57.45,47.81,3.61,70.96,51.8,11.93,32.4,6.94,21.96,14.77,21.23,27.7,64.25,20.99,4.25,112.93,66.12,105.91,75.34,24.74,20.89,62.23,77.85,11.08,45.27,31.7,49.66,81.5,39.59,18.26,4.37,24.1
2008-03-10,38.32,17.69,8.95,12.95,111.61,83.7,47.18,12.97,56.5,47.06,3.42,69.99,50.52,11.42,32.83,6.69,21.5,14.7,20.63,27.32,67.96,21.41,4.42,107.22,66.21,107.21,77.32,24.42,22.52,60.14,78.47,11.28,43.7,31.39,48.42,80.1,40.73,18.33,4.21,22.9
2008-03-17,38.72,19.29,8.92,13.45,112.82,83.73,47.06,13.24,61.51,47.46,3.38,70.27,50.88,10.48,32.4,6.51,20.29,15.16,20.25,27.13,60.63,22.42,4.35,105.5,65.12,110.91,78.11,23.31,21.86,64.09,76.01,11.78,44.32,31.38,47.47,67.01,38.88,17.89,3.92,23.37
2008-03-24,38.51,19.45,9.51,13.25,126.06,84.89,49.6,13.76,64.49,48.48,3.6,72.38,52.83,10.72,33.66,6.72,20.99,15.98,21.41,28.61,63.38,23.64,4.43,109.15,69.49,118.47,78.56,24.08,22.27,65.47,77.93,12.45,45.42,31.66,51.22,68.88,39.64,18.54,4.06,23.64
