month.oil,day.oil,year.oil,date.oil,oil.world,oil.US,date.gas,gas
1,3,1997,1997-01-03,23.18,22.9,1997-01-06,1.225
1,10,1997,1997-01-10,23.84,23.56,1997-01-13,1.241
1,17,1997,1997-01-17,22.99,22.79,1997-01-20,1.241
1,24,1997,1997-01-24,22.05,21.83,1997-01-27,1.238
1,31,1997,1997-01-31,21.87,21.16,1997-02-03,1.236
2,7,1997,1997-02-07,21.56,20.97,1997-02-10,1.234
2,14,1997,1997-02-14,20.25,19.93,1997-02-17,1.227
2,21,1997,1997-02-21,19.78,19.38,1997-02-24,1.223
2,28,1997,1997-02-28,18.72,18.05,1997-03-03,1.215
3,7,1997,1997-03-07,18.54,17.74,1997-03-10,1.206
3,14,1997,1997-03-14,18.57,17.79,1997-03-17,1.2
3,21,1997,1997-03-21,18.81,18.36,1997-03-24,1.204
3,28,1997,1997-03-28,18.51,17.95,1997-03-31,1.2
4,4,1997,1997-04-04,17.62,17.09,1997-04-07,1.203
4,11,1997,1997-04-11,16.66,16.55,1997-04-14,1.199
4,18,1997,1997-04-18,16.59,16.32,1997-04-21,1.199
4,25,1997,1997-04-25,16.94,16.59,1997-04-28,1.195
5,2,1997,1997-05-02,17.25,16.98,1997-05-05,1.193
5,9,1997,1997-05-09,17.27,16.73,1997-05-12,1.193
5,16,1997,1997-05-16,18.16,17.82,1997-05-19,1.203
5,23,1997,1997-05-23,18.83,18.45,1997-05-26,1.212
5,30,1997,1997-05-30,18.4,17.97,1997-06-02,1.215
6,6,1997,1997-06-06,17.69,17.45,1997-06-09,1.207
6,13,1997,1997-06-13,16.52,16.5,1997-06-16,1.198
6,20,1997,1997-06-20,16.57,16.4,1997-06-23,1.187
6,27,1997,1997-06-27,16.89,16.71,1997-06-30,1.181
7,4,1997,1997-07-04,17.39,17.09,1997-07-07,1.177
7,11,1997,1997-07-11,16.92,16.81,1997-07-14,1.173
7,18,1997,1997-07-18,17.13,16.91,1997-07-21,1.177
7,25,1997,1997-07-25,17.26,17,1997-07-28,1.17
8,1,1997,1997-08-01,17.68,17.31,1997-08-04,1.193
8,8,1997,1997-08-08,17.77,17.7,1997-08-11,1.228
8,15,1997,1997-08-15,17.44,17.33,1997-08-18,1.229
8,22,1997,1997-08-22,17.43,17.39,1997-08-25,1.244
8,29,1997,1997-08-29,17.08,16.99,1997-09-01,1.243
9,5,1997,1997-09-05,17.22,17.04,1997-09-08,1.243
9,12,1997,1997-09-12,17.13,16.88,1997-09-15,1.236
9,19,1997,1997-09-19,17.19,16.59,1997-09-22,1.225
9,26,1997,1997-09-26,17.61,16.95,1997-09-29,1.21
10,3,1997,1997-10-03,18.66,17.92,1997-10-06,1.209
10,10,1997,1997-10-10,19.34,18.61,1997-10-13,1.203
10,17,1997,1997-10-17,18.57,17.77,1997-10-20,1.193
10,24,1997,1997-10-24,18.51,17.75,1997-10-27,1.182
10,31,1997,1997-10-31,18.38,17.59,1997-11-03,1.176
11,7,1997,1997-11-07,18.25,17.41,1997-11-10,1.177
11,14,1997,1997-11-14,18.28,17.37,1997-11-17,1.168
11,21,1997,1997-11-21,18.07,17.19,1997-11-24,1.162
11,28,1997,1997-11-28,17.83,16.87,1997-12-01,1.152
12,5,1997,1997-12-05,17.01,16.17,1997-12-08,1.141
12,12,1997,1997-12-12,16.41,15.62,1997-12-15,1.131
12,19,1997,1997-12-19,16.04,15.42,1997-12-22,1.121
12,26,1997,1997-12-26,15.95,15.41,1997-12-29,1.112
1,2,1998,1998-01-02,15.21,14.86,1998-01-05,1.102
1,9,1998,1998-01-09,14,13.8,1998-01-12,1.094
1,16,1998,1998-01-16,13.42,13.26,1998-01-19,1.083
1,23,1998,1998-01-23,13.33,12.95,1998-01-26,1.066
1,30,1998,1998-01-30,13.82,13.26,1998-02-02,1.061
2,6,1998,1998-02-06,13.38,13.05,1998-02-09,1.053
2,13,1998,1998-02-13,12.91,12.77,1998-02-16,1.038
2,20,1998,1998-02-20,12.51,12.38,1998-02-23,1.044
2,27,1998,1998-02-27,11.96,11.66,1998-03-02,1.028
3,6,1998,1998-03-06,11.81,11.59,1998-03-09,1.018
3,13,1998,1998-03-13,10.94,10.69,1998-03-16,1.008
3,20,1998,1998-03-20,10.5,10.38,1998-03-23,1
3,27,1998,1998-03-27,12.52,12.4,1998-03-30,1.03
4,3,1998,1998-04-03,12.39,12.48,1998-04-06,1.028
4,10,1998,1998-04-10,11.83,11.91,1998-04-13,1.025
4,17,1998,1998-04-17,11.94,11.92,1998-04-20,1.028
4,24,1998,1998-04-24,12.13,11.99,1998-04-27,1.04
5,1,1998,1998-05-01,12.39,12.28,1998-05-04,1.049
5,8,1998,1998-05-08,12.68,12.8,1998-05-11,1.063
5,15,1998,1998-05-15,12.52,12.62,1998-05-18,1.072
5,22,1998,1998-05-22,12.2,12.2,1998-05-25,1.07
5,29,1998,1998-05-29,12.39,12.38,1998-06-01,1.066
6,5,1998,1998-06-05,12.11,12.06,1998-06-08,1.075
6,12,1998,1998-06-12,11.11,11.01,1998-06-15,1.066
6,19,1998,1998-06-19,9.91,9.62,1998-06-22,1.058
6,26,1998,1998-06-26,10.83,10.74,1998-06-29,1.057
7,3,1998,1998-07-03,10.82,10.72,1998-07-06,1.058
7,10,1998,1998-07-10,10.98,10.68,1998-07-13,1.054
7,17,1998,1998-07-17,11.11,11.11,1998-07-20,1.059
7,24,1998,1998-07-24,11.3,11.03,1998-07-27,1.05
7,31,1998,1998-07-31,11.7,11.53,1998-08-03,1.039
8,7,1998,1998-08-07,11.49,11.34,1998-08-10,1.033
8,14,1998,1998-08-14,11.02,10.8,1998-08-17,1.026
8,21,1998,1998-08-21,11.33,10.98,1998-08-24,1.019
8,28,1998,1998-08-28,11.53,11.17,1998-08-31,1.013
9,4,1998,1998-09-04,11.61,11.14,1998-09-07,1.007
9,11,1998,1998-09-11,11.78,11.5,1998-09-14,1.002
9,18,1998,1998-09-18,11.81,11.79,1998-09-21,1.014
9,25,1998,1998-09-25,13.06,13.07,1998-09-28,1.014
10,2,1998,1998-10-02,13.76,13.5,1998-10-05,1.019
10,9,1998,1998-10-09,13.01,12.64,1998-10-12,1.022
10,16,1998,1998-10-16,12.01,11.69,1998-10-19,1.019
10,23,1998,1998-10-23,11.5,11.07,1998-10-26,1.015
10,30,1998,1998-10-30,12.11,11.77,1998-11-02,1.01
11,6,1998,1998-11-06,11.79,11.44,1998-11-09,1.008
11,13,1998,1998-11-13,11.37,10.84,1998-11-16,0.996
11,20,1998,1998-11-20,10.61,9.99,1998-11-23,0.989
11,27,1998,1998-11-27,10.54,9.72,1998-11-30,0.974
12,4,1998,1998-12-04,9.48,8.87,1998-12-07,0.954
12,11,1998,1998-12-11,9.16,8.51,1998-12-14,0.945
12,18,1998,1998-12-18,9.59,8.95,1998-12-21,0.944
12,25,1998,1998-12-25,9.41,8.73,1998-12-28,0.937
1,1,1999,1999-01-01,9.76,9.1,1999-01-04,0.935
1,8,1999,1999-01-08,10.37,10,1999-01-11,0.941
1,15,1999,1999-01-15,10.59,10.14,1999-01-18,0.944
1,22,1999,1999-01-22,10.25,9.63,1999-01-25,0.936
1,29,1999,1999-01-29,10.38,9.89,1999-02-01,0.929
2,5,1999,1999-02-05,10.04,9.6,1999-02-08,0.927
2,12,1999,1999-02-12,9.31,8.9,1999-02-15,0.919
2,19,1999,1999-02-19,9.46,8.99,1999-02-22,0.907
2,26,1999,1999-02-26,10.01,9.62,1999-03-01,0.913
3,5,1999,1999-03-05,10.26,10.03,1999-03-08,0.921
3,12,1999,1999-03-12,11.16,11.12,1999-03-15,0.977
3,19,1999,1999-03-19,12.28,12.1,1999-03-22,1.017
3,26,1999,1999-03-26,13.09,12.9,1999-03-29,1.082
4,2,1999,1999-04-02,14.09,14.14,1999-04-05,1.118
4,9,1999,1999-04-09,13.87,13.77,1999-04-12,1.14
4,16,1999,1999-04-16,14.32,14.24,1999-04-19,1.135
4,23,1999,1999-04-23,15.37,15.39,1999-04-26,1.131
4,30,1999,1999-04-30,15.62,15.83,1999-05-03,1.136
5,7,1999,1999-05-07,15.94,16.17,1999-05-10,1.14
5,14,1999,1999-05-14,15.14,15.29,1999-05-17,1.14
5,21,1999,1999-05-21,14.47,14.52,1999-05-24,1.126
5,28,1999,1999-05-28,14.59,14.63,1999-05-31,1.111
6,4,1999,1999-06-04,14.21,14.07,1999-06-07,1.112
6,11,1999,1999-06-11,15.32,15.21,1999-06-14,1.108
6,18,1999,1999-06-18,15.62,15.55,1999-06-21,1.124
6,25,1999,1999-06-25,15.67,15.47,1999-06-28,1.113
7,2,1999,1999-07-02,16.28,16.16,1999-07-05,1.125
7,9,1999,1999-07-09,17.4,16.97,1999-07-12,1.143
7,16,1999,1999-07-16,18.07,17.56,1999-07-19,1.169
7,23,1999,1999-07-23,18.29,17.78,1999-07-26,1.193
7,30,1999,1999-07-30,18.75,18.23,1999-08-02,1.195
8,6,1999,1999-08-06,18.74,18.32,1999-08-09,1.206
8,13,1999,1999-08-13,19.55,19.15,1999-08-16,1.236
8,20,1999,1999-08-20,19.97,19.58,1999-08-23,1.234
8,27,1999,1999-08-27,19.78,19.24,1999-08-30,1.233
9,3,1999,1999-09-03,20.09,19.64,1999-09-06,1.242
9,10,1999,1999-09-10,21.33,20.82,1999-09-13,1.25
9,17,1999,1999-09-17,22.24,21.84,1999-09-20,1.268
9,24,1999,1999-09-24,22.32,21.97,1999-09-27,1.262
10,1,1999,1999-10-01,22.68,22.29,1999-10-04,1.255
10,8,1999,1999-10-08,21.77,21.1,1999-10-11,1.249
10,15,1999,1999-10-15,21.08,20.39,1999-10-18,1.236
10,22,1999,1999-10-22,21.35,20.64,1999-10-25,1.237
10,29,1999,1999-10-29,21.28,20.62,1999-11-01,1.23
11,5,1999,1999-11-05,21.49,20.73,1999-11-08,1.233
11,12,1999,1999-11-12,23.25,22.39,1999-11-15,1.251
11,19,1999,1999-11-19,23.96,23.24,1999-11-22,1.269
11,26,1999,1999-11-26,24.64,24.24,1999-11-29,1.274
12,3,1999,1999-12-03,24.33,23.43,1999-12-06,1.273
12,10,1999,1999-12-10,24.7,24.05,1999-12-13,1.275
12,17,1999,1999-12-17,24.26,23.6,1999-12-20,1.269
12,24,1999,1999-12-24,24.44,23.65,1999-12-27,1.273
12,31,1999,1999-12-31,24.42,23.86,2000-01-03,1.272
1,7,2000,2000-01-07,23.17,22.68,2000-01-10,1.264
1,14,2000,2000-01-14,23.69,23.18,2000-01-17,1.277
1,21,2000,2000-01-21,25.59,25.56,2000-01-24,1.315
1,28,2000,2000-01-28,25.74,25.34,2000-01-31,1.316
2,4,2000,2000-02-04,25.95,25.53,2000-02-07,1.325
2,11,2000,2000-02-11,26.36,26.1,2000-02-14,1.356
2,18,2000,2000-02-18,26.84,26.62,2000-02-21,1.406
2,25,2000,2000-02-25,26.62,26.6,2000-02-28,1.421
3,3,2000,2000-03-03,27.15,27.55,2000-03-06,1.501
3,10,2000,2000-03-10,28.8,29.11,2000-03-13,1.527
3,17,2000,2000-03-17,27.35,27.89,2000-03-20,1.529
3,24,2000,2000-03-24,25.12,25.08,2000-03-27,1.508
3,31,2000,2000-03-31,24.37,24.29,2000-04-03,1.503
4,7,2000,2000-04-07,23.39,23.26,2000-04-10,1.475
4,14,2000,2000-04-14,21.93,22.05,2000-04-17,1.444
4,21,2000,2000-04-21,22.74,23,2000-04-24,1.437
4,28,2000,2000-04-28,23.28,23.32,2000-05-01,1.42
5,5,2000,2000-05-05,24.29,24.4,2000-05-08,1.455
5,12,2000,2000-05-12,26.2,25.77,2000-05-15,1.492
5,19,2000,2000-05-19,27.37,26.96,2000-05-22,1.527
5,26,2000,2000-05-26,27.65,26.93,2000-05-29,1.54
6,2,2000,2000-06-02,27.72,27.14,2000-06-05,1.563
6,9,2000,2000-06-09,27.69,27.02,2000-06-12,1.631
6,16,2000,2000-06-16,28.98,28.56,2000-06-19,1.681
6,23,2000,2000-06-23,28.51,28.37,2000-06-26,1.658
6,30,2000,2000-06-30,29.27,28.78,2000-07-03,1.625
7,7,2000,2000-07-07,28.7,27.58,2000-07-10,1.593
7,14,2000,2000-07-14,28.14,27.03,2000-07-17,1.546
7,21,2000,2000-07-21,26.94,26.32,2000-07-24,1.52
7,28,2000,2000-07-28,25.06,24.74,2000-07-31,1.471
8,4,2000,2000-08-04,25.21,24.78,2000-08-07,1.462
8,11,2000,2000-08-11,26.84,26.68,2000-08-14,1.447
8,18,2000,2000-08-18,27.93,27.88,2000-08-21,1.468
8,25,2000,2000-08-25,28.43,28.36,2000-08-28,1.481
9,1,2000,2000-09-01,30.59,29.81,2000-09-04,1.53
9,8,2000,2000-09-08,32.32,31.5,2000-09-11,1.561
9,15,2000,2000-09-15,30.63,30.08,2000-09-18,1.562
9,22,2000,2000-09-22,31.39,30.94,2000-09-25,1.548
9,29,2000,2000-09-29,28.28,27.93,2000-10-02,1.524
10,6,2000,2000-10-06,28.33,27.49,2000-10-09,1.502
10,13,2000,2000-10-13,30.64,30.13,2000-10-16,1.539
10,20,2000,2000-10-20,29.71,29.03,2000-10-23,1.551
10,27,2000,2000-10-27,30.46,29.73,2000-10-30,1.545
11,3,2000,2000-11-03,29.37,28.49,2000-11-06,1.526
11,10,2000,2000-11-10,30.27,29.09,2000-11-13,1.523
11,17,2000,2000-11-17,31.06,30.26,2000-11-20,1.51
11,24,2000,2000-11-24,30.68,30.39,2000-11-27,1.51
12,1,2000,2000-12-01,29.66,29.2,2000-12-04,1.486
12,8,2000,2000-12-08,25.45,24.7,2000-12-11,1.449
12,15,2000,2000-12-15,23.3,22.84,2000-12-18,1.422
12,22,2000,2000-12-22,21.7,21.07,2000-12-25,1.414
12,29,2000,2000-12-29,20.95,20.38,2001-01-01,1.406
1,5,2001,2001-01-05,22.1,21.77,2001-01-08,1.425
1,12,2001,2001-01-12,23.18,22.91,2001-01-15,1.474
1,19,2001,2001-01-19,23.73,23.59,2001-01-22,1.471
1,26,2001,2001-01-26,24.78,24.37,2001-01-29,1.46
2,2,2001,2001-02-02,24.76,23.74,2001-02-05,1.443
2,9,2001,2001-02-09,26.88,25.67,2001-02-12,1.476
2,16,2001,2001-02-16,25.4,24.18,2001-02-19,1.449
2,23,2001,2001-02-23,24.47,23.36,2001-02-26,1.431
3,2,2001,2001-03-02,23.44,22.5,2001-03-05,1.417
3,9,2001,2001-03-09,24.2,23.42,2001-03-12,1.412
3,16,2001,2001-03-16,23.03,22.01,2001-03-19,1.404
3,23,2001,2001-03-23,22.41,21.17,2001-03-26,1.404
3,30,2001,2001-03-30,22.69,21.78,2001-04-02,1.442
4,6,2001,2001-04-06,22.76,21.82,2001-04-09,1.5
4,13,2001,2001-04-13,24.1,22.86,2001-04-16,1.571
4,20,2001,2001-04-20,24.78,23.23,2001-04-23,1.619
4,27,2001,2001-04-27,24.48,22.89,2001-04-30,1.626
5,4,2001,2001-05-04,25.38,23.97,2001-05-07,1.703
5,11,2001,2001-05-11,25.44,23.96,2001-05-14,1.713
5,18,2001,2001-05-18,25.89,24.46,2001-05-21,1.687
5,25,2001,2001-05-25,26.61,24.96,2001-05-28,1.704
6,1,2001,2001-06-01,26.55,24.67,2001-06-04,1.679
6,8,2001,2001-06-08,26.45,24.28,2001-06-11,1.647
6,15,2001,2001-06-15,26.12,24.5,2001-06-18,1.601
6,22,2001,2001-06-22,24.64,23.38,2001-06-25,1.538
6,29,2001,2001-06-29,24.16,22.91,2001-07-02,1.474
7,6,2001,2001-07-06,23.73,22.58,2001-07-09,1.437
7,13,2001,2001-07-13,23.52,22.64,2001-07-16,1.413
7,20,2001,2001-07-20,22.42,21.38,2001-07-23,1.395
7,27,2001,2001-07-27,23.23,22.28,2001-07-30,1.384
8,3,2001,2001-08-03,23.61,22.48,2001-08-06,1.376
8,10,2001,2001-08-10,24.24,23.19,2001-08-13,1.392
8,17,2001,2001-08-17,24.37,23.32,2001-08-20,1.427
8,24,2001,2001-08-24,24.09,23.08,2001-08-27,1.488
8,31,2001,2001-08-31,24.66,23.57,2001-09-03,1.545
9,7,2001,2001-09-07,24.9,23.89,2001-09-10,1.527
9,14,2001,2001-09-14,24.9,23.89,2001-09-17,1.529
9,21,2001,2001-09-21,24.73,23.7,2001-09-24,1.485
9,28,2001,2001-09-28,20.86,19.61,2001-10-01,1.416
10,5,2001,2001-10-05,20.09,19.13,2001-10-08,1.352
10,12,2001,2001-10-12,19.67,18.96,2001-10-15,1.309
10,19,2001,2001-10-19,19.16,18.02,2001-10-22,1.265
10,26,2001,2001-10-26,18.92,17.66,2001-10-29,1.235
11,2,2001,2001-11-02,18.31,17.03,2001-11-05,1.206
11,9,2001,2001-11-09,17.7,16.36,2001-11-12,1.182
11,16,2001,2001-11-16,17.06,15.62,2001-11-19,1.167
11,23,2001,2001-11-23,16.61,14.87,2001-11-26,1.127
11,30,2001,2001-11-30,17.24,15.76,2001-12-03,1.108
12,7,2001,2001-12-07,17.35,15.96,2001-12-10,1.095
12,14,2001,2001-12-14,16.7,15.16,2001-12-17,1.059
12,21,2001,2001-12-21,17.18,15.59,2001-12-24,1.072
12,28,2001,2001-12-28,18.24,16.75,2001-12-31,1.096
1,4,2002,2002-01-04,18.68,17.06,2002-01-07,1.112
1,11,2002,2002-01-11,19.08,17.6,2002-01-14,1.111
1,18,2002,2002-01-18,17.26,15.71,2002-01-21,1.105
1,25,2002,2002-01-25,17.1,15.67,2002-01-28,1.101
2,1,2002,2002-02-01,17.77,16.53,2002-02-04,1.116
2,8,2002,2002-02-08,18.14,16.97,2002-02-11,1.107
2,15,2002,2002-02-15,18.92,18,2002-02-18,1.116
2,22,2002,2002-02-22,18.36,17.54,2002-02-25,1.116
3,1,2002,2002-03-01,19.16,18.62,2002-03-04,1.144
3,8,2002,2002-03-08,20.46,20.02,2002-03-11,1.223
3,15,2002,2002-03-15,21.94,21.62,2002-03-18,1.288
3,22,2002,2002-03-22,22.87,22.53,2002-03-25,1.342
3,29,2002,2002-03-29,23.38,23.12,2002-04-01,1.371
4,5,2002,2002-04-05,24.83,24,2002-04-08,1.413
4,12,2002,2002-04-12,23.39,22.86,2002-04-15,1.404
4,19,2002,2002-04-19,22.94,22.1,2002-04-22,1.404
4,26,2002,2002-04-26,24.32,23.34,2002-04-29,1.393
5,3,2002,2002-05-03,24.5,24.16,2002-05-06,1.395
5,10,2002,2002-05-10,24.28,23.91,2002-05-13,1.388
5,17,2002,2002-05-17,24.46,24.69,2002-05-20,1.397
5,24,2002,2002-05-24,24.04,24.98,2002-05-27,1.387
5,31,2002,2002-05-31,22.83,22.01,2002-06-03,1.392
6,7,2002,2002-06-07,22.31,21.66,2002-06-10,1.375
6,14,2002,2002-06-14,22.14,21.33,2002-06-17,1.378
6,21,2002,2002-06-21,23.38,22.92,2002-06-24,1.384
6,28,2002,2002-06-28,24.06,23.66,2002-07-01,1.392
7,5,2002,2002-07-05,24.14,23.73,2002-07-08,1.382
7,12,2002,2002-07-12,24.4,23.94,2002-07-15,1.394
7,19,2002,2002-07-19,25.19,24.9,2002-07-22,1.41
7,26,2002,2002-07-26,24.5,24.3,2002-07-29,1.407
8,2,2002,2002-08-02,24.51,24.28,2002-08-05,1.395
8,9,2002,2002-08-09,24.29,23.95,2002-08-12,1.393
8,16,2002,2002-08-16,25.25,24.95,2002-08-19,1.392
8,23,2002,2002-08-23,26.23,25.87,2002-08-26,1.403
8,30,2002,2002-08-30,26.13,25.74,2002-09-02,1.394
9,6,2002,2002-09-06,26.07,25.54,2002-09-09,1.395
9,13,2002,2002-09-13,26.79,26.29,2002-09-16,1.401
9,20,2002,2002-09-20,26.73,26.39,2002-09-23,1.395
9,27,2002,2002-09-27,27.56,27.24,2002-09-30,1.413
10,4,2002,2002-10-04,27.44,27.08,2002-10-07,1.439
10,11,2002,2002-10-11,26.85,26.35,2002-10-14,1.44
10,18,2002,2002-10-18,26.81,26.24,2002-10-21,1.458
10,25,2002,2002-10-25,25.82,25.11,2002-10-28,1.444
11,1,2002,2002-11-01,24.53,23.61,2002-11-04,1.448
11,8,2002,2002-11-08,23.43,22.56,2002-11-11,1.439
11,15,2002,2002-11-15,22.1,21.46,2002-11-18,1.409
11,22,2002,2002-11-22,22.52,21.92,2002-11-25,1.38
11,29,2002,2002-11-29,23.3,22.66,2002-12-02,1.364
12,6,2002,2002-12-06,24.27,23.48,2002-12-09,1.36
12,13,2002,2002-12-13,24.85,24.04,2002-12-16,1.363
12,20,2002,2002-12-20,27.26,26.34,2002-12-23,1.401
12,27,2002,2002-12-27,28.95,28.23,2002-12-30,1.441
1,3,2003,2003-01-03,29.03,28.52,2003-01-06,1.444
1,10,2003,2003-01-10,28.77,28.44,2003-01-13,1.454
1,17,2003,2003-01-17,29.61,29.21,2003-01-20,1.459
1,24,2003,2003-01-24,30.02,29.71,2003-01-27,1.473
1,31,2003,2003-01-31,29.73,29.31,2003-02-03,1.527
2,7,2003,2003-02-07,30,29.46,2003-02-10,1.607
2,14,2003,2003-02-14,30.99,30.65,2003-02-17,1.66
2,21,2003,2003-02-21,31.22,30.79,2003-02-24,1.658
2,28,2003,2003-02-28,31.81,31.35,2003-03-03,1.686
3,7,2003,2003-03-07,31.71,31.14,2003-03-10,1.712
3,14,2003,2003-03-14,31.68,30.87,2003-03-17,1.728
3,21,2003,2003-03-21,27.18,26.51,2003-03-24,1.69
3,28,2003,2003-03-28,24.21,23.45,2003-03-31,1.649
4,4,2003,2003-04-04,25.01,24.38,2003-04-07,1.63
4,11,2003,2003-04-11,23.31,22.69,2003-04-14,1.595
4,18,2003,2003-04-18,23.19,22.7,2003-04-21,1.574
4,25,2003,2003-04-25,23.59,23.11,2003-04-28,1.557
5,2,2003,2003-05-02,22.04,21.53,2003-05-05,1.513
5,9,2003,2003-05-09,22.33,21.83,2003-05-12,1.491
5,16,2003,2003-05-16,24.07,23.53,2003-05-19,1.498
5,23,2003,2003-05-23,24.92,24.95,2003-05-26,1.487
5,30,2003,2003-05-30,24.89,24.48,2003-06-02,1.473
6,6,2003,2003-06-06,25.72,25.5,2003-06-09,1.49
6,13,2003,2003-06-13,26.34,26.13,2003-06-16,1.518
6,20,2003,2003-06-20,25.13,25.07,2003-06-23,1.496
6,27,2003,2003-06-27,25.51,24.95,2003-06-30,1.487
7,4,2003,2003-07-04,26.52,26.28,2003-07-07,1.489
7,11,2003,2003-07-11,26.66,26.14,2003-07-14,1.521
7,18,2003,2003-07-18,27.47,26.9,2003-07-21,1.524
7,25,2003,2003-07-25,26.91,26.72,2003-07-28,1.516
8,1,2003,2003-08-01,26.66,26.48,2003-08-04,1.536
8,8,2003,2003-08-08,28.39,28.2,2003-08-11,1.571
8,15,2003,2003-08-15,28.32,27.91,2003-08-18,1.627
8,22,2003,2003-08-22,27.77,27.3,2003-08-25,1.747
8,29,2003,2003-08-29,28.34,27.84,2003-09-01,1.746
9,5,2003,2003-09-05,27.05,26.49,2003-09-08,1.717
9,12,2003,2003-09-12,25.6,25.09,2003-09-15,1.697
9,19,2003,2003-09-19,24.65,24.09,2003-09-22,1.643
9,26,2003,2003-09-26,24.65,23.86,2003-09-29,1.591
10,3,2003,2003-10-03,26.29,25.39,2003-10-06,1.573
10,10,2003,2003-10-10,27.59,26.69,2003-10-13,1.568
10,17,2003,2003-10-17,29.29,28.34,2003-10-20,1.571
10,24,2003,2003-10-24,27.64,26.69,2003-10-27,1.542
10,31,2003,2003-10-31,26.96,26.23,2003-11-03,1.535
11,7,2003,2003-11-07,26.28,25.71,2003-11-10,1.504
11,14,2003,2003-11-14,27.44,27.03,2003-11-17,1.497
11,21,2003,2003-11-21,28.24,27.94,2003-11-24,1.512
11,28,2003,2003-11-28,27.28,26.76,2003-12-01,1.49
12,5,2003,2003-12-05,27.23,26.62,2003-12-08,1.476
12,12,2003,2003-12-12,28.1,27.46,2003-12-15,1.465
12,19,2003,2003-12-19,28.15,26.84,2003-12-22,1.485
12,26,2003,2003-12-26,28.13,27.77,2003-12-29,1.478
1,2,2004,2004-01-02,28,27.63,2004-01-05,1.51
1,9,2004,2004-01-09,28.98,28.57,2004-01-12,1.56
1,16,2004,2004-01-16,29.86,29.49,2004-01-19,1.595
1,23,2004,2004-01-23,29.66,29.28,2004-01-26,1.622
1,30,2004,2004-01-30,28.74,28.49,2004-02-02,1.616
2,6,2004,2004-02-06,27.56,27.23,2004-02-09,1.638
2,13,2004,2004-02-13,27.49,27.1,2004-02-16,1.648
2,20,2004,2004-02-20,28.87,28.51,2004-02-23,1.688
2,27,2004,2004-02-27,29.45,29.02,2004-03-01,1.717
3,5,2004,2004-03-05,30.88,30.42,2004-03-08,1.738
3,12,2004,2004-03-12,31.15,30.74,2004-03-15,1.724
3,19,2004,2004-03-19,31.46,31.08,2004-03-22,1.743
3,26,2004,2004-03-26,31.51,31.09,2004-03-29,1.758
4,2,2004,2004-04-02,30.07,29.82,2004-04-05,1.78
4,9,2004,2004-04-09,29.55,29.95,2004-04-12,1.786
4,16,2004,2004-04-16,31.21,31.05,2004-04-19,1.813
4,23,2004,2004-04-23,31.24,31.11,2004-04-26,1.812
4,30,2004,2004-04-30,31.75,31.71,2004-05-03,1.844
5,7,2004,2004-05-07,33.63,33.4,2004-05-10,1.941
5,14,2004,2004-05-14,35.01,34.61,2004-05-17,2.017
5,21,2004,2004-05-21,36.15,35.56,2004-05-24,2.064
5,28,2004,2004-05-28,35.49,34.98,2004-05-31,2.051
6,4,2004,2004-06-04,35.29,34.83,2004-06-07,2.034
6,11,2004,2004-06-11,32.93,32.78,2004-06-14,1.985
6,18,2004,2004-06-18,32.6,32.44,2004-06-21,1.937
6,25,2004,2004-06-25,32.79,32.43,2004-06-28,1.921
7,2,2004,2004-07-02,31.61,31.15,2004-07-05,1.895
7,9,2004,2004-07-09,34.12,33.57,2004-07-12,1.917
7,16,2004,2004-07-16,34.94,34.3,2004-07-19,1.928
7,23,2004,2004-07-23,35.9,35.14,2004-07-26,1.905
7,30,2004,2004-07-30,36.84,36.08,2004-08-02,1.888
8,6,2004,2004-08-06,38.27,37.51,2004-08-09,1.877
8,13,2004,2004-08-13,39.03,38.16,2004-08-16,1.875
8,20,2004,2004-08-20,40.68,39.84,2004-08-23,1.884
8,27,2004,2004-08-27,39.29,38.58,2004-08-30,1.866
9,3,2004,2004-09-03,37.05,36.31,2004-09-06,1.85
9,10,2004,2004-09-10,37.16,36.68,2004-09-13,1.846
9,17,2004,2004-09-17,37.48,37.01,2004-09-20,1.866
9,24,2004,2004-09-24,39.8,39.55,2004-09-27,1.917
10,1,2004,2004-10-01,41.62,41.2,2004-10-04,1.938
10,8,2004,2004-10-08,42.26,42.02,2004-10-11,1.993
10,15,2004,2004-10-15,44.31,44.22,2004-10-18,2.035
10,22,2004,2004-10-22,44.27,44.44,2004-10-25,2.032
10,29,2004,2004-10-29,44.98,46,2004-11-01,2.034
11,5,2004,2004-11-05,40.84,41.7,2004-11-08,2.001
11,12,2004,2004-11-12,38.16,39.3,2004-11-15,1.969
11,19,2004,2004-11-19,35.77,36.74,2004-11-22,1.948
11,26,2004,2004-11-26,37.71,38.81,2004-11-29,1.945
12,3,2004,2004-12-03,36.83,35.8,2004-12-06,1.911
12,10,2004,2004-12-10,32.25,30.3,2004-12-13,1.847
12,17,2004,2004-12-17,33.21,31.45,2004-12-20,1.815
12,24,2004,2004-12-24,36.16,34.2,2004-12-27,1.791
12,31,2004,2004-12-31,33.05,32.07,2005-01-03,1.778
1,7,2005,2005-01-07,35.16,33.79,2005-01-10,1.793
1,14,2005,2005-01-14,38.26,36.96,2005-01-17,1.819
1,21,2005,2005-01-21,39.49,38.16,2005-01-24,1.853
1,28,2005,2005-01-28,42.76,39.14,2005-01-31,1.911
2,4,2005,2005-02-04,41.54,37.92,2005-02-07,1.909
2,11,2005,2005-02-11,40.4,36.58,2005-02-14,1.898
2,18,2005,2005-02-18,42.05,38.08,2005-02-21,1.905
2,25,2005,2005-02-25,44.35,40.57,2005-02-28,1.928
3,4,2005,2005-03-04,45.07,43.38,2005-03-07,1.999
3,11,2005,2005-03-11,46.96,45.46,2005-03-14,2.056
3,18,2005,2005-03-18,48.06,46.42,2005-03-21,2.109
3,25,2005,2005-03-25,48.75,46.97,2005-03-28,2.153
4,1,2005,2005-04-01,46.84,45.32,2005-04-04,2.217
4,8,2005,2005-04-08,49.48,47.69,2005-04-11,2.28
4,15,2005,2005-04-15,46.18,44.23,2005-04-18,2.237
4,22,2005,2005-04-22,46,43.96,2005-04-25,2.236
4,29,2005,2005-04-29,47.59,45.9,2005-05-02,2.235
5,6,2005,2005-05-06,45.2,43.36,2005-05-09,2.186
5,13,2005,2005-05-13,45.12,43.62,2005-05-16,2.163
5,20,2005,2005-05-20,42.93,41.17,2005-05-23,2.125
5,27,2005,2005-05-27,43.67,41.76,2005-05-30,2.097
6,3,2005,2005-06-03,46.65,44.79,2005-06-06,2.116
6,10,2005,2005-06-10,48.74,46.89,2005-06-13,2.13
6,17,2005,2005-06-17,49.5,47.77,2005-06-20,2.161
6,24,2005,2005-06-24,52.55,51.22,2005-06-27,2.215
7,1,2005,2005-07-01,52.55,50.89,2005-07-04,2.226
7,8,2005,2005-07-08,53.56,52.01,2005-07-11,2.328
7,15,2005,2005-07-15,53.93,52.57,2005-07-18,2.317
7,22,2005,2005-07-22,52.24,50.59,2005-07-25,2.289
7,29,2005,2005-07-29,53.18,51.73,2005-08-01,2.291
8,5,2005,2005-08-05,55.05,53.65,2005-08-08,2.368
8,12,2005,2005-08-12,57.74,56.28,2005-08-15,2.55
8,19,2005,2005-08-19,58.99,57.56,2005-08-22,2.612
8,26,2005,2005-08-26,58.74,57.66,2005-08-29,2.61
9,2,2005,2005-09-02,60.75,59.84,2005-09-05,3.069
9,9,2005,2005-09-09,59.18,58.09,2005-09-12,2.955
9,16,2005,2005-09-16,56.93,55.86,2005-09-19,2.786
9,23,2005,2005-09-23,58.2,58.11,2005-09-26,2.803
9,30,2005,2005-09-30,58.12,57.79,2005-10-03,2.928
10,7,2005,2005-10-07,55.99,55.47,2005-10-10,2.848
10,14,2005,2005-10-14,54.5,54.14,2005-10-17,2.725
10,21,2005,2005-10-21,53.96,53.64,2005-10-24,2.603
10,28,2005,2005-10-28,53.32,51.84,2005-10-31,2.48
11,4,2005,2005-11-04,53.39,51.74,2005-11-07,2.376
11,11,2005,2005-11-11,52.16,50.31,2005-11-14,2.296
11,18,2005,2005-11-18,49.46,47.86,2005-11-21,2.201
11,25,2005,2005-11-25,49.41,48.17,2005-11-28,2.154
12,2,2005,2005-12-02,49.42,48.08,2005-12-05,2.147
12,9,2005,2005-12-09,51.88,50.11,2005-12-12,2.185
12,16,2005,2005-12-16,53.75,51.58,2005-12-19,2.211
12,23,2005,2005-12-23,51.66,49.37,2005-12-26,2.197
12,30,2005,2005-12-30,51.73,49.56,2006-01-02,2.238
1,6,2006,2006-01-06,55.12,53.28,2006-01-09,2.327
1,13,2006,2006-01-13,56.75,55.05,2006-01-16,2.32
1,20,2006,2006-01-20,58.02,56.45,2006-01-23,2.336
1,27,2006,2006-01-27,59.67,57.7,2006-01-30,2.357
2,3,2006,2006-02-03,59.84,57.57,2006-02-06,2.342
2,10,2006,2006-02-10,57.05,54.7,2006-02-13,2.284
2,17,2006,2006-02-17,53.9,51.35,2006-02-20,2.24
2,24,2006,2006-02-24,54.17,51.43,2006-02-27,2.254
3,3,2006,2006-03-03,55.98,52.96,2006-03-06,2.331
3,10,2006,2006-03-10,56.23,53.61,2006-03-13,2.366
3,17,2006,2006-03-17,56.49,53.8,2006-03-20,2.504
3,24,2006,2006-03-24,56.63,54.18,2006-03-27,2.498
3,31,2006,2006-03-31,58.8,56.68,2006-04-03,2.588
4,7,2006,2006-04-07,61.27,58.82,2006-04-10,2.683
4,14,2006,2006-04-14,62.99,60.99,2006-04-17,2.783
4,21,2006,2006-04-21,66.02,64,2006-04-24,2.914
4,28,2006,2006-04-28,66.85,64.89,2006-05-01,2.919
5,5,2006,2006-05-05,66.94,65.54,2006-05-08,2.909
5,12,2006,2006-05-12,65.37,64.68,2006-05-15,2.947
5,19,2006,2006-05-19,64.1,63.38,2006-05-22,2.892
5,26,2006,2006-05-26,63.49,62.83,2006-05-29,2.867
6,2,2006,2006-06-02,64.67,63.84,2006-06-05,2.892
6,9,2006,2006-06-09,64.21,62.97,2006-06-12,2.906
6,16,2006,2006-06-16,62.66,61.46,2006-06-19,2.871
6,23,2006,2006-06-23,62.26,60.89,2006-06-26,2.869
6,30,2006,2006-06-30,65.11,63.44,2006-07-03,2.934
7,7,2006,2006-07-07,67.74,66.54,2006-07-10,2.973
7,14,2006,2006-07-14,68.47,67.24,2006-07-17,2.989
7,21,2006,2006-07-21,69.39,67.98,2006-07-24,3.003
7,28,2006,2006-07-28,68.08,66.57,2006-07-31,3.004
8,4,2006,2006-08-04,69.79,68.13,2006-08-07,3.038
8,11,2006,2006-08-11,71.45,69.52,2006-08-14,3
8,18,2006,2006-08-18,67.86,66.15,2006-08-21,2.924
8,25,2006,2006-08-25,66.45,64.86,2006-08-28,2.845
9,1,2006,2006-09-01,64.49,63.18,2006-09-04,2.727
9,8,2006,2006-09-08,62.02,60.49,2006-09-11,2.618
9,15,2006,2006-09-15,58.89,57.28,2006-09-18,2.497
9,22,2006,2006-09-22,56.38,54.46,2006-09-25,2.378
9,29,2006,2006-09-29,54.93,53.26,2006-10-02,2.31
10,6,2006,2006-10-06,54.92,52.75,2006-10-09,2.261
10,13,2006,2006-10-13,53.72,51.78,2006-10-16,2.226
10,20,2006,2006-10-20,53.86,51.87,2006-10-23,2.208
10,27,2006,2006-10-27,53.58,51.61,2006-10-30,2.218
11,3,2006,2006-11-03,53.32,50.65,2006-11-06,2.2
11,10,2006,2006-11-10,54.36,51.71,2006-11-13,2.232
11,17,2006,2006-11-17,54.34,51.5,2006-11-20,2.239
11,24,2006,2006-11-24,53.53,50.42,2006-11-27,2.246
12,1,2006,2006-12-01,56.13,53.54,2006-12-04,2.297
12,8,2006,2006-12-08,58.21,55.55,2006-12-11,2.293
12,15,2006,2006-12-15,56.94,54.79,2006-12-18,2.32
12,22,2006,2006-12-22,57.22,55.09,2006-12-25,2.341
12,29,2006,2006-12-29,55.95,54,2007-01-01,2.334
1,5,2007,2007-01-05,54.63,51.57,2007-01-08,2.306
1,12,2007,2007-01-12,50.12,47.72,2007-01-15,2.229
1,19,2007,2007-01-19,48.2,45.29,2007-01-22,2.165
1,26,2007,2007-01-26,50.14,46.94,2007-01-29,2.165
2,2,2007,2007-02-02,52.11,49.35,2007-02-05,2.191
2,9,2007,2007-02-09,54.38,52.15,2007-02-12,2.241
2,16,2007,2007-02-16,53.65,51.62,2007-02-19,2.296
2,23,2007,2007-02-23,54.46,52.31,2007-02-26,2.383
3,2,2007,2007-03-02,57.83,55.18,2007-03-05,2.505
3,9,2007,2007-03-09,58.04,55.53,2007-03-12,2.559
3,16,2007,2007-03-16,58.03,54.39,2007-03-19,2.577
3,23,2007,2007-03-23,57.78,54.02,2007-03-26,2.61
3,30,2007,2007-03-30,61.81,58.08,2007-04-02,2.707
4,6,2007,2007-04-06,64.93,60.53,2007-04-09,2.802
4,13,2007,2007-04-13,63.54,59.21,2007-04-16,2.876
4,20,2007,2007-04-20,62.97,58.66,2007-04-23,2.869
4,27,2007,2007-04-27,63.25,59.19,2007-04-30,2.971
5,4,2007,2007-05-04,63.4,59.76,2007-05-07,3.054
5,11,2007,2007-05-11,61.55,58.06,2007-05-14,3.103
5,18,2007,2007-05-18,63.92,60.29,2007-05-21,3.218
5,25,2007,2007-05-25,66.75,63.11,2007-05-28,3.209
6,1,2007,2007-06-01,65.37,62.1,2007-06-04,3.157
6,8,2007,2007-06-08,66.79,64.1,2007-06-11,3.076
6,15,2007,2007-06-15,66.18,63.45,2007-06-18,3.009
6,22,2007,2007-06-22,68.29,65.69,2007-06-25,2.982
6,29,2007,2007-06-29,67.84,65.51,2007-07-02,2.959
7,6,2007,2007-07-06,69.91,67.65,2007-07-09,2.981
7,13,2007,2007-07-13,73.44,70.63,2007-07-16,3.049
7,20,2007,2007-07-20,74.43,71.71,2007-07-23,2.958
7,27,2007,2007-07-27,73.69,71.36,2007-07-30,2.876
8,3,2007,2007-08-03,73.81,72.19,2007-08-06,2.838
8,10,2007,2007-08-10,69.87,68.09,2007-08-13,2.771
8,17,2007,2007-08-17,68.15,66.29,2007-08-20,2.785
8,24,2007,2007-08-24,67.1,65.16,2007-08-27,2.749
8,31,2007,2007-08-31,68.46,66.47,2007-09-03,2.796
9,7,2007,2007-09-07,71.42,68.93,2007-09-10,2.818
9,14,2007,2007-09-14,73.23,70.24,2007-09-17,2.787
9,21,2007,2007-09-21,74.97,72.62,2007-09-24,2.812
9,28,2007,2007-09-28,75.91,73.5,2007-10-01,2.788
10,5,2007,2007-10-05,75.57,73.65,2007-10-08,2.77
10,12,2007,2007-10-12,75.66,73.39,2007-10-15,2.762
10,19,2007,2007-10-19,80.12,77.84,2007-10-22,2.823
10,26,2007,2007-10-26,81.27,79.47,2007-10-29,2.872
11,2,2007,2007-11-02,86.02,83.69,2007-11-05,3.013
11,9,2007,2007-11-09,89.64,86.88,2007-11-12,3.111
11,16,2007,2007-11-16,87.79,85.21,2007-11-19,3.099
11,23,2007,2007-11-23,90.54,87.93,2007-11-26,3.097
11,30,2007,2007-11-30,90.32,87.22,2007-12-03,3.061
12,7,2007,2007-12-07,85.91,81.95,2007-12-10,3
12,14,2007,2007-12-14,86.79,82.44,2007-12-17,2.998
12,21,2007,2007-12-21,88.02,83.41,2007-12-24,2.98
12,28,2007,2007-12-28,89.76,85.52,2007-12-31,3.053
1,4,2008,2008-01-04,92.93,88.41,2008-01-07,3.109
1,11,2008,2008-01-11,92.82,89.6,2008-01-14,3.068
1,18,2008,2008-01-18,88.18,85.36,2008-01-21,3.017
1,25,2008,2008-01-25,85.53,82.66,2008-01-28,2.977
2,1,2008,2008-02-01,88.71,85.36,2008-02-04,2.978
2,8,2008,2008-02-08,86.8,83.21,2008-02-11,2.96
2,15,2008,2008-02-15,89.91,85.5,2008-02-18,3.042
2,22,2008,2008-02-22,93.51,89.61,2008-02-25,3.13
2,29,2008,2008-02-29,95.15,91.74,2008-03-03,3.162
3,7,2008,2008-03-07,98.01,95.15,2008-03-10,3.225
3,14,2008,2008-03-14,102.56,99.76,2008-03-17,3.284
3,21,2008,2008-03-21,102.03,99.67,2008-03-24,3.259
3,28,2008,2008-03-28,99.32,96.65,2008-03-31,3.29
4,4,2008,2008-04-04,98.39,95.56,2008-04-07,3.332
4,11,2008,2008-04-11,103.22,101.22,2008-04-14,3.389
4,18,2008,2008-04-18,107.28,105.27,2008-04-21,3.508
4,25,2008,2008-04-25,111.03,109.25,2008-04-28,3.603
5,2,2008,2008-05-02,110.21,108.98,2008-05-05,3.613
5,9,2008,2008-05-09,115.11,112.96,2008-05-12,3.722
5,16,2008,2008-05-16,119.91,116.32,2008-05-19,3.791
5,23,2008,2008-05-23,123.35,120.16,2008-05-26,3.937
5,30,2008,2008-05-30,126.06,121.92,2008-06-02,3.976
6,6,2008,2008-06-06,121.36,117.82,2008-06-09,4.039
6,13,2008,2008-06-13,129.7,125.28,2008-06-16,4.082
6,20,2008,2008-06-20,129.78,125.93,2008-06-23,4.079
6,27,2008,2008-06-27,131.41,128.02,2008-06-30,4.095
7,4,2008,2008-07-04,137.11,133.6,2008-07-07,4.114
7,11,2008,2008-07-11,135.55,133.32,2008-07-14,4.113
7,18,2008,2008-07-18,136.32,134.44,2008-07-21,4.064
7,25,2008,2008-07-25,125.11,122.59,2008-07-28,3.955
8,1,2008,2008-08-01,121.29,119.05,2008-08-04,3.88
8,8,2008,2008-08-08,117.03,115.62,2008-08-11,3.809
8,15,2008,2008-08-15,110.45,108.11,2008-08-18,3.74
8,22,2008,2008-08-22,109.26,108.15,2008-08-25,3.685
8,29,2008,2008-08-29,111.83,110.04,2008-09-01,3.68
9,5,2008,2008-09-05,106.41,105.26,2008-09-08,3.648
9,12,2008,2008-09-12,98.53,96.46,2008-09-15,3.835
9,19,2008,2008-09-19,90.3,88.73,2008-09-22,3.718
9,26,2008,2008-09-26,98.82,97.9,2008-09-29,3.632
10,3,2008,2008-10-03,93.38,91.7,2008-10-06,3.484
10,10,2008,2008-10-10,82,80.91,2008-10-13,3.151
10,17,2008,2008-10-17,70.6,69.28,2008-10-20,2.914
10,24,2008,2008-10-24,64.48,62.81,2008-10-27,2.656
10,31,2008,2008-10-31,59.3,57.53,2008-11-03,2.4
11,7,2008,2008-11-07,58.66,56.26,2008-11-10,2.224
11,14,2008,2008-11-14,52.19,50.23,2008-11-17,2.072
11,21,2008,2008-11-21,47.04,44.57,2008-11-24,1.892
11,28,2008,2008-11-28,45.72,43.61,2008-12-01,1.811
12,5,2008,2008-12-05,43.12,41.07,2008-12-08,1.699
12,12,2008,2008-12-12,38.73,36.58,2008-12-15,1.659
12,19,2008,2008-12-19,40.99,37.8,2008-12-22,1.653
12,26,2008,2008-12-26,35.99,31.84,2008-12-29,1.613
1,2,2009,2009-01-02,34.57,31.76,2009-01-05,1.684
1,9,2009,2009-01-09,43.12,39.84,2009-01-12,1.784
1,16,2009,2009-01-16,40.98,38.24,2009-01-19,1.847
1,23,2009,2009-01-23,41.05,38.21,2009-01-26,1.838
1,30,2009,2009-01-30,42.07,40.6,2009-02-02,1.892
2,6,2009,2009-02-06,41.77,39.42,2009-02-09,1.926
2,13,2009,2009-02-13,43.04,40.48,2009-02-16,1.964
2,20,2009,2009-02-20,39.87,37.2,2009-02-23,1.909
2,27,2009,2009-02-27,40.22,38.6,2009-03-02,1.934
3,6,2009,2009-03-06,42.85,41.31,2009-03-09,1.941
3,13,2009,2009-03-13,42.91,42.39,2009-03-16,1.91
3,20,2009,2009-03-20,44.9,44.51,2009-03-23,1.962
3,27,2009,2009-03-27,50.1,49.47,2009-03-30,2.046
4,3,2009,2009-04-03,48.09,47.51,2009-04-06,2.037
4,10,2009,2009-04-10,50.27,48.85,2009-04-13,2.051
4,17,2009,2009-04-17,50.68,49.06,2009-04-20,2.059
4,24,2009,2009-04-24,48.38,46.67,2009-04-27,2.049
5,1,2009,2009-05-01,48.91,47.82,2009-05-04,2.078
5,8,2009,2009-05-08,52.92,52.2,2009-05-11,2.24
5,15,2009,2009-05-15,55.87,55.21,2009-05-18,2.309
5,22,2009,2009-05-22,56.93,56.12,2009-05-25,2.435
5,29,2009,2009-05-29,59.94,59.36,2009-06-01,2.524
6,5,2009,2009-06-05,65.62,63.7,2009-06-08,2.624
6,12,2009,2009-06-12,68.24,65.98,2009-06-15,2.672
6,19,2009,2009-06-19,69.25,67.56,2009-06-22,2.691
6,26,2009,2009-06-26,67.68,65.92,2009-06-29,2.642
7,3,2009,2009-07-03,68.47,66.87,2009-07-06,2.612
7,10,2009,2009-07-10,62.5,60.87,2009-07-13,2.528
7,17,2009,2009-07-17,59.99,58.06,2009-07-20,2.463
7,24,2009,2009-07-24,64.63,62.44,2009-07-27,2.503
7,31,2009,2009-07-31,67.5,65.42,2009-08-03,2.557
8,7,2009,2009-08-07,71.52,68.87,2009-08-10,2.647
8,14,2009,2009-08-14,71.99,69.73,2009-08-17,2.637
8,21,2009,2009-08-21,70.58,68.52,2009-08-24,2.628
8,28,2009,2009-08-28,71.6,70.03,2009-08-31,2.613
9,4,2009,2009-09-04,68.07,65.78,2009-09-07,2.588
9,11,2009,2009-09-11,67.82,67.23,2009-09-14,2.577
9,18,2009,2009-09-18,68.02,67.65,2009-09-21,2.552
9,25,2009,2009-09-25,67.55,66.8,2009-09-28,2.499
10,2,2009,2009-10-02,65,64.13,2009-10-05,2.468
10,9,2009,2009-10-09,67.24,66.32,2009-10-12,2.489
10,16,2009,2009-10-16,70.94,69.62,2009-10-19,2.574
10,23,2009,2009-10-23,76.11,74.8,2009-10-26,2.674
10,30,2009,2009-10-30,76.49,75.64,2009-11-02,2.694
11,6,2009,2009-11-06,76.34,75.31,2009-11-09,2.666
11,13,2009,2009-11-13,76.17,74.45,2009-11-16,2.629
11,20,2009,2009-11-20,76.5,74.36,2009-11-23,2.639
11,27,2009,2009-11-27,75.75,73.34,2009-11-30,2.629
12,4,2009,2009-12-04,76.18,73.52,2009-12-07,2.634
12,11,2009,2009-12-11,73.89,71.78,2009-12-14,2.599
12,18,2009,2009-12-18,70.6,68.51,2009-12-21,2.589
12,25,2009,2009-12-25,71.75,69.94,2009-12-28,2.607
1,1,2010,2010-01-01,75.55,74.01,2010-01-04,2.665
1,8,2010,2010-01-08,78.89,77.97,2010-01-11,2.751
1,15,2010,2010-01-15,78.65,77.9,2010-01-18,2.739
1,22,2010,2010-01-22,75.26,74.29,2010-01-25,2.705
1,29,2010,2010-01-29,71.99,71.29,2010-02-01,2.661
2,5,2010,2010-02-05,72.28,70.76,2010-02-08,2.652
2,12,2010,2010-02-12,70.42,70.13,2010-02-15,2.608
2,19,2010,2010-02-19,73.46,72.87,2010-02-22,2.655
2,26,2010,2010-02-26,75.98,75.51,2010-03-01,2.702
3,5,2010,2010-03-05,76.45,75.78,2010-03-08,2.751
3,12,2010,2010-03-12,78.17,77.34,2010-03-15,2.788
3,19,2010,2010-03-19,77.92,77.26,2010-03-22,2.819
3,26,2010,2010-03-26,77.6,76.76,2010-03-29,2.798
4,2,2010,2010-04-02,78.62,77.77,2010-04-05,2.826
4,9,2010,2010-04-09,82.57,81.52,2010-04-12,2.858
4,16,2010,2010-04-16,83.03,81.64,2010-04-19,2.86
4,23,2010,2010-04-23,82.24,80.29,2010-04-26,2.849
4,30,2010,2010-04-30,83.56,81.27,2010-05-03,2.898
5,7,2010,2010-05-07,81.71,79.9,2010-05-10,2.905
5,14,2010,2010-05-14,76.56,73.88,2010-05-17,2.864
5,21,2010,2010-05-21,71.17,68.48,2010-05-24,2.786
5,28,2010,2010-05-28,67.91,65.45,2010-05-31,2.728
6,4,2010,2010-06-04,70.97,68.26,2010-06-07,2.725
6,11,2010,2010-06-11,70.68,69.07,2010-06-14,2.701
6,18,2010,2010-06-18,73.85,71.77,2010-06-21,2.743
6,25,2010,2010-06-25,75.09,72.96,2010-06-28,2.757
7,2,2010,2010-07-02,73.54,72.44,2010-07-05,2.726
7,9,2010,2010-07-09,71.72,71.58,2010-07-12,2.718
7,16,2010,2010-07-16,73.49,71.62,2010-07-19,2.722
7,23,2010,2010-07-23,73.8,72.01,2010-07-26,2.749
7,30,2010,2010-07-30,74.69,73.15,2010-08-02,2.735
8,6,2010,2010-08-06,78.68,76.75,2010-08-09,2.783
8,13,2010,2010-08-13,77.28,75.9,2010-08-16,2.745
8,20,2010,2010-08-20,73.81,72.28,2010-08-23,2.704
8,27,2010,2010-08-27,71.28,69.39,2010-08-30,2.682
9,3,2010,2010-09-03,73.45,71.02,2010-09-06,2.682
9,10,2010,2010-09-10,74.42,71.72,2010-09-13,2.721
9,17,2010,2010-09-17,76.11,72.97,2010-09-20,2.723
9,24,2010,2010-09-24,75.14,71.11,2010-09-27,2.694
