year,month,day,rate1y,rate3y
1962,1,5,3.24,3.7
1962,1,12,3.32,3.75
1962,1,19,3.29,3.8
1962,1,26,3.26,3.77
1962,2,2,3.29,3.8
1962,2,9,3.29,3.76
1962,2,16,3.31,3.71
1962,2,23,3.29,3.65
1962,3,2,3.2,3.52
1962,3,9,3.15,3.52
1962,3,16,3.1,3.52
1962,3,23,2.99,3.37
1962,3,30,2.96,3.39
1962,4,6,2.91,3.34
1962,4,13,2.97,3.38
1962,4,20,3,3.36
1962,4,27,3.06,3.43
1962,5,4,3.06,3.44
1962,5,11,3.01,3.38
1962,5,18,3.04,3.41
1962,5,25,3.03,3.42
1962,6,1,2.98,3.36
1962,6,8,2.96,3.34
1962,6,15,2.97,3.32
1962,6,22,3.04,3.39
1962,6,29,3.16,3.51
1962,7,6,3.22,3.59
1962,7,13,3.27,3.62
1962,7,20,3.33,3.64
1962,7,27,3.32,3.61
1962,8,3,3.3,3.59
1962,8,10,3.28,3.53
1962,8,17,3.21,3.46
1962,8,24,3.15,3.39
1962,8,31,3.11,3.4
1962,9,7,3.13,3.44
1962,9,14,3.06,3.42
1962,9,21,3.04,3.41
1962,9,28,3.03,3.37
1962,10,5,2.98,3.3
1962,10,12,2.99,3.32
1962,10,19,2.96,3.32
1962,10,26,2.98,3.36
1962,11,2,2.98,3.36
1962,11,9,2.98,3.36
1962,11,16,2.99,3.39
1962,11,23,3.01,3.42
1962,11,30,3.03,3.42
1962,12,7,3.02,3.42
1962,12,14,2.99,3.38
1962,12,21,3,3.34
1962,12,28,3.01,3.34
1963,1,4,3.04,3.39
1963,1,11,3.03,3.38
1963,1,18,3.01,3.36
1963,1,25,3.06,3.43
1963,2,1,3.05,3.42
1963,2,8,3,3.39
1963,2,15,3,3.39
1963,2,22,3.01,3.37
1963,3,1,3.03,3.41
1963,3,8,2.99,3.4
1963,3,15,3,3.4
1963,3,22,3.05,3.41
1963,3,29,3.1,3.45
1963,4,5,3.08,3.44
1963,4,12,3.1,3.46
1963,4,19,3.14,3.52
1963,4,26,3.13,3.54
1963,5,3,3.11,3.53
1963,5,10,3.09,3.52
1963,5,17,3.09,3.52
1963,5,24,3.12,3.53
1963,5,31,3.19,3.59
1963,6,7,3.23,3.63
1963,6,14,3.18,3.6
1963,6,21,3.19,3.61
1963,6,28,3.19,3.61
1963,7,5,3.29,3.68
1963,7,12,3.5,3.76
1963,7,19,3.55,3.78
1963,7,26,3.51,3.79
1963,8,2,3.49,3.76
1963,8,9,3.5,3.75
1963,8,16,3.53,3.77
1963,8,23,3.55,3.77
1963,8,30,3.58,3.79
1963,9,6,3.58,3.81
1963,9,13,3.57,3.81
1963,9,20,3.58,3.83
1963,9,27,3.56,3.82
1963,10,4,3.59,3.82
1963,10,11,3.61,3.84
1963,10,18,3.64,3.86
1963,10,25,3.69,3.89
1963,11,1,3.68,3.92
1963,11,8,3.75,3.96
1963,11,15,3.77,3.96
1963,11,22,3.73,3.94
1963,11,29,3.73,3.94
1963,12,6,3.78,3.97
1963,12,13,3.8,3.99
1963,12,20,3.83,4.04
1963,12,27,3.84,4.05
1964,1,3,3.84,4.06
1964,1,10,3.81,4.06
1964,1,17,3.79,4.04
1964,1,24,3.77,4.02
1964,1,31,3.78,4.01
1964,2,7,3.74,3.98
1964,2,14,3.75,3.98
1964,2,21,3.78,4
1964,2,28,3.86,4.04
1964,3,6,3.91,4.08
1964,3,13,3.9,4.09
1964,3,20,3.9,4.12
1964,3,27,3.94,4.19
1964,4,3,3.95,4.18
1964,4,10,3.93,4.16
1964,4,17,3.93,4.16
1964,4,24,3.89,4.14
1964,5,1,3.85,4.11
1964,5,8,3.86,4.08
1964,5,15,3.82,4.01
1964,5,22,3.84,4.04
1964,5,29,3.84,4.03
1964,6,5,3.84,4.02
1964,6,12,3.85,4.02
1964,6,19,3.85,4.02
1964,6,26,3.82,3.99
1964,7,3,3.79,3.96
1964,7,10,3.75,3.93
1964,7,17,3.67,3.91
1964,7,24,3.71,3.94
1964,7,31,3.7,3.93
1964,8,7,3.7,3.92
1964,8,14,3.74,3.94
1964,8,21,3.75,3.93
1964,8,28,3.77,3.94
1964,9,4,3.83,3.98
1964,9,11,3.86,4.02
1964,9,18,3.85,4.02
1964,9,25,3.82,4
1964,10,2,3.84,4.01
1964,10,9,3.86,4.03
1964,10,16,3.87,4.04
1964,10,23,3.87,4.02
1964,10,30,3.87,4.01
1964,11,6,3.86,4.01
1964,11,13,3.85,3.99
1964,11,20,3.86,4.01
1964,11,27,4.03,4.12
1964,12,4,4.07,4.12
1964,12,11,4.03,4.07
1964,12,18,3.99,4.06
1964,12,25,4.01,4.07
1965,1,1,4.01,4.08
1965,1,8,3.94,4.05
1965,1,15,3.94,4.03
1965,1,22,3.94,4.01
1965,1,29,3.94,4.03
1965,2,5,3.98,4.05
1965,2,12,4.02,4.08
1965,2,19,4.04,4.09
1965,2,26,4.08,4.11
1965,3,5,4.1,4.14
1965,3,12,4.08,4.16
1965,3,19,4.04,4.13
1965,3,26,4.04,4.11
1965,4,2,4.04,4.12
1965,4,9,4.04,4.11
1965,4,16,4.03,4.11
1965,4,23,4.04,4.13
1965,4,30,4.04,4.12
1965,5,7,4.03,4.1
1965,5,14,4.02,4.12
1965,5,21,4.03,4.12
1965,5,28,4.04,4.1
1965,6,4,4.03,4.1
1965,6,11,4.03,4.1
1965,6,18,4,4.09
1965,6,25,3.94,4.04
1965,7,2,3.96,4.06
1965,7,9,3.98,4.08
1965,7,16,3.98,4.09
1965,7,23,3.98,4.09
1965,7,30,4,4.1
1965,8,6,4.03,4.13
1965,8,13,4.05,4.15
1965,8,20,4.07,4.17
1965,8,27,4.1,4.18
1965,9,3,4.14,4.22
1965,9,10,4.15,4.23
1965,9,17,4.17,4.21
1965,9,24,4.22,4.24
1965,10,1,4.35,4.31
1965,10,8,4.29,4.3
1965,10,15,4.26,4.3
1965,10,22,4.29,4.34
1965,10,29,4.32,4.36
1965,11,5,4.37,4.44
1965,11,12,4.38,4.48
1965,11,19,4.36,4.45
1965,11,26,4.39,4.45
1965,12,3,4.41,4.51
1965,12,10,4.61,4.69
1965,12,17,4.73,4.83
1965,12,24,4.81,4.87
1965,12,31,4.91,4.95
1966,1,7,4.9,4.95
1966,1,14,4.87,4.87
1966,1,21,4.86,4.88
1966,1,28,4.87,4.91
1966,2,4,4.88,4.96
1966,2,11,4.92,5.01
1966,2,18,4.97,5.06
1966,2,25,4.99,5.06
1966,3,4,5.01,5.04
1966,3,11,5.01,5.02
1966,3,18,5,4.96
1966,3,25,4.92,4.91
1966,4,1,4.91,4.91
1966,4,8,4.87,4.83
1966,4,15,4.91,4.87
1966,4,22,4.9,4.9
1966,4,29,4.91,4.95
1966,5,6,4.93,4.98
1966,5,13,4.89,4.94
1966,5,20,4.9,4.96
1966,5,27,5,5.09
1966,6,3,5.03,5.08
1966,6,10,5.03,5.08
1966,6,17,4.99,5.01
1966,6,24,4.87,4.97
1966,7,1,4.96,5.14
1966,7,8,5.07,5.18
1966,7,15,5.2,5.29
1966,7,22,5.22,5.27
1966,7,29,5.21,5.29
1966,8,5,5.23,5.33
1966,8,12,5.33,5.44
1966,8,19,5.59,5.71
1966,8,26,5.79,5.99
1966,9,2,5.89,5.97
1966,9,9,5.8,5.78
1966,9,16,5.91,5.83
1966,9,23,5.88,5.91
1966,9,30,5.68,5.63
1966,10,7,5.62,5.51
1966,10,14,5.6,5.55
1966,10,21,5.58,5.48
1966,10,28,5.54,5.42
1966,11,4,5.54,5.48
1966,11,11,5.61,5.55
1966,11,18,5.59,5.58
1966,11,25,5.49,5.52
1966,12,2,5.45,5.47
1966,12,9,5.44,5.46
1966,12,16,5.2,5.22
1966,12,23,5.04,4.97
1966,12,30,5.01,4.94
1967,1,6,4.93,4.9
1967,1,13,4.77,4.8
1967,1,20,4.69,4.69
1967,1,27,4.69,4.69
1967,2,3,4.61,4.62
1967,2,10,4.63,4.65
1967,2,17,4.76,4.79
1967,2,24,4.83,4.83
1967,3,3,4.69,4.71
1967,3,10,4.56,4.62
1967,3,17,4.3,4.46
1967,3,24,4.2,4.34
1967,3,31,4.15,4.33
1967,4,7,4.11,4.3
1967,4,14,4.09,4.31
1967,4,21,4.11,4.39
1967,4,28,4.11,4.49
1967,5,5,4.13,4.53
1967,5,12,4.14,4.6
1967,5,19,4.15,4.62
1967,5,26,4.18,4.68
1967,6,2,4.19,4.58
1967,6,9,4.23,4.66
1967,6,16,4.45,4.93
1967,6,23,4.55,5.01
1967,6,30,4.79,5.06
1967,7,7,5,5.06
1967,7,14,4.94,5.01
1967,7,21,4.98,5.06
1967,7,28,5.1,5.11
1967,8,4,5.09,5.08
1967,8,11,5.13,5.18
1967,8,18,5.1,5.21
1967,8,25,5.14,5.33
1967,9,1,5.18,5.35
1967,9,8,5.17,5.34
1967,9,15,5.21,5.4
1967,9,22,5.27,5.45
1967,9,29,5.31,5.46
1967,10,6,5.3,5.44
1967,10,13,5.33,5.48
1967,10,20,5.41,5.54
1967,10,27,5.42,5.56
1967,11,3,5.49,5.66
1967,11,10,5.63,5.8
1967,11,17,5.61,5.73
1967,11,24,5.64,5.67
1967,12,1,5.64,5.66
1967,12,8,5.71,5.69
1967,12,15,5.7,5.71
1967,12,22,5.7,5.68
1967,12,29,5.74,5.74
1968,1,5,5.63,5.62
1968,1,12,5.46,5.49
1968,1,19,5.35,5.51
1968,1,26,5.37,5.54
1968,2,2,5.35,5.54
1968,2,9,5.43,5.62
1968,2,16,5.4,5.58
1968,2,23,5.41,5.61
1968,3,1,5.44,5.66
1968,3,8,5.47,5.72
1968,3,15,5.63,5.91
1968,3,22,5.66,5.81
1968,3,29,5.6,5.8
1968,4,5,5.5,5.58
1968,4,12,5.54,5.53
1968,4,19,5.72,5.74
1968,4,26,5.91,5.95
1968,5,3,6.01,5.99
1968,5,10,6.05,6.04
1968,5,17,6.13,6.13
1968,5,24,6.32,6.28
1968,5,31,6.15,6.05
1968,6,7,6.04,5.88
1968,6,14,6.04,5.87
1968,6,21,5.94,5.72
1968,6,28,5.92,5.79
1968,7,5,5.84,5.68
1968,7,12,5.7,5.57
1968,7,19,5.69,5.57
1968,7,26,5.5,5.41
1968,8,2,5.42,5.44
1968,8,9,5.38,5.41
1968,8,16,5.48,5.44
1968,8,23,5.47,5.44
1968,8,30,5.44,5.39
1968,9,6,5.43,5.36
1968,9,13,5.5,5.44
1968,9,20,5.43,5.37
1968,9,27,5.42,5.39
1968,10,4,5.46,5.44
1968,10,11,5.57,5.52
1968,10,18,5.57,5.52
1968,10,25,5.59,5.54
1968,11,1,5.66,5.56
1968,11,8,5.72,5.56
1968,11,15,5.75,5.57
1968,11,22,5.77,5.58
1968,11,29,5.76,5.59
1968,12,6,5.96,5.89
1968,12,13,6.02,6.02
1968,12,20,6.24,6.23
1968,12,27,6.51,6.44
1969,1,3,6.44,6.35
1969,1,10,6.49,6.37
1969,1,17,6.29,6.17
1969,1,24,6.22,6.1
1969,1,31,6.32,6.2
1969,2,7,6.41,6.26
1969,2,14,6.39,6.23
1969,2,21,6.41,6.35
1969,2,28,6.43,6.43
1969,3,7,6.44,6.49
1969,3,14,6.34,6.4
1969,3,21,6.31,6.36
1969,3,28,6.27,6.29
1969,4,4,6.25,6.26
1969,4,11,6.25,6.26
1969,4,18,6.25,6.22
1969,4,25,6.28,6.23
1969,5,2,6.29,6.35
1969,5,9,6.34,6.39
1969,5,16,6.42,6.46
1969,5,23,6.42,6.58
1969,5,30,6.58,6.68
1969,6,6,6.79,6.73
1969,6,13,7.09,6.76
1969,6,20,6.91,6.77
1969,6,27,7.26,6.99
1969,7,4,7.69,7.28
1969,7,11,7.68,7.3
1969,7,18,7.53,7.25
1969,7,25,7.53,7.36
1969,8,1,7.58,7.35
1969,8,8,7.48,7.23
1969,8,15,7.58,7.34
1969,8,22,7.45,7.24
1969,8,29,7.63,7.36
1969,9,5,7.74,7.5
1969,9,12,7.8,7.68
1969,9,19,7.81,7.81
1969,9,26,7.83,7.9
1969,10,3,7.97,8.07
1969,10,10,7.82,7.84
1969,10,17,7.6,7.49
1969,10,24,7.39,7.25
1969,10,31,7.54,7.4
1969,11,7,7.68,7.48
1969,11,14,7.8,7.61
1969,11,21,8.01,7.78
1969,11,28,8.04,7.71
1969,12,5,8.02,7.75
1969,12,12,8.16,8.05
1969,12,19,8.17,8.18
1969,12,26,8.21,8.24
1970,1,2,8.34,8.43
1970,1,9,8.18,8.35
1970,1,16,8,8.19
1970,1,23,8.04,8.13
1970,1,30,8.15,8.26
1970,2,6,7.94,8.05
1970,2,13,7.72,7.89
1970,2,20,7.43,7.7
1970,2,27,7.21,7.46
1970,3,6,7.05,7.23
1970,3,13,6.98,7.17
1970,3,20,7.03,7.23
1970,3,27,6.79,6.96
1970,4,3,6.86,7.1
1970,4,10,6.81,7.15
1970,4,17,6.87,7.32
1970,4,24,7.18,7.57
1970,5,1,7.65,7.81
1970,5,8,7.72,7.91
1970,5,15,7.78,7.94
1970,5,22,7.72,7.94
1970,5,29,7.78,7.97
1970,6,5,7.57,7.74
1970,6,12,7.58,7.84
1970,6,19,7.6,7.92
1970,6,26,7.5,7.86
1970,7,3,7.36,7.72
1970,7,10,7.23,7.59
1970,7,17,7.06,7.54
1970,7,24,7.02,7.53
1970,7,31,7.03,7.54
1970,8,7,7.07,7.54
1970,8,14,7.17,7.57
1970,8,21,7.02,7.47
1970,8,28,6.71,7.3
1970,9,4,6.83,7.33
1970,9,11,6.86,7.29
1970,9,18,6.78,7.11
1970,9,25,6.55,6.9
1970,10,2,6.6,6.97
1970,10,9,6.52,6.94
1970,10,16,6.43,6.94
1970,10,23,6.39,7.03
1970,10,30,6.3,6.92
1970,11,6,6.11,6.71
1970,11,13,5.87,6.57
1970,11,20,5.26,6.14
1970,11,27,5,5.73
1970,12,4,5.04,5.67
1970,12,11,5.09,5.69
1970,12,18,4.94,5.73
1970,12,25,4.95,5.86
1971,1,1,4.96,5.83
1971,1,8,4.98,5.92
1971,1,15,4.68,5.7
1971,1,22,4.35,5.45
1971,1,29,4.26,5.35
1971,2,5,4.17,5.31
1971,2,12,3.96,5.16
1971,2,19,3.71,4.95
1971,2,26,3.68,4.86
1971,3,5,3.72,4.78
1971,3,12,3.58,4.48
1971,3,19,3.6,4.33
1971,3,26,3.71,4.39
1971,4,2,3.95,4.6
1971,4,9,4.07,4.8
1971,4,16,4.26,5.15
1971,4,23,4.31,5.42
1971,4,30,4.65,5.64
1971,5,7,4.86,5.88
1971,5,14,4.96,5.94
1971,5,21,5.2,6.13
1971,5,28,5.12,5.92
1971,6,4,5.05,5.83
1971,6,11,5.4,6.15
1971,6,18,5.81,6.52
1971,6,25,5.86,6.45
1971,7,2,6.18,6.73
1971,7,9,6.06,6.69
1971,7,16,5.83,6.62
1971,7,23,6.03,6.79
1971,7,30,6.2,6.88
1971,8,6,6.21,6.83
1971,8,13,6.22,6.81
1971,8,20,5.51,5.96
1971,8,27,5.47,6.01
1971,9,3,5.34,5.83
1971,9,10,5.39,5.87
1971,9,17,5.47,5.93
1971,9,24,5.44,5.94
1971,10,1,5.33,5.83
1971,10,8,5.12,5.75
1971,10,15,4.9,5.54
1971,10,22,4.85,5.49
1971,10,29,4.66,5.39
1971,11,5,4.57,5.28
1971,11,12,4.69,5.35
1971,11,19,4.6,5.29
1971,11,26,4.76,5.47
1971,12,3,4.72,5.37
1971,12,10,4.67,5.31
1971,12,17,4.64,5.3
1971,12,24,4.61,5.3
1971,12,31,4.45,5.15
1972,1,7,4.41,5.17
1972,1,14,4.14,5.01
1972,1,21,4.22,5.1
1972,1,28,4.33,5.24
1972,2,4,4.4,5.32
1972,2,11,4.27,5.28
1972,2,18,4.16,5.19
1972,2,25,4.26,5.21
1972,3,3,4.28,5.24
1972,3,10,4.35,5.32
1972,3,17,4.8,5.69
1972,3,24,4.84,5.68
1972,3,31,5.02,5.79
1972,4,7,5.17,5.96
1972,4,14,5.12,5.95
1972,4,21,4.93,5.89
1972,4,28,4.64,5.71
1972,5,5,4.6,5.6
1972,5,12,4.66,5.61
1972,5,19,4.69,5.56
1972,5,26,4.61,5.46
1972,6,2,4.69,5.48
1972,6,9,4.85,5.55
1972,6,16,4.86,5.59
1972,6,23,4.96,5.69
1972,6,30,5.11,5.78
1972,7,7,5.08,5.78
1972,7,14,5.04,5.79
1972,7,21,4.91,5.78
1972,7,28,4.87,5.77
1972,8,4,4.82,5.73
1972,8,11,4.83,5.73
1972,8,18,4.84,5.74
1972,8,25,5.09,5.81
1972,9,1,5.39,5.98
1972,9,8,5.46,6.08
1972,9,15,5.51,6.08
1972,9,22,5.54,6.04
1972,9,29,5.6,6.05
1972,10,6,5.6,6.03
1972,10,13,5.53,6.04
1972,10,20,5.53,6.08
1972,10,27,5.44,6.04
1972,11,3,5.38,6.01
1972,11,10,5.27,5.95
1972,11,17,5.2,5.91
1972,11,24,5.25,5.93
1972,12,1,5.35,5.96
1972,12,8,5.44,5.96
1972,12,15,5.48,5.97
1972,12,22,5.57,6.04
1972,12,29,5.64,6.1
1973,1,5,5.7,6.15
1973,1,12,5.78,6.19
1973,1,19,5.89,6.25
1973,1,26,6.03,6.35
1973,2,2,6.15,6.48
1973,2,9,6.16,6.52
1973,2,16,6.04,6.49
1973,2,23,6.2,6.65
1973,3,2,6.43,6.74
1973,3,9,6.64,6.83
1973,3,16,6.9,6.9
1973,3,23,7.03,6.94
1973,3,30,7,6.81
1973,4,6,7.01,6.81
1973,4,13,6.82,6.7
1973,4,20,6.76,6.77
1973,4,27,6.79,6.82
1973,5,4,6.83,6.84
1973,5,11,6.77,6.81
1973,5,18,6.78,6.81
1973,5,25,7.03,6.86
1973,6,1,7.16,6.85
1973,6,8,7.22,6.79
1973,6,15,7.2,6.77
1973,6,22,7.29,6.81
1973,6,29,7.53,6.97
1973,7,6,8.05,7.21
1973,7,13,8.12,7.32
1973,7,20,8.41,7.53
1973,7,27,8.72,7.83
1973,8,3,8.9,8.07
1973,8,10,9.18,8.28
1973,8,17,8.89,7.96
1973,8,24,8.66,7.71
1973,8,31,8.5,7.48
1973,9,7,8.39,7.39
1973,9,14,8.59,7.51
1973,9,21,8.4,7.21
1973,9,28,7.87,6.92
1973,10,5,7.67,6.9
1973,10,12,7.43,6.77
1973,10,19,7.38,6.77
1973,10,26,7.21,6.78
1973,11,2,7.26,6.84
1973,11,9,7.73,7.11
1973,11,16,7.89,7.19
1973,11,23,7.48,6.95
1973,11,30,7.26,6.81
1973,12,7,7.45,6.91
1973,12,14,7.25,6.77
1973,12,21,7.08,6.73
1973,12,28,7.32,6.83
1974,1,4,7.32,6.85
1974,1,11,7.39,6.91
1974,1,18,7.49,6.96
1974,1,25,7.54,7.08
1974,2,1,7.23,6.94
1974,2,8,6.8,6.72
1974,2,15,6.81,6.69
1974,2,22,6.85,6.75
1974,3,1,7.11,6.92
1974,3,8,7.3,7.06
1974,3,15,7.43,7.15
1974,3,22,8.06,7.51
1974,3,29,8.35,7.74
1974,4,5,8.47,7.99
1974,4,12,8.58,8.04
1974,4,19,8.58,7.99
1974,4,26,8.71,8.08
1974,5,3,9,8.33
1974,5,10,9.19,8.55
1974,5,17,8.76,8.26
1974,5,24,8.46,8.09
1974,5,31,8.54,8.08
1974,6,7,8.63,8.1
1974,6,14,8.63,8.1
1974,6,21,8.6,8.1
1974,6,28,8.82,8.29
1974,7,5,9.04,8.46
1974,7,12,9,8.66
1974,7,19,8.61,8.37
1974,7,26,8.49,8.11
1974,8,2,9.03,8.59
1974,8,9,9.08,8.58
1974,8,16,9.09,8.56
1974,8,23,9.53,8.72
1974,8,30,9.83,8.77
1974,9,6,9.59,8.65
1974,9,13,9.09,8.52
1974,9,20,8.68,8.38
1974,9,27,8.41,8.18
1974,10,4,8.31,8.15
1974,10,11,7.97,7.99
1974,10,18,8.09,7.98
1974,10,25,7.89,7.91
1974,11,1,8,7.98
1974,11,8,7.8,7.81
1974,11,15,7.59,7.62
1974,11,22,7.55,7.49
1974,11,29,7.63,7.48
1974,12,6,7.55,7.43
1974,12,13,7.24,7.16
1974,12,20,7.1,7.07
1974,12,27,7.33,7.25
1975,1,3,7.29,7.33
1975,1,10,7.01,7.24
1975,1,17,7.02,7.29
1975,1,24,6.7,7.26
1975,1,31,6.44,7.08
1975,2,7,5.93,6.76
1975,2,14,6.07,6.75
1975,2,21,5.86,6.46
1975,2,28,6.08,6.62
1975,3,7,6.06,6.65
1975,3,14,6,6.67
1975,3,21,6.09,6.87
1975,3,28,6.24,7.02
1975,4,4,6.65,7.46
1975,4,11,6.97,7.74
1975,4,18,6.83,7.7
1975,4,25,7.02,7.9
1975,5,2,6.89,7.86
1975,5,9,6.61,7.59
1975,5,16,6.3,7.31
1975,5,23,6.21,7.22
1975,5,30,6.26,7.27
1975,6,6,6.2,7.18
1975,6,13,5.89,6.91
1975,6,20,6.2,7.07
1975,6,27,6.74,7.46
1975,7,4,6.92,7.58
1975,7,11,6.96,7.59
1975,7,18,6.97,7.65
1975,7,25,7.3,7.81
1975,8,1,7.38,7.94
1975,8,8,7.63,8.11
1975,8,15,7.73,8.19
1975,8,22,7.8,8.27
1975,8,29,7.71,8.09
1975,9,5,7.62,8.09
1975,9,12,7.7,8.32
1975,9,19,7.88,8.44
1975,9,26,7.75,8.23
1975,10,3,7.7,8.27
1975,10,10,7.25,8.03
1975,10,17,7,7.92
1975,10,24,6.73,7.65
1975,10,31,6.44,7.41
1975,11,7,6.3,7.3
1975,11,14,6.38,7.32
1975,11,21,6.58,7.59
1975,11,28,6.68,7.59
1975,12,5,6.75,7.55
1975,12,12,6.88,7.65
1975,12,19,6.65,7.44
1975,12,26,6.32,7.25
1976,1,2,6.18,7.12
1976,1,9,5.96,7.02
1976,1,16,5.77,6.94
1976,1,23,5.74,7
1976,1,30,5.68,6.98
1976,2,6,5.82,7
1976,2,13,5.82,7.11
1976,2,20,5.96,7.1
1976,2,27,6.02,7.05
1976,3,5,6.39,7.3
1976,3,12,6.23,7.16
1976,3,19,6.23,7.13
1976,3,26,6.06,7
1976,4,2,6.12,7.05
1976,4,9,5.96,6.88
1976,4,16,5.75,6.7
1976,4,23,5.84,6.74
1976,4,30,6.02,6.91
1976,5,7,6.09,7
1976,5,14,6.29,7.18
1976,5,21,6.54,7.38
1976,5,28,6.69,7.52
1976,6,4,6.69,7.45
1976,6,11,6.52,7.33
1976,6,18,6.48,7.28
1976,6,25,6.45,7.24
1976,7,2,6.46,7.27
1976,7,9,6.28,7.17
1976,7,16,6.12,7.03
1976,7,23,6.21,7.16
1976,7,30,6.11,7.06
1976,8,6,6.1,6.96
1976,8,13,6.02,6.86
1976,8,20,6,6.83
1976,8,27,5.93,6.81
1976,9,3,5.91,6.75
1976,9,10,5.89,6.71
1976,9,17,5.87,6.66
1976,9,24,5.76,6.61
1976,10,1,5.8,6.59
1976,10,8,5.63,6.33
1976,10,15,5.38,6.02
1976,10,22,5.41,6.15
1976,10,29,5.5,6.35
1976,11,5,5.45,6.31
1976,11,12,5.51,6.33
1976,11,19,5.33,6.11
1976,11,26,5.05,5.79
1976,12,3,4.92,5.65
1976,12,10,4.93,5.67
1976,12,17,4.91,5.69
1976,12,24,4.86,5.67
1976,12,31,4.87,5.71
1977,1,7,5.02,5.83
1977,1,14,5.22,6.2
1977,1,21,5.38,6.33
1977,1,28,5.5,6.48
1977,2,4,5.57,6.54
1977,2,11,5.4,6.39
1977,2,18,5.37,6.35
1977,2,25,5.54,6.51
1977,3,4,5.55,6.49
1977,3,11,5.52,6.5
1977,3,18,5.49,6.46
1977,3,25,5.49,6.44
1977,4,1,5.45,6.45
1977,4,8,5.43,6.45
1977,4,15,5.39,6.22
1977,4,22,5.41,6.23
1977,4,29,5.54,6.36
1977,5,6,5.67,6.49
1977,5,13,5.87,6.58
1977,5,20,5.93,6.57
1977,5,27,5.91,6.56
1977,6,3,5.86,6.49
1977,6,10,5.83,6.46
1977,6,17,5.8,6.35
1977,6,24,5.79,6.35
1977,7,1,5.72,6.32
1977,7,8,5.81,6.4
1977,7,15,5.88,6.47
1977,7,22,5.99,6.55
1977,7,29,6.08,6.61
1977,8,5,6.24,6.74
1977,8,12,6.34,6.81
1977,8,19,6.48,6.85
1977,8,26,6.42,6.78
1977,9,2,6.35,6.72
1977,9,9,6.41,6.75
1977,9,16,6.57,6.84
1977,9,23,6.55,6.86
1977,9,30,6.63,6.94
1977,10,7,6.79,6.97
1977,10,14,7.05,7.18
1977,10,21,7.07,7.28
1977,10,28,6.96,7.28
1977,11,4,7.05,7.32
1977,11,11,6.99,7.24
1977,11,18,6.92,7.17
1977,11,25,6.91,7.19
1977,12,2,6.91,7.22
1977,12,9,6.94,7.27
1977,12,16,6.94,7.27
1977,12,23,6.97,7.33
1977,12,30,7.01,7.39
1978,1,6,7.03,7.4
1978,1,13,7.43,7.71
1978,1,20,7.34,7.66
1978,1,27,7.3,7.65
1978,2,3,7.28,7.58
1978,2,10,7.31,7.62
1978,2,17,7.38,7.71
1978,2,24,7.38,7.74
1978,3,3,7.34,7.71
1978,3,10,7.29,7.69
1978,3,17,7.28,7.64
1978,3,24,7.25,7.65
1978,3,31,7.39,7.79
1978,4,7,7.43,7.82
1978,4,14,7.4,7.81
1978,4,21,7.42,7.83
1978,4,28,7.57,7.95
1978,5,5,7.68,7.99
1978,5,12,7.78,8.06
1978,5,19,7.86,8.07
1978,5,26,7.93,8.15
1978,6,2,7.92,8.19
1978,6,9,7.89,8.16
1978,6,16,8.03,8.19
1978,6,23,8.22,8.4
1978,6,30,8.32,8.51
1978,7,7,8.34,8.51
1978,7,14,8.42,8.56
1978,7,21,8.42,8.55
1978,7,28,8.39,8.55
1978,8,4,8.23,8.36
1978,8,11,8.13,8.21
1978,8,18,8.38,8.37
1978,8,25,8.4,8.35
1978,9,1,8.47,8.37
1978,9,8,8.46,8.35
1978,9,15,8.56,8.34
1978,9,22,8.72,8.45
1978,9,29,8.81,8.49
1978,10,6,8.88,8.5
1978,10,13,8.93,8.47
1978,10,20,9.17,8.57
1978,10,27,9.24,8.69
1978,11,3,9.95,9.12
1978,11,10  1,0.16,9.1
1978,11,17,9.89,8.95
1978,11,24,9.92,8.96
1978,12,01  1,0.11,9.16
1978,12,08  1,0.14,9.12
1978,12,15  1,0.12,9.19
1978,12,22  1,0.49,9.52
1978,12,29  1,0.54,9.59
1979,1,05  1,0.51,9.58
1979,1,12  1,0.51,9.6
1979,1,19  1,0.5,9.59
1979,1,26  1,0.31,9.42
1979,2,02  1,0.13,9.15
1979,2,09  1,0.19,9.2
1979,2,16  1,0.19,9.28
1979,2,23  1,0.33,9.39
1979,3,02  1,0.36,9.45
1979,3,09  1,0.3,9.39
1979,3,16  1,0.31,9.39
1979,3,23  1,0.22,9.38
1979,3,30  1,0.11,9.33
1979,4,06  1,0.09,9.34
1979,4,13  1,0.24,9.46
1979,4,20  1,0.04,9.44
1979,4,27  1,0.12,9.47
1979,5,04  1,0.3,9.54
1979,5,11  1,0.27,9.54
1979,5,18  1,0.09,9.45
1979,5,25,9.95,9.27
1979,6,1,9.88,9.19
1979,6,8,9.74,9.06
1979,6,15,9.48,8.9
1979,6,22,9.61,8.99
1979,6,29,9.39,8.81
1979,7,6,9.44,8.78
1979,7,13,9.53,8.88
1979,7,20,9.7,8.96
1979,7,27,9.82,9.05
1979,8,3,9.72,9.01
1979,8,10,9.72,8.98
1979,8,17,9.95,9.06
1979,8,24  1,0.14,9.2
1979,8,31  1,0.28,9.4
1979,9,07  1,0.75,9.68
1979,9,14  1,0.91,9.66
1979,9,21  1,0.89,9.72
1979,9,28  1,0.81,9.71
1979,10,05  1,1.02,9.85
1979,10,12  1,2.5,0.65
1979,10,19  1,2.68,1.01
1979,10,26  1,3.31,1.83
1979,11,02  1,2.91,1.64
1979,11,09  1,2.94,1.56
1979,11,16  1,2.31,1.12
1979,11,23  1,2.45,1.31
1979,11,30  1,1.76,0.64
1979,12,07  1,1.93,0.61
1979,12,14  1,2.28,0.86
1979,12,21  1,1.91,0.68
1979,12,28  1,1.84,0.71
1980,1,04  1,2.02,0.75
1980,1,11  1,1.9,0.69
1980,1,18  1,1.92,0.78
1980,1,25  1,2.11,0.96
1980,2,01  1,2.36,1.24
1980,2,08  1,2.8,1.83
1980,2,15  1,3.22,2.12
1980,2,22  1,4.71,3.65
1980,2,29  1,5.24,4.07
1980,3,07  1,5.77,4.27
1980,3,14  1,5.68,3.83
1980,3,21  1,5.58,3.86
1980,3,28  1,6.25,4.31
1980,4,04  1,5.74,3.64
1980,4,11  1,4.68,2.91
1980,4,18  1,3.21,1.81
1980,4,25  1,1.86,1.23
1980,5,02  1,0.94,0.49
1980,5,9,9.77,9.57
1980,5,16,9.44,9.44
1980,5,23,9.02,9.23
1980,5,30,8.68,9.14
1980,6,6,8.56,9.23
1980,6,13,7.89,8.78
1980,6,20,7.87,8.64
1980,6,27,8.23,8.96
1980,7,4,8.51,9.15
1980,7,11,8.54,9.16
1980,7,18,8.57,9.19
1980,7,25,8.58,9.23
1980,8,1,9.13,9.72
1980,8,8,9.35,9.9
1980,8,15,9.71,0.18
1980,8,22  1,0.79,1.06
1980,8,29  1,1.28,1.52
1980,9,05  1,0.74,0.92
1980,9,12  1,1.12,1.18
1980,9,19  1,1.65,1.74
1980,9,26  1,2.07,2.06
1980,10,03  1,2.28,1.97
1980,10,10  1,1.99,1.54
1980,10,17  1,1.98,1.65
1980,10,24  1,2.56,2.08
1980,10,31  1,3.51,2.82
1980,11,07  1,3.97,3.27
1980,11,14  1,3.61,2.99
1980,11,21  1,4.2,3.33
1980,11,28  1,4.81,3.62
1980,12,05  1,5.18,3.77
1980,12,12  1,5.52,4.1
1980,12,19  1,5.44,4.17
1980,12,26  1,3.82,2.91
1981,1,02  1,3.86,2.81
1981,1,09  1,3.68,2.72
1981,1,16  1,3.91,2.91
1981,1,23  1,4.52,3.32
1981,1,30  1,4.24,3.13
1981,2,06  1,4.41,3.41
1981,2,13  1,4.92,3.86
1981,2,20  1,4.5,3.53
1981,2,27  1,4.5,3.8
1981,3,06  1,4.69,3.95
1981,3,13  1,3.92,3.55
1981,3,20  1,2.96,3.06
1981,3,27  1,3.51,3.57
1981,4,03  1,3.2,3.4
1981,4,10  1,3.98,3.89
1981,4,17  1,4.27,4.07
1981,4,24  1,4.7,4.33
1981,5,01  1,5.11,4.57
1981,5,08  1,6.36,5.35
1981,5,15  1,6.63,5.36
1981,5,22  1,6.44,5.05
1981,5,29  1,5.44,4.55
1981,6,05  1,5.22,4.42
1981,6,12  1,4.73,4.16
1981,6,19  1,4.67,4.15
1981,6,26  1,4.86,4.39
1981,7,03  1,4.94,4.58
1981,7,10  1,5.27,4.76
1981,7,17  1,5.34,4.86
1981,7,24  1,6.36,5.61
1981,7,31  1,6.13,5.55
1981,8,07  1,6.56,5.88
1981,8,14  1,6.45,5.67
1981,8,21  1,6.74,5.98
1981,8,28  1,7.07,6.39
1981,9,04  1,7.15,6.47
1981,9,11  1,6.93,6.42
1981,9,18  1,6.13,5.97
1981,9,25  1,6.05,5.98
1981,10,02  1,6.52,6.36
1981,10,09  1,5.53,5.59
1981,10,16  1,5.14,5.21
1981,10,23  1,5.34,5.5
1981,10,30  1,5.02,5.34
1981,11,06  1,3.83,4.17
1981,11,13  1,2.51,3.07
1981,11,20  1,1.88,2.72
1981,11,27  1,1.7,2.67
1981,12,04  1,2,3.06
1981,12,11  1,2.32,3.46
1981,12,18  1,2.79,3.56
1981,12,25  1,3.56,4.15
1982,1,01  1,3.68,4.09
1982,1,08  1,3.8,4.32
1982,1,15  1,4.39,4.73
1982,1,22  1,4.72,4.92
1982,1,29  1,4.37,4.57
1982,2,05  1,4.85,4.84
1982,2,12  1,5.11,5.05
1982,2,19  1,5.03,4.88
1982,2,26  1,4.08,4.26
1982,3,05  1,3.71,3.96
1982,3,12  1,3.73,3.94
1982,3,19  1,4.08,4.19
1982,3,26  1,4.01,4.18
1982,4,02  1,4.32,4.47
1982,4,09  1,4.2,4.36
1982,4,16  1,4.07,4.21
1982,4,23  1,3.86,4.09
1982,4,30  1,3.75,4.02
1982,5,07  1,3.71,3.95
1982,5,14  1,3.49,3.73
1982,5,21  1,3.18,3.71
1982,5,28  1,3,3.71
1982,6,04  1,3.46,3.99
1982,6,11  1,3.59,4.08
1982,6,18  1,4.22,4.57
1982,6,25  1,4.62,4.95
1982,7,02  1,4.41,4.81
1982,7,09  1,3.98,4.49
1982,7,16  1,3.46,4.08
1982,7,23  1,2.5,3.53
1982,7,30  1,2.73,3.72
1982,8,06  1,2.32,3.26
1982,8,13  1,2.23,3.24
1982,8,20  1,0.63,2.07
1982,8,27  1,0.63,2
1982,9,03  1,1.12,2.25
1982,9,10  1,1.05,2.16
1982,9,17  1,1.1,2.23
1982,9,24  1,0.67,1.96
1982,10,01  1,0.34,1.6
1982,10,08  1,0.05,1.19
1982,10,15,8.82,0.27
1982,10,22,8.89,0.28
1982,10,29,9.26,0.52
1982,11,5,9.03,9.96
1982,11,12,9.19,9.96
1982,11,19,9.23,0.01
1982,11,26,9.07,9.92
1982,12,3,9.26,0.04
1982,12,10,9.06,9.95
1982,12,17,8.83,9.84
1982,12,24,8.8,9.88
1982,12,31,8.75,9.79
1983,1,7,8.62,9.65
1983,1,14,8.41,9.45
1983,1,21,8.56,9.55
1983,1,28,8.83,9.87
1983,2,4,8.98,0
1983,2,11,9.06,0.06
1983,2,18,8.98,9.95
1983,2,25,8.67,9.66
1983,3,4,8.59,9.48
1983,3,11,8.93,9.78
1983,3,18,9.05,9.83
1983,3,25,9.28,0.03
1983,4,1,9.34,0.06
1983,4,8,9.17,9.9
1983,4,15,8.94,9.71
1983,4,22,8.98,9.77
1983,4,29,8.83,9.68
1983,5,6,8.64,9.43
1983,5,13,8.7,9.45
1983,5,20,8.93,9.69
1983,5,27,9.23,9.95
1983,6,3,9.43,0.17
1983,6,10,9.64,0.29
1983,6,17,9.54,0.2
1983,6,24,9.82,0.45
1983,7,1,9.78,0.47
1983,7,08  1,0.12,0.77
1983,7,15  1,0.27,0.92
1983,7,22  1,0.18,0.93
1983,7,29  1,0.31,1.06
1983,8,05  1,0.63,1.38
1983,8,12  1,0.77,1.58
1983,8,19  1,0.43,1.17
1983,8,26  1,0.27,1.03
1983,9,02  1,0.57,1.41
1983,9,09  1,0.38,1.23
1983,9,16  1,0.21,1.14
1983,9,23  1,0.01,0.99
1983,9,30,9.89,0.82
1983,10,7,9.77,0.74
1983,10,14,9.92,0.95
1983,10,21,9.69,0.79
1983,10,28,9.86,0.98
1983,11,4,9.92,1.01
1983,11,11,9.95,1.04
1983,11,18,9.92,0.96
1983,11,25,9.9,0.88
1983,12,02  1,0.01,0.98
1983,12,09  1,0.1,1.1
1983,12,16  1,0.15,1.21
1983,12,23  1,0.13,1.13
1983,12,30  1,0.09,1.1
1984,1,06  1,0.02,1.04
1984,1,13,9.91,0.98
1984,1,20,9.86,0.86
1984,1,27,9.87,0.89
1984,2,3,9.81,0.87
1984,2,10,9.94,0.96
1984,2,17  1,0.05,1.04
1984,2,24  1,0.21,1.17
1984,3,02  1,0.24,1.24
1984,3,09  1,0.33,1.38
1984,3,16  1,0.53,1.53
1984,3,23  1,0.85,1.77
1984,3,30  1,0.79,1.8
1984,4,06  1,0.91,1.96
1984,4,13  1,0.76,1.84
1984,4,20  1,0.94,1.99
1984,4,27  1,0.98,2.08
1984,5,04  1,1.19,2.26
1984,5,11  1,1.52,2.59
1984,5,18  1,1.68,2.78
1984,5,25  1,1.84,2.93
1984,6,01  1,2.1,3.25
1984,6,08  1,1.92,2.99
1984,6,15  1,2.02,3.08
1984,6,22  1,2.15,3.24
1984,6,29  1,2.28,3.46
1984,7,06  1,2.17,3.38
1984,7,13  1,2.1,3.19
1984,7,20  1,2.03,3.06
1984,7,27  1,1.9,2.86
1984,8,03  1,1.84,2.63
1984,8,10  1,1.8,2.44
1984,8,17  1,1.73,2.45
1984,8,24  1,1.8,2.46
1984,8,31  1,1.97,2.6
1984,9,07  1,1.95,2.63
1984,9,14  1,1.61,2.34
1984,9,21  1,1.41,2.19
1984,9,28  1,1.42,2.27
1984,10,05  1,1.39,2.26
1984,10,12  1,1.16,2.06
1984,10,19  1,0.93,1.88
1984,10,26  1,0.46,1.48
1984,11,02  1,0.31,1.33
1984,11,9,9.98,1.06
1984,11,16,9.99,1.05
1984,11,23,9.64,0.75
1984,11,30,9.55,0.67
1984,12,7,9.63,0.8
1984,12,14,9.49,0.71
1984,12,21,9.09,0.32
1984,12,28,9.1,0.39
1985,1,4,9.19,0.58
1985,1,11,9.04,0.51
1985,1,18,9.05,0.49
1985,1,25,8.9,0.25
1985,2,1,9.03,0.34
1985,2,8,9.18,0.42
1985,2,15,9.19,0.4
1985,2,22,9.3,0.56
1985,3,1,9.61,0.91
1985,3,8,9.89,1.07
1985,3,15,9.91,1.08
1985,3,22,9.97,1.13
1985,3,29,9.68,0.93
1985,4,5,9.54,0.84
1985,4,12,9.32,0.66
1985,4,19,8.95,0.28
1985,4,26,8.89,0.29
1985,5,3,8.92,0.32
1985,5,10,8.73,0.06
1985,5,17,8.52,9.75
1985,5,24,8.22,9.43
1985,5,31,8.09,9.36
1985,6,7,7.8,8.97
1985,6,14,7.85,9.06
1985,6,21,7.66,8.9
1985,6,28,7.91,9.27
1985,7,5,7.66,8.98
1985,7,12,7.73,8.96
1985,7,19,7.82,9.13
1985,7,26,8.03,9.41
1985,8,2,8.14,9.51
1985,8,9,8.15,9.46
1985,8,16,8.07,9.28
1985,8,23,7.95,9.18
1985,8,30,7.97,9.22
1985,9,6,8.04,9.36
1985,9,13,8.2,9.51
1985,9,20,8.11,9.43
1985,9,27,7.88,9.17
1985,10,4,7.96,9.25
1985,10,11,8.06,9.35
1985,10,18,8.01,9.25
1985,10,25,8.03,9.21
1985,11,1,7.97,9.13
1985,11,8,7.91,9
1985,11,15,7.89,8.94
1985,11,22,7.85,8.78
1985,11,29,7.87,8.75
1985,12,6,7.9,8.75
1985,12,13,7.65,8.41
1985,12,20,7.57,8.23
1985,12,27,7.59,8.24
1986,1,3,7.63,8.25
1986,1,10,7.74,8.39
1986,1,17,7.86,8.57
1986,1,24,7.73,8.46
1986,1,31,7.62,8.29
1986,2,7,7.63,8.21
1986,2,14,7.69,8.17
1986,2,21,7.62,8.1
1986,2,28,7.52,7.91
1986,3,7,7.22,7.51
1986,3,14,7.03,7.26
1986,3,21,7.01,7.29
1986,3,28,6.89,7.19
1986,4,4,6.67,7.03
1986,4,11,6.41,6.82
1986,4,18,6.21,6.59
1986,4,25,6.46,6.94
1986,5,2,6.56,7.07
1986,5,9,6.49,6.98
1986,5,16,6.65,7.28
1986,5,23,6.74,7.45
1986,5,30,6.79,7.47
1986,6,6,7,7.74
1986,6,13,6.85,7.57
1986,6,20,6.61,7.25
1986,6,27,6.54,7.14
1986,7,4,6.36,6.99
1986,7,11,6.29,6.92
1986,7,18,6.18,6.73
1986,7,25,6.25,6.82
1986,8,1,6.27,6.89
1986,8,8,6.16,6.75
1986,8,15,6.01,6.55
1986,8,22,5.85,6.35
1986,8,29,5.67,6.25
1986,9,5,5.66,6.35
1986,9,12,5.79,6.64
1986,9,19,5.81,6.71
1986,9,26,5.8,6.71
1986,10,3,5.79,6.65
1986,10,10,5.57,6.43
1986,10,17,5.73,6.59
1986,10,24,5.82,6.66
1986,10,31,5.74,6.57
1986,11,7,5.76,6.48
1986,11,14,5.89,6.55
1986,11,21,5.79,6.44
1986,11,28,5.77,6.39
1986,12,5,5.78,6.37
1986,12,12,5.83,6.38
1986,12,19,5.9,6.45
1986,12,26,5.92,6.46
1987,1,2,5.97,6.54
1987,1,9,5.8,6.38
1987,1,16,5.76,6.39
1987,1,23,5.69,6.37
1987,1,30,5.82,6.46
1987,2,6,5.92,6.53
1987,2,13,6.05,6.65
1987,2,20,5.98,6.57
1987,2,27,5.9,6.52
1987,3,6,5.94,6.52
1987,3,13,6.06,6.56
1987,3,20,5.99,6.53
1987,3,27,6.07,6.63
1987,4,3,6.18,6.86
1987,4,10,6.26,6.98
1987,4,17,6.6,7.4
1987,4,24,6.67,7.57
1987,5,1,6.76,7.71
1987,5,8,6.88,7.87
1987,5,15,7.03,8
1987,5,22,7.2,8.27
1987,5,29,6.95,8.01
1987,6,5,6.91,8
1987,6,12,6.8,7.89
1987,6,19,6.73,7.68
1987,6,26,6.77,7.72
1987,7,3,6.71,7.72
1987,7,10,6.61,7.65
1987,7,17,6.53,7.65
1987,7,24,6.71,7.77
1987,7,31,6.88,7.91
1987,8,7,6.96,8.02
1987,8,14,6.93,7.93
1987,8,21,7.01,7.98
1987,8,28,7.16,8.13
1987,9,4,7.41,8.41
1987,9,11,7.72,8.7
1987,9,18,7.65,8.64
1987,9,25,7.7,8.71
1987,10,2,7.88,8.89
1987,10,9,8.1,9.1
1987,10,16,8.33,9.43
1987,10,23,7.22,8.54
1987,10,30,6.73,8.01
1987,11,6,6.87,7.96
1987,11,13,6.96,7.96
1987,11,20,7.01,7.98
1987,11,27,7.02,8.05
1987,12,4,7.02,8.04
1987,12,11,7.24,8.21
1987,12,18,7.23,8.17
1987,12,25,7.19,8.12
1988,1,1,7.15,8.08
1988,1,8,7.15,8.05
1988,1,15,7.12,7.99
1988,1,22,6.9,7.8
1988,1,29,6.77,7.63
1988,2,5,6.65,7.42
1988,2,12,6.59,7.34
1988,2,19,6.7,7.42
1988,2,26,6.63,7.35
1988,3,4,6.63,7.33
1988,3,11,6.72,7.45
1988,3,18,6.63,7.44
1988,3,25,6.77,7.6
1988,4,1,6.78,7.66
1988,4,8,7.01,7.78
1988,4,15,6.92,7.75
1988,4,22,7.03,7.88
1988,4,29,7.07,7.92
1988,5,6,7.23,8.06
1988,5,13,7.33,8.19
1988,5,20,7.4,8.26
1988,5,27,7.58,8.4
1988,6,3,7.59,8.34
1988,6,10,7.46,8.2
1988,6,17,7.4,8.13
1988,6,24,7.53,8.26
1988,7,1,7.52,8.21
1988,7,8,7.62,8.27
1988,7,15,7.79,8.45
1988,7,22,7.79,8.51
1988,7,29,7.85,8.56
1988,8,5,7.89,8.52
1988,8,12,8.17,8.76
1988,8,19,8.27,8.85
1988,8,26,8.28,8.89
1988,9,2,8.24,8.79
1988,9,9,8.09,8.56
1988,9,16,8.01,8.52
1988,9,23,8.07,8.54
1988,9,30,8.18,8.62
1988,10,7,8.13,8.48
1988,10,14,8.07,8.44
1988,10,21,8.12,8.43
1988,10,28,8.13,8.42
1988,11,4,8.1,8.38
1988,11,11,8.35,8.61
1988,11,18,8.55,8.77
1988,11,25,8.71,8.94
1988,12,2,8.75,8.98
1988,12,9,8.89,9.01
1988,12,16,9.1,9.17
1988,12,23,9,9.12
1988,12,30,9.07,9.2
1989,1,6,9.17,9.3
1989,1,13,9.11,9.27
1989,1,20,8.96,9.14
1989,1,27,8.97,9.11
1989,2,3,9.05,9.14
1989,2,10,9.15,9.24
1989,2,17,9.27,9.36
1989,2,24,9.41,9.42
1989,3,3,9.4,9.43
1989,3,10,9.39,9.43
1989,3,17,9.56,9.61
1989,3,24,9.78,9.82
1989,3,31,9.71,9.74
1989,4,7,9.47,9.47
1989,4,14,9.48,9.53
1989,4,21,9.28,9.35
1989,4,28,9.22,9.26
1989,5,5,9.16,9.18
1989,5,12,9.05,9.08
1989,5,19,8.89,8.9
1989,5,26,8.86,8.82
1989,6,2,8.8,8.71
1989,6,9,8.4,8.33
1989,6,16,8.45,8.38
1989,6,23,8.53,8.45
1989,6,30,8.28,8.2
1989,7,7,7.97,7.94
1989,7,14,7.85,7.8
1989,7,21,7.96,7.89
1989,7,28,7.86,7.77
1989,8,4,7.73,7.66
1989,8,11,8.12,8.01
1989,8,18,8.3,8.23
1989,8,25,8.36,8.33
1989,9,1,8.32,8.37
1989,9,8,8.27,8.29
1989,9,15,8.07,8.11
1989,9,22,8.18,8.19
1989,9,29,8.38,8.42
1989,10,6,8.35,8.32
1989,10,13,8,8
1989,10,20,7.85,7.94
1989,10,27,7.81,7.86
1989,11,3,7.89,7.92
1989,11,10,7.87,7.89
1989,11,17,7.71,7.74
1989,11,24,7.64,7.69
1989,12,1,7.73,7.76
1989,12,8,7.73,7.77
1989,12,15,7.73,7.74
1989,12,22,7.66,7.72
1989,12,29,7.8,7.9
1990,1,5,7.82,7.93
1990,1,12,7.78,7.95
1990,1,19,7.97,8.19
1990,1,26,8.01,8.28
1990,2,2,8.09,8.38
1990,2,9,8.13,8.38
1990,2,16,8.05,8.3
1990,2,23,8.19,8.49
1990,3,2,8.14,8.44
1990,3,9,8.34,8.6
1990,3,16,8.42,8.7
1990,3,23,8.35,8.63
1990,3,30,8.34,8.63
1990,4,6,8.29,8.62
1990,4,13,8.29,8.61
1990,4,20,8.41,8.8
1990,4,27,8.57,9.02
1990,5,4,8.56,9.01
1990,5,11,8.36,8.73
1990,5,18,8.24,8.6
1990,5,25,8.22,8.58
1990,6,1,8.18,8.5
1990,6,8,8.08,8.38
1990,6,15,8.05,8.36
1990,6,22,8.14,8.44
1990,6,29,8.13,8.42
1990,7,6,8.06,8.33
1990,7,13,8.09,8.39
1990,7,20,7.87,8.23
1990,7,27,7.85,8.21
1990,8,3,7.67,8.01
1990,8,10,7.7,8.15
1990,8,17,7.73,8.15
1990,8,24,7.93,8.38
1990,8,31,7.85,8.33
1990,9,7,7.74,8.24
1990,9,14,7.75,8.24
1990,9,21,7.77,8.25
1990,9,28,7.79,8.33
1990,10,5,7.58,8.07
1990,10,12,7.62,8.18
1990,10,19,7.58,8.1
1990,10,26,7.5,7.99
1990,11,2,7.41,7.95
1990,11,9,7.35,7.81
1990,11,16,7.3,7.7
1990,11,23,7.29,7.69
1990,11,30,7.3,7.68
1990,12,7,7.24,7.57
1990,12,14,7.08,7.4
1990,12,21,6.96,7.42
1990,12,28,6.95,7.49
1991,1,4,6.78,7.34
1991,1,11,6.71,7.41
1991,1,18,6.62,7.43
1991,1,25,6.58,7.35
1991,2,1,6.51,7.29
1991,2,8,6.23,7.01
1991,2,15,6.2,6.98
1991,2,22,6.3,7.12
1991,3,1,6.4,7.27
1991,3,8,6.48,7.36
1991,3,15,6.32,7.26
1991,3,22,6.41,7.42
1991,3,29,6.34,7.36
1991,4,5,6.26,7.25
1991,4,12,6.22,7.24
1991,4,19,6.26,7.21
1991,4,26,6.25,7.25
1991,5,3,6.11,7.16
1991,5,10,6.13,7.13
1991,5,17,6.13,7.13
1991,5,24,6.15,7.12
1991,5,31,6.13,7.07
1991,6,7,6.3,7.29
1991,6,14,6.4,7.44
1991,6,21,6.37,7.41
1991,6,28,6.36,7.42
1991,7,5,6.4,7.42
1991,7,12,6.3,7.44
1991,7,19,6.32,7.38
1991,7,26,6.29,7.35
1991,8,2,6.18,7.21
1991,8,9,5.88,6.92
1991,8,16,5.72,6.77
1991,8,23,5.62,6.66
1991,8,30,5.74,6.7
1991,9,6,5.7,6.66
1991,9,13,5.58,6.56
1991,9,20,5.56,6.48
1991,9,27,5.5,6.38
1991,10,4,5.4,6.26
1991,10,11,5.36,6.23
1991,10,18,5.33,6.21
1991,10,25,5.39,6.3
1991,11,1,5.15,6.12
1991,11,8,5,5.99
1991,11,15,4.96,5.95
1991,11,22,4.82,5.84
1991,11,29,4.74,5.81
1991,12,6,4.61,5.63
1991,12,13,4.44,5.46
1991,12,20,4.35,5.38
1991,12,27,4.17,5.17
1992,1,3,4.14,5.14
1992,1,10,4.06,5.12
1992,1,17,4.17,5.45
1992,1,24,4.14,5.47
1992,1,31,4.23,5.65
1992,2,7,4.19,5.61
1992,2,14,4.19,5.61
1992,2,21,4.37,5.82
1992,2,28,4.41,5.86
1992,3,6,4.55,6
1992,3,13,4.64,6.14
1992,3,20,4.73,6.33
1992,3,27,4.64,6.26
1992,4,3,4.5,6.09
1992,4,10,4.25,5.81
1992,4,17,4.14,5.77
1992,4,24,4.32,6.02
1992,5,1,4.34,6.02
1992,5,8,4.25,5.92
1992,5,15,4.12,5.75
1992,5,22,4.12,5.73
1992,5,29,4.27,5.83
1992,6,5,4.27,5.77
1992,6,12,4.18,5.67
1992,6,19,4.12,5.55
1992,6,26,4.14,5.49
1992,7,3,3.96,5.33
1992,7,10,3.64,4.99
1992,7,17,3.53,4.87
1992,7,24,3.53,4.8
1992,7,31,3.57,4.83
1992,8,7,3.54,4.84
1992,8,14,3.43,4.69
1992,8,21,3.4,4.59
1992,8,28,3.52,4.79
1992,9,4,3.39,4.58
1992,9,11,3.17,4.35
1992,9,18,3.15,4.4
1992,9,25,3.16,4.44
1992,10,2,3.02,4.26
1992,10,9,3.09,4.34
1992,10,16,3.26,4.56
1992,10,23,3.48,4.89
1992,10,30,3.5,4.93
1992,11,6,3.58,5.03
1992,11,13,3.64,5.09
1992,11,20,3.73,5.17
1992,11,27,3.76,5.24
1992,12,4,3.82,5.35
1992,12,11,3.72,5.19
1992,12,18,3.76,5.25
1992,12,25,3.64,5.14
1993,1,1,3.62,5.13
1993,1,8,3.6,5.06
1993,1,15,3.5,4.98
1993,1,22,3.47,4.91
1993,1,29,3.41,4.78
1993,2,5,3.41,4.7
1993,2,12,3.45,4.71
1993,2,19,3.36,4.51
1993,2,26,3.31,4.38
1993,3,5,3.3,4.28
1993,3,12,3.39,4.47
1993,3,19,3.36,4.46
1993,3,26,3.3,4.39
1993,4,2,3.32,4.43
1993,4,9,3.31,4.38
1993,4,16,3.21,4.26
1993,4,23,3.18,4.23
1993,4,30,3.25,4.3
1993,5,7,3.23,4.24
1993,5,14,3.27,4.3
1993,5,21,3.4,4.48
1993,5,28,3.55,4.6
1993,6,4,3.58,4.58
1993,6,11,3.61,4.65
1993,6,18,3.49,4.5
1993,6,25,3.53,4.5
1993,7,2,3.42,4.37
1993,7,9,3.42,4.36
1993,7,16,3.41,4.34
1993,7,23,3.53,4.49
1993,7,30,3.57,4.54
1993,8,6,3.55,4.53
1993,8,13,3.48,4.44
1993,8,20,3.41,4.34
1993,8,27,3.37,4.22
1993,9,3,3.34,4.16
1993,9,10,3.32,4.09
1993,9,17,3.38,4.19
1993,9,24,3.39,4.22
1993,10,1,3.35,4.17
1993,10,8,3.35,4.15
1993,10,15,3.36,4.09
1993,10,22,3.4,4.17
1993,10,29,3.46,4.28
1993,11,5,3.56,4.47
1993,11,12,3.55,4.48
1993,11,19,3.58,4.49
1993,11,26,3.61,4.56
1993,12,3,3.62,4.54
1993,12,10,3.6,4.51
1993,12,17,3.61,4.57
1993,12,24,3.6,4.54
1993,12,31,3.61,4.53
1994,1,7,3.63,4.59
1994,1,14,3.52,4.43
1994,1,21,3.51,4.45
1994,1,28,3.51,4.44
1994,2,4,3.66,4.57
1994,2,11,3.85,4.81
1994,2,18,3.88,4.85
1994,2,25,4.01,5.03
1994,3,4,4.16,5.19
1994,3,11,4.28,5.32
1994,3,18,4.31,5.37
1994,3,25,4.36,5.45
1994,4,1,4.46,5.62
1994,4,8,4.71,5.92
1994,4,15,4.7,5.91
1994,4,22,4.9,6.09
1994,4,29,4.99,6.08
1994,5,6,5.23,6.3
1994,5,13,5.49,6.54
1994,5,20,5.23,6.2
1994,5,27,5.29,6.3
1994,6,3,5.31,6.29
1994,6,10,5.16,6.13
1994,6,17,5.18,6.21
1994,6,24,5.3,6.32
1994,7,1,5.47,6.46
1994,7,8,5.49,6.5
1994,7,15,5.49,6.53
1994,7,22,5.41,6.39
1994,7,29,5.51,6.48
1994,8,5,5.41,6.36
1994,8,12,5.6,6.58
1994,8,19,5.63,6.53
1994,8,26,5.61,6.52
1994,9,2,5.56,6.45
1994,9,9,5.62,6.55
1994,9,16,5.72,6.65
1994,9,23,5.85,6.78
1994,9,30,5.92,6.87
1994,10,7,6.07,7.02
1994,10,14,6.04,6.95
1994,10,21,6.1,7.01
1994,10,28,6.22,7.16
1994,11,4,6.28,7.24
1994,11,11,6.42,7.38
1994,11,18,6.58,7.45
1994,11,25,6.63,7.5
1994,12,2,6.89,7.62
1994,12,9,7.1,7.64
1994,12,16,7.2,7.73
1994,12,23,7.12,7.74
1994,12,30,7.21,7.79
1995,1,6,7.24,7.81
1995,1,13,7.12,7.73
1995,1,20,7.02,7.65
1995,1,27,6.95,7.6
1995,2,3,6.88,7.41
1995,2,10,6.79,7.39
1995,2,17,6.7,7.28
1995,2,24,6.54,7.07
1995,3,3,6.47,6.95
1995,3,10,6.54,7.04
1995,3,17,6.39,6.81
1995,3,24,6.37,6.83
1995,3,31,6.38,6.84
1995,4,7,6.38,6.8
1995,4,14,6.28,6.72
1995,4,21,6.17,6.58
1995,4,28,6.24,6.64
1995,5,5,6.16,6.54
1995,5,12,6,6.27
1995,5,19,5.98,6.25
1995,5,26,5.92,6.14
1995,6,2,5.71,5.83
1995,6,9,5.69,5.83
1995,6,16,5.66,5.83
1995,6,23,5.59,5.73
1995,6,30,5.65,5.83
1995,7,7,5.53,5.74
1995,7,14,5.47,5.7
1995,7,21,5.64,5.97
1995,7,28,5.72,6.07
1995,8,4,5.68,6.06
1995,8,11,5.71,6.07
1995,8,18,5.86,6.21
1995,8,25,5.81,6.15
1995,9,1,5.66,5.96
1995,9,8,5.63,5.88
1995,9,15,5.59,5.84
1995,9,22,5.57,5.87
1995,9,29,5.69,5.97
1995,10,6,5.61,5.84
1995,10,13,5.6,5.79
1995,10,20,5.59,5.74
1995,10,27,5.58,5.75
1995,11,3,5.48,5.64
1995,11,10,5.45,5.62
1995,11,17,5.43,5.58
1995,11,24,5.44,5.56
1995,12,1,5.39,5.47
1995,12,8,5.35,5.38
1995,12,15,5.35,5.42
1995,12,22,5.3,5.43
1995,12,29,5.21,5.29
1996,1,5,5.18,5.26
1996,1,12,5.17,5.29
1996,1,19,5.03,5.13
1996,1,26,5.05,5.18
1996,2,2,4.93,5.1
1996,2,9,4.85,5.03
1996,2,16,4.81,4.94
1996,2,23,5.04,5.28
1996,3,1,5.14,5.44
1996,3,8,5.15,5.52
1996,3,15,5.41,5.9
1996,3,22,5.44,5.91
1996,3,29,5.42,5.89
1996,4,5,5.48,5.97
1996,4,12,5.62,6.23
1996,4,19,5.51,6.11
1996,4,26,5.52,6.1
1996,5,3,5.63,6.24
1996,5,10,5.67,6.33
1996,5,17,5.59,6.21
1996,5,24,5.59,6.2
1996,5,31,5.7,6.34
1996,6,7,5.78,6.44
1996,6,14,5.86,6.56
1996,6,21,5.82,6.5
1996,6,28,5.79,6.44
1996,7,5,5.82,6.43
1996,7,12,5.9,6.53
1996,7,19,5.8,6.4
1996,7,26,5.85,6.44
1996,8,2,5.8,6.34
1996,8,9,5.6,6.12
1996,8,16,5.62,6.13
1996,8,23,5.64,6.18
1996,8,30,5.81,6.41
1996,9,6,5.95,6.55
1996,9,13,5.88,6.45
1996,9,20,5.82,6.4
1996,9,27,5.72,6.29
1996,10,4,5.61,6.16
1996,10,11,5.57,6.1
1996,10,18,5.55,6.08
1996,10,25,5.56,6.09
1996,11,1,5.48,5.97
1996,11,8,5.44,5.89
1996,11,15,5.41,5.81
1996,11,22,5.42,5.79
1996,11,29,5.41,5.75
1996,12,6,5.42,5.77
1996,12,13,5.46,5.89
1996,12,20,5.51,5.98
1996,12,27,5.5,5.97
1997,1,3,5.55,6.06
1997,1,10,5.61,6.15
1997,1,17,5.61,6.15
1997,1,24,5.61,6.17
1997,1,31,5.62,6.17
1997,2,7,5.53,6.03
1997,2,14,5.49,5.99
1997,2,21,5.47,5.96
1997,2,28,5.6,6.15
1997,3,7,5.7,6.27
1997,3,14,5.72,6.3
1997,3,21,5.81,6.42
1997,3,28,5.94,6.52
1997,4,4,5.99,6.58
1997,4,11,5.99,6.62
1997,4,18,5.98,6.63
1997,4,25,6.01,6.64
1997,5,2,5.93,6.48
1997,5,9,5.9,6.44
1997,5,16,5.86,6.4
1997,5,23,5.85,6.41
1997,5,30,5.86,6.44
1997,6,6,5.76,6.32
1997,6,13,5.72,6.27
1997,6,20,5.65,6.16
1997,6,27,5.65,6.2
1997,7,4,5.63,6.17
1997,7,11,5.54,6.03
1997,7,18,5.56,6.02
1997,7,25,5.54,5.97
1997,8,1,5.48,5.9
1997,8,8,5.55,6.06
1997,8,15,5.59,6.08
1997,8,22,5.54,6.01
1997,8,29,5.59,6.11
1997,9,5,5.58,6.08
1997,9,12,5.59,6.08
1997,9,19,5.48,5.91
1997,9,26,5.47,5.89
1997,10,3,5.45,5.84
1997,10,10,5.45,5.82
1997,10,17,5.52,5.91
1997,10,24,5.53,5.93
1997,10,31,5.35,5.73
1997,11,7,5.44,5.77
1997,11,14,5.44,5.76
1997,11,21,5.46,5.73
1997,11,28,5.5,5.77
1997,12,5,5.54,5.79
1997,12,12,5.53,5.78
1997,12,19,5.49,5.69
1997,12,26,5.55,5.71
1998,1,2,5.52,5.7
1998,1,9,5.25,5.37
1998,1,16,5.18,5.28
1998,1,23,5.22,5.36
1998,1,30,5.28,5.43
1998,2,6,5.26,5.38
1998,2,13,5.28,5.41
1998,2,20,5.28,5.38
1998,2,27,5.42,5.55
1998,3,6,5.43,5.62
1998,3,13,5.37,5.53
1998,3,20,5.36,5.5
1998,3,27,5.39,5.59
1998,4,3,5.36,5.57
1998,4,10,5.3,5.5
1998,4,17,5.39,5.56
1998,4,24,5.4,5.61
1998,5,1,5.45,5.69
1998,5,8,5.43,5.62
1998,5,15,5.46,5.64
1998,5,22,5.45,5.6
1998,5,29,5.43,5.56
1998,6,5,5.42,5.55
1998,6,12,5.42,5.52
1998,6,19,5.4,5.49
1998,6,26,5.41,5.52
1998,7,3,5.38,5.49
1998,7,10,5.34,5.44
1998,7,17,5.36,5.48
1998,7,24,5.36,5.47
1998,7,31,5.37,5.48
1998,8,7,5.31,5.39
1998,8,14,5.23,5.31
1998,8,21,5.24,5.29
1998,8,28,5.1,5.05
1998,9,4,4.91,4.84
1998,9,11,4.76,4.67
1998,9,18,4.76,4.65
1998,9,25,4.61,4.51
1998,10,2,4.41,4.26
1998,10,9,4.18,4.18
1998,10,16,4.14,4.22
1998,10,23,4.01,4.15
1998,10,30,4.1,4.2
1998,11,6,4.46,4.5
1998,11,13,4.52,4.57
1998,11,20,4.54,4.6
1998,11,27,4.59,4.64
1998,12,4,4.46,4.42
1998,12,11,4.49,4.43
1998,12,18,4.47,4.41
1998,12,25,4.63,4.64
1999,1,1,4.59,4.6
1999,1,8,4.55,4.63
1999,1,15,4.51,4.61
1999,1,22,4.49,4.62
1999,1,29,4.51,4.58
1999,2,5,4.61,4.75
1999,2,12,4.67,4.83
1999,2,19,4.71,4.95
1999,2,26,4.82,5.09
1999,3,5,4.89,5.25
1999,3,12,4.77,5.1
1999,3,19,4.74,5.03
1999,3,26,4.75,5.07
1999,4,2,4.72,5.06
1999,4,9,4.66,4.96
1999,4,16,4.67,5.01
1999,4,23,4.7,5.06
1999,4,30,4.73,5.1
1999,5,7,4.78,5.21
1999,5,14,4.79,5.27
1999,5,21,4.89,5.42
1999,5,28,4.93,5.43
1999,6,4,5.08,5.63
1999,6,11,5.12,5.7
1999,6,18,5.03,5.67
1999,6,25,5.14,5.77
1999,7,2,5.11,5.68
1999,7,9,5.06,5.7
1999,7,16,5.01,5.57
1999,7,23,4.98,5.55
1999,7,30,5.07,5.65
1999,8,6,5.13,5.73
1999,8,13,5.23,5.87
1999,8,20,5.2,5.75
1999,8,27,5.19,5.69
1999,9,3,5.29,5.8
1999,9,10,5.28,5.78
1999,9,17,5.26,5.76
1999,9,24,5.23,5.71
1999,10,1,5.24,5.73
1999,10,8,5.34,5.87
1999,10,15,5.42,5.92
1999,10,22,5.47,5.99
1999,10,29,5.51,6.01
1999,11,5,5.45,5.87
1999,11,12,5.5,5.83
1999,11,19,5.56,5.91
1999,11,26,5.65,6
1999,12,3,5.73,6.08
1999,12,10,5.69,6
1999,12,17,5.85,6.11
1999,12,24,5.97,6.26
1999,12,31,5.95,6.26
2000,1,7,6.03,6.39
2000,1,14,6.12,6.48
2000,1,21,6.13,6.53
2000,1,28,6.17,6.54
2000,2,4,6.24,6.63
2000,2,11,6.2,6.74
2000,2,18,6.23,6.71
2000,2,25,6.22,6.57
2000,3,3,6.18,6.55
2000,3,10,6.18,6.56
2000,3,17,6.2,6.5
2000,3,24,6.24,6.5
2000,3,31,6.3,6.53
2000,4,7,6.17,6.33
2000,4,14,6.14,6.29
2000,4,21,6.09,6.3
2000,4,28,6.19,6.49
2000,5,5,6.24,6.72
2000,5,12,6.38,6.82
2000,5,19,6.4,6.84
2000,5,26,6.28,6.72
2000,6,2,6.3,6.6
2000,6,9,6.23,6.47
2000,6,16,6.14,6.4
2000,6,23,6.15,6.42
2000,6,30,6.13,6.37
2000,7,7,6.08,6.25
2000,7,14,6.09,6.28
2000,7,21,6.11,6.34
2000,7,28,6.06,6.25
2000,8,4,6.09,6.18
2000,8,11,6.17,6.15
2000,8,18,6.21,6.24
2000,8,25,6.2,6.17
2000,9,1,6.23,6.13
2000,9,8,6.2,6.03
2000,9,15,6.14,6.03
2000,9,22,6.09,6.03
2000,9,29,6.08,5.97
2000,10,6,6.06,5.95
2000,10,13,5.98,5.85
2000,10,20,5.94,5.77
2000,10,27,6.01,5.8
2000,11,3,6.11,5.86
2000,11,10,6.14,5.9
2000,11,17,6.09,5.8
2000,11,24,6.09,5.75
2000,12,1,6,5.61
2000,12,8,5.78,5.41
2000,12,15,5.73,5.35
2000,12,22,5.44,5.12
2000,12,29,5.34,5.06
2001,1,5,4.89,4.77
2001,1,12,4.79,4.73
2001,1,19,4.85,4.81
2001,1,26,4.83,4.81
2001,2,2,4.66,4.7
2001,2,9,4.72,4.74
2001,2,16,4.8,4.81
2001,2,23,4.69,4.72
2001,3,2,4.47,4.51
2001,3,9,4.47,4.53
2001,3,16,4.31,4.43
2001,3,23,4.17,4.32
2001,3,30,4.19,4.41
2001,4,6,4,4.3
2001,4,13,4.07,4.41
2001,4,20,4.04,4.53
2001,4,27,3.82,4.43
2001,5,4,3.9,4.49
2001,5,11,3.76,4.38
2001,5,18,3.76,4.55
2001,5,25,3.78,4.58
2001,6,1,3.7,4.55
2001,6,8,3.64,4.42
2001,6,15,3.59,4.34
2001,6,22,3.46,4.23
2001,6,29,3.6,4.38
2001,7,6,3.7,4.47
2001,7,13,3.62,4.36
2001,7,20,3.6,4.3
2001,7,27,3.59,4.25
2001,8,3,3.56,4.14
2001,8,10,3.5,4.1
2001,8,17,3.44,4.03
2001,8,24,3.45,4.01
2001,8,31,3.44,3.94
2001,9,7,3.43,3.98
2001,9,14,2.95,3.44
2001,9,21,2.6,3.27
2001,9,28,2.49,3.22
2001,10,5,2.4,3.14
2001,10,12,2.39,3.22
2001,10,19,2.37,3.18
2001,10,26,2.31,3.15
2001,11,2,2.11,2.92
2001,11,9,1.99,2.81
2001,11,16,2.24,3.26
2001,11,23,2.35,3.51
2001,11,30,2.23,3.5
2001,12,7,2.21,3.51
2001,12,14,2.17,3.6
2001,12,21,2.23,3.68
2001,12,28,2.28,3.74
2002,1,4,2.24,3.69
2002,1,11,2.13,3.5
2002,1,18,2.03,3.38
2002,1,25,2.18,3.61
2002,2,1,2.25,3.65
2002,2,8,2.19,3.52
2002,2,15,2.24,3.56
2002,2,22,2.24,3.51
2002,3,1,2.28,3.61
2002,3,8,2.41,3.89
2002,3,15,2.58,4.16
2002,3,22,2.66,4.32
2002,3,29,2.7,4.31
2002,4,5,2.64,4.18
2002,4,12,2.53,4.05
2002,4,19,2.42,3.99
2002,4,26,2.36,3.88
2002,5,3,2.33,3.81
2002,5,10,2.31,3.76
2002,5,17,2.4,3.88
2002,5,24,2.38,3.81
2002,5,31,2.35,3.75
2002,6,7,2.32,3.67
2002,6,14,2.24,3.54
2002,6,21,2.13,3.38
2002,6,28,2.1,3.36
2002,7,5,2.06,3.31
2002,7,12,2,3.14
2002,7,19,1.97,3.05
2002,7,26,1.88,2.74
2002,8,2,1.82,2.68
2002,8,9,1.67,2.46
2002,8,16,1.76,2.51
2002,8,23,1.81,2.56
2002,8,30,1.8,2.56
2002,9,6,1.7,2.36
2002,9,13,1.78,2.45
2002,9,20,1.73,2.32
2002,9,27,1.68,2.22
2002,10,4,1.55,2.07
2002,10,11,1.59,2.09
2002,10,18,1.77,2.43
2002,10,25,1.79,2.5
2002,11,1,1.51,2.14
2002,11,8,1.46,2.21
2002,11,15,1.46,2.21
2002,11,22,1.51,2.39
2002,11,29,1.55,2.5
2002,12,6,1.53,2.44
2002,12,13,1.47,2.27
2002,12,20,1.43,2.23
2002,12,27,1.41,2.08
2003,1,3,1.38,2.09
2003,1,10,1.41,2.24
2003,1,17,1.38,2.21
2003,1,24,1.32,2.1
2003,1,31,1.32,2.16
2003,2,7,1.32,2.14
2003,2,14,1.3,2.06
2003,2,21,1.3,2.04
2003,2,28,1.27,1.96
2003,3,7,1.22,1.84
2003,3,14,1.16,1.85
2003,3,21,1.32,2.14
2003,3,28,1.27,2.08
2003,4,4,1.19,1.97
2003,4,11,1.25,2.05
2003,4,18,1.33,2.14
2003,4,25,1.31,2.1
2003,5,2,1.25,1.99
2003,5,9,1.23,1.86
2003,5,16,1.2,1.76
2003,5,23,1.13,1.65
2003,5,30,1.13,1.6
2003,6,6,1.08,1.53
2003,6,13,0.97,1.39
2003,6,20,0.95,1.52
2003,6,27,1.02,1.59
2003,7,4,1.07,1.67
2003,7,11,1.08,1.74
2003,7,18,1.1,1.9
2003,7,25,1.13,2.07
2003,8,1,1.22,2.27
2003,8,8,1.26,2.32
2003,8,15,1.29,2.41
2003,8,22,1.33,2.47
2003,8,29,1.35,2.55
2003,9,5,1.33,2.51
2003,9,12,1.22,2.25
2003,9,19,1.21,2.16
2003,9,26,1.22,2.15
2003,10,3,1.17,2.02
2003,10,10,1.2,2.17
2003,10,17,1.29,2.36
2003,10,24,1.3,2.36
2003,10,31,1.3,2.33
2003,11,7,1.35,2.49
2003,11,14,1.36,2.51
2003,11,21,1.3,2.35
2003,11,28,1.35,2.47
2003,12,5,1.37,2.58
2003,12,12,1.31,2.45
2003,12,19,1.27,2.38
2003,12,26,1.28,2.38
2004,1,2,1.29,2.4
2004,1,9,1.29,2.36
2004,1,16,1.19,2.16
2004,1,23,1.2,2.19
2004,1,30,1.25,2.32
2004,2,6,1.28,2.33
2004,2,13,1.24,2.25
2004,2,20,1.23,2.22
2004,2,27,1.22,2.18
2004,3,5,1.23,2.16
2004,3,12,1.16,1.94
2004,3,19,1.18,1.94
2004,3,26,1.17,1.93
2004,4,2,1.23,2.1
2004,4,9,1.32,2.37
2004,4,16,1.41,2.53
2004,4,23,1.5,2.67
2004,4,30,1.55,2.82
2004,5,7,1.63,2.96
2004,5,14,1.83,3.19
2004,5,21,1.83,3.14
2004,5,28,1.82,3.11
2004,6,4,1.92,3.19
2004,6,11,2.07,3.27
2004,6,18,2.22,3.32
2004,6,25,2.16,3.24
2004,7,2,2.14,3.16
2004,7,9,2.04,2.98
2004,7,16,2.07,2.99
2004,7,23,2.12,3.05
2004,7,30,2.16,3.16
2004,8,6,2.07,3
2004,8,13,1.99,2.89
2004,8,20,1.98,2.83
2004,8,27,2.03,2.86
2004,9,3,2.03,2.81
2004,9,10,2.1,2.86
2004,9,17,2.09,2.81
2004,9,24,2.14,2.81
2004,10,1,2.2,2.87
2004,10,8,2.24,2.95
2004,10,15,2.18,2.8
2004,10,22,2.22,2.81
2004,10,29,2.27,2.83
2004,11,5,2.35,2.91
2004,11,12,2.47,3.08
2004,11,19,2.53,3.12
2004,11,26,2.6,3.22
2004,12,3,2.62,3.27
2004,12,10,2.6,3.16
2004,12,17,2.66,3.18
2004,12,24,2.71,3.22
2004,12,31,2.77,3.27
2005,1,7,2.82,3.36
2005,1,14,2.85,3.39
2005,1,21,2.87,3.39
2005,1,28,2.89,3.41
2005,2,4,2.95,3.46
2005,2,11,2.96,3.44
2005,2,18,3.05,3.55
2005,2,25,3.13,3.65
2005,3,4,3.2,3.75
2005,3,11,3.24,3.85
2005,3,18,3.31,3.93
2005,3,25,3.38,4.03
2005,4,1,3.38,4.01
2005,4,8,3.33,3.9
2005,4,15,3.32,3.81
2005,4,22,3.28,3.7
2005,4,29,3.33,3.73
2005,5,6,3.33,3.72
2005,5,13,3.35,3.77
2005,5,20,3.32,3.72
2005,5,27,3.32,3.71
2005,6,3,3.28,3.6
2005,6,10,3.3,3.67
2005,6,17,3.39,3.77
2005,6,24,3.4,3.69
2005,7,1,3.46,3.69
2005,7,8,3.52,3.8
2005,7,15,3.59,3.89
2005,7,22,3.68,3.96
2005,7,29,3.77,4.02
2005,8,5,3.84,4.1
2005,8,12,3.9,4.16
2005,8,19,3.89,4.07
2005,8,26,3.88,4.04
2005,9,2,3.77,3.9
2005,9,9,3.76,3.88
2005,9,16,3.82,3.93
2005,9,23,3.88,3.98
2005,9,30,3.97,4.11
2005,10,7,4.08,4.21
2005,10,14,4.14,4.27
2005,10,21,4.19,4.28
2005,10,28,4.26,4.37
2005,11,4,4.32,4.46
2005,11,11,4.35,4.5
2005,11,18,4.36,4.45
2005,11,25,4.3,4.35
2005,12,2,4.34,4.4
2005,12,9,4.35,4.42
2005,12,16,4.34,4.39
2005,12,23,4.37,4.39
2005,12,30,4.36,4.34
2006,1,6,4.37,4.3
2006,1,13,4.41,4.34
2006,1,20,4.43,4.3
2006,1,27,4.5,4.39
2006,2,3,4.6,4.52
2006,2,10,4.67,4.61
2006,2,17,4.7,4.67
2006,2,24,4.72,4.69
2006,3,3,4.74,4.71
2006,3,10,4.77,4.78
2006,3,17,4.76,4.7
2006,3,24,4.77,4.69
2006,3,31,4.82,4.79
2006,4,7,4.85,4.84
2006,4,14,4.91,4.9
2006,4,21,4.9,4.88
2006,4,28,4.94,4.92
2006,5,5,4.98,4.96
2006,5,12,5.01,5
2006,5,19,4.98,4.97
2006,5,26,4.99,4.95
2006,6,2,5.03,4.99
2006,6,9,5.04,4.97
2006,6,16,5.13,5.04
2006,6,23,5.24,5.18
2006,6,30,5.27,5.21
2006,7,7,5.27,5.16
2006,7,14,5.24,5.1
2006,7,21,5.22,5.06
2006,7,28,5.17,5.01
2006,8,4,5.1,4.9
2006,8,11,5.09,4.89
2006,8,18,5.1,4.88
2006,8,25,5.07,4.8
2006,9,1,5.03,4.75
2006,9,8,5.02,4.75
2006,9,15,5.02,4.76
2006,9,22,4.97,4.69
2006,9,29,4.9,4.59
2006,10,6,4.9,4.59
2006,10,13,5.03,4.78
2006,10,20,5.05,4.78
2006,10,27,5.07,4.78
2006,11,3,5,4.64
2006,11,10,5.03,4.67
2006,11,17,5.03,4.68
2006,11,24,5.01,4.64
2006,12,1,4.95,4.54
2006,12,8,4.9,4.48
2006,12,15,4.95,4.58
2006,12,22,4.96,4.61
2006,12,29,4.99,4.7
2007,1,5,4.98,4.68
2007,1,12,5.03,4.74
2007,1,19,5.08,4.81
2007,1,26,5.1,4.87
2007,2,2,5.1,4.89
2007,2,9,5.07,4.8
2007,2,16,5.07,4.78
2007,2,23,5.05,4.73
2007,3,2,4.96,4.55
2007,3,9,4.92,4.51
2007,3,16,4.93,4.5
2007,3,23,4.93,4.51
2007,3,30,4.9,4.51
2007,4,6,4.94,4.58
2007,4,13,4.97,4.67
2007,4,20,4.93,4.6
2007,4,27,4.9,4.57
2007,5,4,4.9,4.58
2007,5,11,4.89,4.6
2007,5,18,4.86,4.69
2007,5,25,4.95,4.78
2007,6,1,4.96,4.88
2007,6,8,4.98,4.98
2007,6,15,4.98,5.09
2007,6,22,4.95,5
2007,6,29,4.94,4.93
2007,7,6,4.99,4.95
2007,7,13,5,4.94
2007,7,20,4.99,4.87
2007,7,27,4.91,4.68
2007,8,3,4.83,4.53
2007,8,10,4.78,4.53
2007,8,17,4.44,4.32
2007,8,24,4.16,4.21
2007,8,31,4.3,4.18
2007,9,7,4.27,4.06
2007,9,14,4.15,4.01
2007,9,21,4.11,4.11
2007,9,28,4.05,4.07
2007,10,5,4.12,4.07
2007,10,12,4.24,4.22
2007,10,19,4.14,4.06
2007,10,26,3.97,3.82
2007,11,2,3.93,3.82
2007,11,9,3.72,3.59
2007,11,16,3.58,3.43
2007,11,23,3.3,3.11
2007,11,30,3.25,3.08
2007,12,7,3.17,2.99
2007,12,14,3.2,3.17
2007,12,21,3.28,3.17
2007,12,28,3.42,3.23
2008,1,4,3.18,2.89
2008,1,11,3.04,2.71
2008,1,18,2.83,2.51
2008,1,25,2.31,2.21
2008,2,1,2.23,2.31
2008,2,8,2.08,2.15
2008,2,15,2.04,2.13
2008,2,22,2.1,2.3
2008,2,29,1.98,2.19
2008,3,7,1.66,1.83
2008,3,14,1.52,1.78
2008,3,21,1.35,1.66
2008,3,28,1.6,1.89
2008,4,4,1.63,1.97
2008,4,11,1.63,2.01
2008,4,18,1.67,2.18
2008,4,25,1.88,2.5
2008,5,2,1.93,2.56
2008,5,9,1.94,2.55
2008,5,16,2.07,2.69
2008,5,23,2.09,2.7
2008,5,30,2.19,2.91
2008,6,6,2.14,2.78
2008,6,13,2.51,3.22
2008,6,20,2.57,3.24
2008,6,27,2.46,3.08
2008,7,4,2.35,2.88
2008,7,11,2.25,2.77
2008,7,18,2.21,2.82
2008,7,25,2.33,3.01
2008,8,1,2.3,2.88
2008,8,8,2.23,2.8
2008,8,15,2.18,2.75
2008,8,22,2.12,2.62
2008,8,29,2.17,2.61
2008,9,5,2.08,2.46
2008,9,12,2.05,2.43
2008,9,19,1.69,2.1
2008,9,26,1.95,2.37
2008,10,3,1.59,2.03
2008,10,10,1.24,1.81
2008,10,17,1.25,1.94
2008,10,24,1.66,1.84
2008,10,31,1.44,1.82
2008,11,7,1.24,1.65
2008,11,14,1.12,1.63
2008,11,21,0.96,1.38
2008,11,28,0.93,1.4
2008,12,5,0.69,1.11
2008,12,12,0.5,1.16
2008,12,19,0.45,0.96
2008,12,26,0.4,1.12
2009,1,2,0.37,1.01
2009,1,9,0.44,1.12
2009,1,16,0.43,1.05
2009,1,23,0.43,1.11
2009,1,30,0.49,1.25
2009,2,6,0.54,1.38
2009,2,13,0.6,1.36
2009,2,20,0.64,1.31
2009,2,27,0.72,1.42
2009,3,6,0.68,1.33
2009,3,13,0.7,1.41
2009,3,20,0.64,1.28
2009,3,27,0.59,1.28
2009,4,3,0.58,1.22
2009,4,10,0.6,1.35
